Time,x, y
2023-10-08 06:24:00,2023-10-08 06:24:53,9.99893
2023-10-08 06:25:00,,10.5989484
2023-10-08 06:26:00,,11.198966799999999
2023-10-08 06:27:00,,11.798985199999999
2023-10-08 06:28:00,,12.3990036
2023-10-08 06:29:00,,12.999022
2023-10-08 06:30:00,,13.5990404
2023-10-08 06:31:00,,14.1990588
2023-10-08 06:32:00,,14.7990772
2023-10-08 06:33:00,,15.399095599999999
2023-10-08 06:34:00,,15.999113999999999
2023-10-08 06:35:00,,16.5991324
2023-10-08 06:36:00,,17.199150799999998
2023-10-08 06:37:00,,17.799169199999998
2023-10-08 06:38:00,,18.399187599999998
2023-10-08 06:39:00,,18.999206
2023-10-08 06:40:00,,19.599224399999997
2023-10-08 06:41:00,,20.1992428
2023-10-08 06:42:00,,20.799261199999997
2023-10-08 06:43:00,,21.3992796
2023-10-08 06:44:00,,21.999297999999996
2023-10-08 06:45:00,,22.5993164
2023-10-08 06:46:00,,23.1993348
2023-10-08 06:47:00,,23.7993532
2023-10-08 06:48:00,,24.3993716
2023-10-08 06:49:00,2023-10-08 06:49:46,24.99939
2023-10-08 06:50:00,,25.599408399999998
2023-10-08 06:51:00,,26.199426799999998
2023-10-08 06:52:00,,26.799445199999997
2023-10-08 06:53:00,,27.399463599999997
2023-10-08 06:54:00,,27.999482
2023-10-08 06:55:00,,28.5995004
2023-10-08 06:56:00,,29.1995188
2023-10-08 06:57:00,,29.7995372
2023-10-08 06:58:00,,30.3995556
2023-10-08 06:59:00,,30.999574
2023-10-08 07:00:00,,31.5995924
2023-10-08 07:01:00,,32.1996108
2023-10-08 07:02:00,,32.7996292
2023-10-08 07:03:00,,33.3996476
2023-10-08 07:04:00,,33.999666000000005
2023-10-08 07:05:00,,34.5996844
2023-10-08 07:06:00,,35.1997028
2023-10-08 07:07:00,,35.7997212
2023-10-08 07:08:00,,36.399739600000004
2023-10-08 07:09:00,,36.999758
2023-10-08 07:10:00,,37.5997764
2023-10-08 07:11:00,,38.19979480000001
2023-10-08 07:12:00,,38.7998132
2023-10-08 07:13:00,,39.3998316
2023-10-08 07:14:00,2023-10-08 07:14:39,39.99985
2023-10-08 07:15:00,,41.15367846153846
2023-10-08 07:16:00,,42.30750692307693
2023-10-08 07:17:00,,43.46133538461539
2023-10-08 07:18:00,,44.61516384615385
2023-10-08 07:19:00,,45.76899230769231
2023-10-08 07:20:00,,46.922820769230775
2023-10-08 07:21:00,,48.076649230769235
2023-10-08 07:22:00,,49.230477692307694
2023-10-08 07:23:00,,50.384306153846154
2023-10-08 07:24:00,,51.53813461538462
2023-10-08 07:25:00,,52.69196307692308
2023-10-08 07:26:00,,53.84579153846154
2023-10-08 07:27:00,,54.99962000000001
2023-10-08 07:28:00,,56.15344846153847
2023-10-08 07:29:00,,57.30727692307693
2023-10-08 07:30:00,,58.461105384615394
2023-10-08 07:31:00,,59.61493384615385
2023-10-08 07:32:00,,60.76876230769231
2023-10-08 07:33:00,,61.92259076923078
2023-10-08 07:34:00,,63.07641923076923
2023-10-08 07:35:00,,64.2302476923077
2023-10-08 07:36:00,,65.38407615384617
2023-10-08 07:37:00,,66.53790461538462
2023-10-08 07:38:00,,67.69173307692309
2023-10-08 07:39:00,,68.84556153846154
2023-10-08 07:40:00,2023-10-08 07:40:55,69.99939
2023-10-08 07:41:00,,90.76862153846155
2023-10-08 07:42:00,,111.53785307692308
2023-10-08 07:43:00,,132.3070846153846
2023-10-08 07:44:00,,153.07631615384616
2023-10-08 07:45:00,,173.8455476923077
2023-10-08 07:46:00,,194.61477923076922
2023-10-08 07:47:00,,215.38401076923077
2023-10-08 07:48:00,,236.1532423076923
2023-10-08 07:49:00,,256.9224738461538
2023-10-08 07:50:00,,277.6917053846154
2023-10-08 07:51:00,,298.46093692307693
2023-10-08 07:52:00,,319.2301684615384
2023-10-08 07:53:00,2023-10-08 07:53:21,339.9994
2023-10-08 07:54:00,,361.24936249999996
2023-10-08 07:55:00,,382.499325
2023-10-08 07:56:00,,403.7492875
2023-10-08 07:57:00,,424.99925
2023-10-08 07:58:00,,446.2492125
2023-10-08 07:59:00,,467.49917500000004
2023-10-08 08:00:00,,488.7491375
2023-10-08 08:01:00,,509.9991
2023-10-08 08:02:00,,531.2490625
2023-10-08 08:03:00,,552.4990250000001
2023-10-08 08:04:00,,573.7489875000001
2023-10-08 08:05:00,2023-10-08 08:05:48,594.99895
2023-10-08 08:06:00,,622.499105
2023-10-08 08:07:00,,649.99926
2023-10-08 08:08:00,,677.499415
2023-10-08 08:09:00,,704.99957
2023-10-08 08:10:00,,732.499725
2023-10-08 08:11:00,2023-10-08 08:11:20,759.99988
2023-10-08 08:12:00,,787.8568928571428
2023-10-08 08:13:00,,815.7139057142857
2023-10-08 08:14:00,,843.5709185714286
2023-10-08 08:15:00,,871.4279314285714
2023-10-08 08:16:00,,899.2849442857142
2023-10-08 08:17:00,,927.1419571428571
2023-10-08 08:18:00,2023-10-08 08:18:14,954.99897
2023-10-08 08:19:00,,1017.998972
2023-10-08 08:20:00,,1080.998974
2023-10-08 08:21:00,,1143.998976
2023-10-08 08:22:00,,1206.998978
2023-10-08 08:23:00,2023-10-08 08:23:46,1269.99898
2023-10-08 08:24:00,,1352.49944
2023-10-08 08:25:00,2023-10-08 08:25:09,1434.9999
2023-10-08 08:26:00,,1444.9998393333333
2023-10-08 08:27:00,,1454.9997786666668
2023-10-08 08:28:00,,1464.999718
2023-10-08 08:29:00,,1474.9996573333333
2023-10-08 08:30:00,,1484.9995966666668
2023-10-08 08:31:00,,1494.999536
2023-10-08 08:32:00,,1504.9994753333333
2023-10-08 08:33:00,,1514.9994146666668
2023-10-08 08:34:00,,1524.999354
2023-10-08 08:35:00,,1534.9992933333333
2023-10-08 08:36:00,,1544.9992326666668
2023-10-08 08:37:00,,1554.999172
2023-10-08 08:38:00,,1564.9991113333333
2023-10-08 08:39:00,,1574.9990506666668
2023-10-08 08:40:00,2023-10-08 08:40:22,1584.99899
2023-10-08 08:41:00,,1652.4989925
2023-10-08 08:42:00,,1719.998995
2023-10-08 08:43:00,,1787.4989975
2023-10-08 08:44:00,2023-10-08 08:44:30,1854.999
2023-10-08 08:45:00,,1890.6240587500001
2023-10-08 08:46:00,,1926.2491175
2023-10-08 08:47:00,,1961.8741762500001
2023-10-08 08:48:00,,1997.4992350000002
2023-10-08 08:49:00,,2033.12429375
2023-10-08 08:50:00,,2068.7493525
2023-10-08 08:51:00,,2104.3744112500003
2023-10-08 08:52:00,2023-10-08 08:52:48,2139.99947
2023-10-08 08:53:00,,2169.999405714286
2023-10-08 08:54:00,,2199.999341428572
2023-10-08 08:55:00,,2229.9992771428574
2023-10-08 08:56:00,,2259.999212857143
2023-10-08 08:57:00,,2289.9991485714286
2023-10-08 08:58:00,,2319.9990842857146
2023-10-08 08:59:00,2023-10-08 08:59:43,2349.99902
2023-10-08 09:00:00,,2345.49902
2023-10-08 09:01:00,,2340.99902
2023-10-08 09:02:00,,2336.49902
2023-10-08 09:03:00,,2331.99902
2023-10-08 09:04:00,,2327.49902
2023-10-08 09:05:00,,2322.99902
2023-10-08 09:06:00,,2318.49902
2023-10-08 09:07:00,,2313.99902
2023-10-08 09:08:00,,2309.49902
2023-10-08 09:09:00,,2304.99902
2023-10-08 09:10:00,,2300.49902
2023-10-08 09:11:00,,2295.99902
2023-10-08 09:12:00,,2291.49902
2023-10-08 09:13:00,,2286.99902
2023-10-08 09:14:00,,2282.49902
2023-10-08 09:15:00,,2277.99902
2023-10-08 09:16:00,,2273.49902
2023-10-08 09:17:00,,2268.99902
2023-10-08 09:18:00,,2264.49902
2023-10-08 09:19:00,2023-10-08 09:19:04,2259.99902
2023-10-08 09:20:00,,2277.726334545455
2023-10-08 09:21:00,,2295.453649090909
2023-10-08 09:22:00,,2313.1809636363637
2023-10-08 09:23:00,,2330.9082781818183
2023-10-08 09:24:00,,2348.635592727273
2023-10-08 09:25:00,,2366.362907272727
2023-10-08 09:26:00,,2384.090221818182
2023-10-08 09:27:00,,2401.8175363636365
2023-10-08 09:28:00,,2419.544850909091
2023-10-08 09:29:00,,2437.2721654545453
2023-10-08 09:30:00,2023-10-08 09:30:08,2454.99948
2023-10-08 09:31:00,,2481.6661988888886
2023-10-08 09:32:00,,2508.3329177777778
2023-10-08 09:33:00,,2534.9996366666664
2023-10-08 09:34:00,,2561.6663555555556
2023-10-08 09:35:00,,2588.3330744444443
2023-10-08 09:36:00,,2614.9997933333334
2023-10-08 09:37:00,,2641.666512222222
2023-10-08 09:38:00,,2668.333231111111
2023-10-08 09:39:00,2023-10-08 09:39:48,2694.99995
2023-10-08 09:40:00,,2706.6665155555556
2023-10-08 09:41:00,,2718.333081111111
2023-10-08 09:42:00,,2729.9996466666666
2023-10-08 09:43:00,,2741.6662122222224
2023-10-08 09:44:00,,2753.3327777777777
2023-10-08 09:45:00,,2764.9993433333334
2023-10-08 09:46:00,,2776.665908888889
2023-10-08 09:47:00,,2788.3324744444444
2023-10-08 09:48:00,2023-10-08 09:48:06,2799.99904
2023-10-08 09:49:00,,2816.87404
2023-10-08 09:50:00,,2833.74904
2023-10-08 09:51:00,,2850.62404
2023-10-08 09:52:00,,2867.49904
2023-10-08 09:53:00,,2884.37404
2023-10-08 09:54:00,,2901.24904
2023-10-08 09:55:00,,2918.12404
2023-10-08 09:56:00,2023-10-08 09:56:24,2934.99904
2023-10-08 09:57:00,,2961.24915625
2023-10-08 09:58:00,,2987.4992725
2023-10-08 09:59:00,,3013.74938875
2023-10-08 10:00:00,,3039.9995049999998
2023-10-08 10:01:00,,3066.24962125
2023-10-08 10:02:00,,3092.4997375
2023-10-08 10:03:00,,3118.74985375
2023-10-08 10:04:00,2023-10-08 10:04:42,3144.99997
2023-10-08 10:05:00,,3179.499925
2023-10-08 10:06:00,,3213.99988
2023-10-08 10:07:00,,3248.4998349999996
2023-10-08 10:08:00,,3282.99979
2023-10-08 10:09:00,,3317.499745
2023-10-08 10:10:00,,3351.9997
2023-10-08 10:11:00,,3386.4996549999996
2023-10-08 10:12:00,,3420.99961
2023-10-08 10:13:00,,3455.499565
2023-10-08 10:14:00,2023-10-08 10:14:22,3489.99952
2023-10-08 10:15:00,,3433.7495175
2023-10-08 10:16:00,,3377.499515
2023-10-08 10:17:00,,3321.2495125
2023-10-08 10:18:00,2023-10-08 10:18:31,3264.99951
2023-10-08 10:19:00,,3292.272197272727
2023-10-08 10:20:00,,3319.544884545455
2023-10-08 10:21:00,,3346.817571818182
2023-10-08 10:22:00,,3374.090259090909
2023-10-08 10:23:00,,3401.362946363636
2023-10-08 10:24:00,,3428.6356336363638
2023-10-08 10:25:00,,3455.908320909091
2023-10-08 10:26:00,,3483.181008181818
2023-10-08 10:27:00,,3510.453695454545
2023-10-08 10:28:00,,3537.7263827272727
2023-10-08 10:29:00,2023-10-08 10:29:35,3564.99907
2023-10-08 10:30:00,,3566.9991306666666
2023-10-08 10:31:00,,3568.9991913333333
2023-10-08 10:32:00,,3570.999252
2023-10-08 10:33:00,,3572.9993126666664
2023-10-08 10:34:00,,3574.999373333333
2023-10-08 10:35:00,,3576.999434
2023-10-08 10:36:00,,3578.9994946666666
2023-10-08 10:37:00,,3580.9995553333333
2023-10-08 10:38:00,,3582.999616
2023-10-08 10:39:00,,3584.999676666667
2023-10-08 10:40:00,,3586.9997373333335
2023-10-08 10:41:00,,3588.999798
2023-10-08 10:42:00,,3590.9998586666666
2023-10-08 10:43:00,,3592.9999193333333
2023-10-08 10:44:00,2023-10-08 10:44:47,3594.99998
2023-10-08 10:45:00,,3602.499935
2023-10-08 10:46:00,,3609.99989
2023-10-08 10:47:00,,3617.4998450000003
2023-10-08 10:48:00,,3624.9998
2023-10-08 10:49:00,,3632.499755
2023-10-08 10:50:00,,3639.99971
2023-10-08 10:51:00,,3647.4996650000003
2023-10-08 10:52:00,,3654.99962
2023-10-08 10:53:00,,3662.499575
2023-10-08 10:54:00,2023-10-08 10:54:28,3669.99953
2023-10-08 10:55:00,,3677.499562857143
2023-10-08 10:56:00,,3684.9995957142855
2023-10-08 10:57:00,,3692.4996285714287
2023-10-08 10:58:00,,3699.9996614285715
2023-10-08 10:59:00,,3707.499694285714
2023-10-08 11:00:00,,3714.999727142857
2023-10-08 11:01:00,,3722.4997599999997
2023-10-08 11:02:00,,3729.999792857143
2023-10-08 11:03:00,,3737.4998257142856
2023-10-08 11:04:00,,3744.9998585714284
2023-10-08 11:05:00,,3752.499891428571
2023-10-08 11:06:00,,3759.9999242857143
2023-10-08 11:07:00,,3767.499957142857
2023-10-08 11:08:00,2023-10-08 11:08:17,3774.99999
2023-10-08 11:09:00,,3735.62498875
2023-10-08 11:10:00,,3696.2499875
2023-10-08 11:11:00,,3656.87498625
2023-10-08 11:12:00,,3617.499985
2023-10-08 11:13:00,,3578.12498375
2023-10-08 11:14:00,,3538.7499825
2023-10-08 11:15:00,,3499.37498125
2023-10-08 11:16:00,2023-10-08 11:16:35,3459.99998
2023-10-08 11:17:00,,3414.9999783333333
2023-10-08 11:18:00,,3369.9999766666665
2023-10-08 11:19:00,,3324.9999749999997
2023-10-08 11:20:00,,3279.9999733333334
2023-10-08 11:21:00,,3234.9999716666666
2023-10-08 11:22:00,2023-10-08 11:22:07,3189.99997
2023-10-08 11:23:00,,3093.571394285714
2023-10-08 11:24:00,,2997.1428185714285
2023-10-08 11:25:00,,2900.714242857143
2023-10-08 11:26:00,,2804.285667142857
2023-10-08 11:27:00,,2707.8570914285715
2023-10-08 11:28:00,,2611.428515714286
2023-10-08 11:29:00,2023-10-08 11:29:01,2514.99994
2023-10-08 11:30:00,,2353.74982
2023-10-08 11:31:00,,2192.4997000000003
2023-10-08 11:32:00,,2031.2495800000002
2023-10-08 11:33:00,2023-10-08 11:33:10,1869.99946
2023-10-08 11:34:00,,1866.24943125
2023-10-08 11:35:00,,1862.4994025
2023-10-08 11:36:00,,1858.74937375
2023-10-08 11:37:00,,1854.999345
2023-10-08 11:38:00,,1851.24931625
2023-10-08 11:39:00,,1847.4992875
2023-10-08 11:40:00,,1843.74925875
2023-10-08 11:41:00,,1839.99923
2023-10-08 11:42:00,,1836.24920125
2023-10-08 11:43:00,,1832.4991725
2023-10-08 11:44:00,,1828.74914375
2023-10-08 11:45:00,,1824.999115
2023-10-08 11:46:00,,1821.2490862500001
2023-10-08 11:47:00,,1817.4990575
2023-10-08 11:48:00,,1813.74902875
2023-10-08 11:49:00,2023-10-08 11:49:46,1809.999
2023-10-08 11:50:00,,1854.9990025
2023-10-08 11:51:00,,1899.9990050000001
2023-10-08 11:52:00,,1944.9990075
2023-10-08 11:53:00,2023-10-08 11:53:55,1989.99901
2023-10-08 11:54:00,,2094.9990133333336
2023-10-08 11:55:00,,2199.9990166666666
2023-10-08 11:56:00,2023-10-08 11:56:40,2304.99902
2023-10-08 11:57:00,,2409.9994800000004
2023-10-08 11:58:00,2023-10-08 11:58:03,2514.99994
2023-10-08 11:59:00,,2569.9997900000003
2023-10-08 12:00:00,,2624.99964
2023-10-08 12:01:00,,2679.99949
2023-10-08 12:02:00,,2734.9993400000003
2023-10-08 12:03:00,,2789.99919
2023-10-08 12:04:00,2023-10-08 12:04:58,2844.99904
2023-10-08 12:05:00,,2964.999275
2023-10-08 12:06:00,2023-10-08 12:06:21,3084.99951
2023-10-08 12:07:00,,3148.7493975
2023-10-08 12:08:00,,3212.499285
2023-10-08 12:09:00,,3276.2491725
2023-10-08 12:10:00,2023-10-08 12:10:30,3339.99906
2023-10-08 12:11:00,,3459.9992925
2023-10-08 12:12:00,,3579.999525
2023-10-08 12:13:00,,3699.9997574999998
2023-10-08 12:14:00,2023-10-08 12:14:39,3819.99999
2023-10-08 12:15:00,,4104.999775
2023-10-08 12:16:00,2023-10-08 12:16:02,4389.99956
2023-10-08 12:17:00,,4487.49979
2023-10-08 12:18:00,2023-10-08 12:18:48,4585.00002
2023-10-08 12:19:00,,4596.666585555556
2023-10-08 12:20:00,,4608.333151111111
2023-10-08 12:21:00,,4619.999716666667
2023-10-08 12:22:00,,4631.666282222222
2023-10-08 12:23:00,,4643.332847777778
2023-10-08 12:24:00,,4654.999413333333
2023-10-08 12:25:00,,4666.665978888889
2023-10-08 12:26:00,,4678.3325444444445
2023-10-08 12:27:00,2023-10-08 12:27:05,4689.99911
2023-10-08 12:28:00,,4695.453697272727
2023-10-08 12:29:00,,4700.908284545454
2023-10-08 12:30:00,,4706.362871818182
2023-10-08 12:31:00,,4711.817459090909
2023-10-08 12:32:00,,4717.272046363636
2023-10-08 12:33:00,,4722.726633636364
2023-10-08 12:34:00,,4728.18122090909
2023-10-08 12:35:00,,4733.635808181818
2023-10-08 12:36:00,,4739.090395454546
2023-10-08 12:37:00,,4744.544982727272
2023-10-08 12:38:00,2023-10-08 12:38:09,4749.99957
2023-10-08 12:39:00,,4877.499345
2023-10-08 12:40:00,2023-10-08 12:40:55,5004.99912
2023-10-08 12:41:00,,5133.999218
2023-10-08 12:42:00,,5262.999316
2023-10-08 12:43:00,,5391.999414
2023-10-08 12:44:00,,5520.999512
2023-10-08 12:45:00,2023-10-08 12:45:04,5649.99961
2023-10-08 12:46:00,2023-10-08 12:46:27,5829.99961
2023-10-08 12:47:00,,5934.999613333333
2023-10-08 12:48:00,,6039.999616666666
2023-10-08 12:49:00,2023-10-08 12:49:12,6144.99962
2023-10-08 12:50:00,,6253.74951
2023-10-08 12:51:00,,6362.4994
2023-10-08 12:52:00,,6471.24929
2023-10-08 12:53:00,2023-10-08 12:53:21,6579.99918
2023-10-08 12:54:00,,6718.7492999999995
2023-10-08 12:55:00,,6857.49942
2023-10-08 12:56:00,,6996.249540000001
2023-10-08 12:57:00,2023-10-08 12:57:30,7134.99966
2023-10-08 12:58:00,2023-10-08 12:58:53,7809.99969
2023-10-08 12:59:00,,7869.99946
2023-10-08 13:00:00,2023-10-08 13:00:16,7929.99923
2023-10-08 13:01:00,,7910.262435789474
2023-10-08 13:02:00,,7890.525641578948
2023-10-08 13:03:00,,7870.788847368422
2023-10-08 13:04:00,,7851.052053157895
2023-10-08 13:05:00,,7831.315258947368
2023-10-08 13:06:00,,7811.578464736843
2023-10-08 13:07:00,,7791.841670526316
2023-10-08 13:08:00,,7772.10487631579
2023-10-08 13:09:00,,7752.368082105263
2023-10-08 13:10:00,,7732.631287894737
2023-10-08 13:11:00,,7712.894493684211
2023-10-08 13:12:00,,7693.157699473684
2023-10-08 13:13:00,,7673.420905263158
2023-10-08 13:14:00,,7653.684111052632
2023-10-08 13:15:00,,7633.9473168421055
2023-10-08 13:16:00,,7614.210522631579
2023-10-08 13:17:00,,7594.473728421052
2023-10-08 13:18:00,,7574.736934210527
2023-10-08 13:19:00,2023-10-08 13:19:37,7555.00014
2023-10-08 13:20:00,,7877.49969
2023-10-08 13:21:00,2023-10-08 13:21:00,8199.99924
2023-10-08 13:22:00,2023-10-08 13:22:23,7915.00015
2023-10-08 13:23:00,2023-10-08 13:23:46,8034.9997
2023-10-08 13:24:00,,7742.499685000001
2023-10-08 13:25:00,2023-10-08 13:25:09,7449.99967
2023-10-08 13:26:00,,7052.499885
2023-10-08 13:27:00,2023-10-08 13:27:55,6655.0001
2023-10-08 13:28:00,,6535.000096666667
2023-10-08 13:29:00,,6415.000093333333
2023-10-08 13:30:00,2023-10-08 13:30:41,6295.00009
2023-10-08 13:31:00,,6115.00008
2023-10-08 13:32:00,2023-10-08 13:32:04,5935.00007
2023-10-08 13:33:00,2023-10-08 13:33:27,6489.99918
2023-10-08 13:34:00,2023-10-08 13:34:50,4945.00004
2023-10-08 13:35:00,,4547.499565
2023-10-08 13:36:00,2023-10-08 13:36:13,4149.99909
2023-10-08 13:37:00,2023-10-08 13:37:36,3594.99998
2023-10-08 13:38:00,,3719.99968
2023-10-08 13:39:00,,3844.99938
2023-10-08 13:40:00,2023-10-08 13:40:22,3969.99908
2023-10-08 13:41:00,,3770.7133585714287
2023-10-08 13:42:00,,3571.4276371428573
2023-10-08 13:43:00,,3372.1419157142855
2023-10-08 13:44:00,,3172.856194285714
2023-10-08 13:45:00,,2973.5704728571427
2023-10-08 13:46:00,,2774.2847514285713
2023-10-08 13:47:00,2023-10-08 13:47:16,2574.99903
2023-10-08 13:48:00,,2565.9990293333335
2023-10-08 13:49:00,,2556.9990286666666
2023-10-08 13:50:00,,2547.999028
2023-10-08 13:51:00,,2538.9990273333333
2023-10-08 13:52:00,,2529.999026666667
2023-10-08 13:53:00,,2520.999026
2023-10-08 13:54:00,,2511.9990253333335
2023-10-08 13:55:00,,2502.9990246666666
2023-10-08 13:56:00,,2493.999024
2023-10-08 13:57:00,,2484.9990233333333
2023-10-08 13:58:00,,2475.999022666667
2023-10-08 13:59:00,,2466.999022
2023-10-08 14:00:00,,2457.9990213333335
2023-10-08 14:01:00,,2448.999020666667
2023-10-08 14:02:00,2023-10-08 14:02:29,2439.99902
2023-10-08 14:03:00,,2391.2492475
2023-10-08 14:04:00,,2342.499475
2023-10-08 14:05:00,,2293.7497025000002
2023-10-08 14:06:00,2023-10-08 14:06:38,2244.99993
2023-10-08 14:07:00,,2154.99993
2023-10-08 14:08:00,2023-10-08 14:08:01,2064.99993
2023-10-08 14:09:00,2023-10-08 14:09:24,1734.99946
2023-10-08 14:10:00,,1779.99946
2023-10-08 14:11:00,,1824.99946
2023-10-08 14:12:00,2023-10-08 14:12:09,1869.99946
2023-10-08 14:13:00,,1787.4993425
2023-10-08 14:14:00,,1704.999225
2023-10-08 14:15:00,,1622.4991075
2023-10-08 14:16:00,2023-10-08 14:16:18,1539.99899
2023-10-08 14:17:00,,1457.499215
2023-10-08 14:18:00,,1374.99944
2023-10-08 14:19:00,,1292.499665
2023-10-08 14:20:00,2023-10-08 14:20:27,1209.99989
2023-10-08 14:21:00,,1158.999706
2023-10-08 14:22:00,,1107.999522
2023-10-08 14:23:00,,1056.999338
2023-10-08 14:24:00,,1005.999154
2023-10-08 14:25:00,2023-10-08 14:25:59,954.99897
2023-10-08 14:26:00,,857.499425
2023-10-08 14:27:00,2023-10-08 14:27:22,759.99988
2023-10-08 14:28:00,,754.374879375
2023-10-08 14:29:00,,748.74987875
2023-10-08 14:30:00,,743.124878125
2023-10-08 14:31:00,,737.4998774999999
2023-10-08 14:32:00,,731.8748768749999
2023-10-08 14:33:00,,726.2498762499999
2023-10-08 14:34:00,,720.624875625
2023-10-08 14:35:00,,714.999875
2023-10-08 14:36:00,,709.374874375
2023-10-08 14:37:00,,703.74987375
2023-10-08 14:38:00,,698.124873125
2023-10-08 14:39:00,,692.4998725
2023-10-08 14:40:00,,686.8748718749999
2023-10-08 14:41:00,,681.24987125
2023-10-08 14:42:00,,675.624870625
2023-10-08 14:43:00,2023-10-08 14:43:57,669.99987
2023-10-08 14:44:00,,844.9997266666667
2023-10-08 14:45:00,,1019.9995833333334
2023-10-08 14:46:00,2023-10-08 14:46:43,1194.99944
2023-10-08 14:47:00,,1307.49944
2023-10-08 14:48:00,2023-10-08 14:48:06,1419.99944
2023-10-08 14:49:00,2023-10-08 14:49:29,879.99942
2023-10-08 14:50:00,2023-10-08 14:50:52,1719.999
2023-10-08 14:51:00,,1902.999098
2023-10-08 14:52:00,,2085.999196
2023-10-08 14:53:00,,2268.999294
2023-10-08 14:54:00,,2451.999392
2023-10-08 14:55:00,2023-10-08 14:55:01,2634.99949
2023-10-08 14:56:00,2023-10-08 14:56:24,1119.99989
2023-10-08 14:57:00,2023-10-08 14:57:47,5319.99913
2023-10-08 14:58:00,,5162.499125
2023-10-08 14:59:00,2023-10-08 14:59:10,5004.99912
2023-10-08 15:00:00,2023-10-08 15:00:33,2994.9995
2023-10-08 15:01:00,2023-10-08 15:01:56,6129.99917
2023-10-08 15:02:00,,4809.999345
2023-10-08 15:03:00,2023-10-08 15:03:19,3489.99952
2023-10-08 15:04:00,2023-10-08 15:04:42,5964.99962
2023-10-08 15:05:00,,6257.49963
2023-10-08 15:06:00,2023-10-08 15:06:04,6549.99964
2023-10-08 15:07:00,2023-10-08 15:07:27,7015.00012
2023-10-08 15:08:00,2023-10-08 15:08:50,5679.99915
2023-10-08 15:09:00,,6002.49939
2023-10-08 15:10:00,2023-10-08 15:10:13,6324.99963
2023-10-08 15:11:00,,6408.332915555556
2023-10-08 15:12:00,,6491.666201111111
2023-10-08 15:13:00,,6574.999486666667
2023-10-08 15:14:00,,6658.332772222222
2023-10-08 15:15:00,,6741.666057777778
2023-10-08 15:16:00,,6824.999343333334
2023-10-08 15:17:00,,6908.332628888889
2023-10-08 15:18:00,,6991.665914444445
2023-10-08 15:19:00,2023-10-08 15:19:54,7074.9992
2023-10-08 15:20:00,,7071.784914285715
2023-10-08 15:21:00,,7068.570628571429
2023-10-08 15:22:00,,7065.356342857143
2023-10-08 15:23:00,,7062.142057142857
2023-10-08 15:24:00,,7058.927771428572
2023-10-08 15:25:00,,7055.7134857142855
2023-10-08 15:26:00,,7052.4992
2023-10-08 15:27:00,,7049.284914285715
2023-10-08 15:28:00,,7046.070628571429
2023-10-08 15:29:00,,7042.856342857143
2023-10-08 15:30:00,,7039.642057142857
2023-10-08 15:31:00,,7036.427771428572
2023-10-08 15:32:00,,7033.2134857142855
2023-10-08 15:33:00,2023-10-08 15:33:43,7029.9992
2023-10-08 15:34:00,,7157.499665
2023-10-08 15:35:00,2023-10-08 15:35:06,7285.00013
2023-10-08 15:36:00,2023-10-08 15:36:29,7989.99969
2023-10-08 15:37:00,2023-10-08 15:37:52,7614.99922
2023-10-08 15:38:00,,7734.999454999999
2023-10-08 15:39:00,2023-10-08 15:39:15,7854.99969
2023-10-08 15:40:00,2023-10-08 15:40:38,8725.00018
2023-10-08 15:41:00,,8552.499715
2023-10-08 15:42:00,2023-10-08 15:42:01,8379.99925
2023-10-08 15:43:00,2023-10-08 15:43:24,9564.99975
2023-10-08 15:44:00,2023-10-08 15:44:47,9040.00019
2023-10-08 15:45:00,,9165.00012
2023-10-08 15:46:00,,9290.00005
2023-10-08 15:47:00,2023-10-08 15:47:33,9414.99998
2023-10-08 15:48:00,,9354.999976666668
2023-10-08 15:49:00,,9294.999973333333
2023-10-08 15:50:00,2023-10-08 15:50:19,9234.99997
2023-10-08 15:51:00,2023-10-08 15:51:42,9774.99999
2023-10-08 15:52:00,,9891.2499375
2023-10-08 15:53:00,,10007.499885000001
2023-10-08 15:54:00,,10123.7498325
2023-10-08 15:55:00,2023-10-08 15:55:51,10239.99978
2023-10-08 15:56:00,,10204.230565384616
2023-10-08 15:57:00,,10168.46135076923
2023-10-08 15:58:00,,10132.692136153846
2023-10-08 15:59:00,,10096.922921538462
2023-10-08 16:00:00,,10061.153706923076
2023-10-08 16:01:00,,10025.384492307692
2023-10-08 16:02:00,,9989.615277692308
2023-10-08 16:03:00,,9953.846063076924
2023-10-08 16:04:00,,9918.076848461538
2023-10-08 16:05:00,,9882.307633846154
2023-10-08 16:06:00,,9846.53841923077
2023-10-08 16:07:00,,9810.769204615384
2023-10-08 16:08:00,2023-10-08 16:08:17,9774.99999
2023-10-08 16:09:00,,9753.57145
2023-10-08 16:10:00,,9732.14291
2023-10-08 16:11:00,,9710.71437
2023-10-08 16:12:00,,9689.28583
2023-10-08 16:13:00,,9667.85729
2023-10-08 16:14:00,,9646.428750000001
2023-10-08 16:15:00,2023-10-08 16:15:12,9625.00021
2023-10-08 16:16:00,,9512.50021
2023-10-08 16:17:00,2023-10-08 16:17:58,9400.00021
2023-10-08 16:18:00,,9047.499735000001
2023-10-08 16:19:00,2023-10-08 16:19:21,8694.99926
2023-10-08 16:20:00,2023-10-08 16:20:44,8514.99926
2023-10-08 16:21:00,,8162.4994750000005
2023-10-08 16:22:00,2023-10-08 16:22:07,7809.99969
2023-10-08 16:23:00,2023-10-08 16:23:30,5154.99959
2023-10-08 16:24:00,,6114.999626666667
2023-10-08 16:25:00,,7074.999663333334
2023-10-08 16:26:00,2023-10-08 16:26:16,8034.9997
2023-10-08 16:27:00,2023-10-08 16:27:38,6790.00011
2023-10-08 16:28:00,,6354.999865
2023-10-08 16:29:00,2023-10-08 16:29:01,5919.99962
2023-10-08 16:30:00,2023-10-08 16:30:24,7195.00012
2023-10-08 16:31:00,2023-10-08 16:31:47,6160.00008
2023-10-08 16:32:00,,5784.9999525
2023-10-08 16:33:00,,5409.999825
2023-10-08 16:34:00,,5034.9996974999995
2023-10-08 16:35:00,2023-10-08 16:35:56,4659.99957
2023-10-08 16:36:00,,4634.285282857143
2023-10-08 16:37:00,,4608.570995714285
2023-10-08 16:38:00,,4582.8567085714285
2023-10-08 16:39:00,,4557.142421428572
2023-10-08 16:40:00,,4531.428134285715
2023-10-08 16:41:00,,4505.713847142857
2023-10-08 16:42:00,2023-10-08 16:42:51,4479.99956
2023-10-08 16:43:00,,4466.666276666667
2023-10-08 16:44:00,,4453.332993333333
2023-10-08 16:45:00,,4439.99971
2023-10-08 16:46:00,,4426.666426666667
2023-10-08 16:47:00,,4413.333143333333
2023-10-08 16:48:00,,4399.99986
2023-10-08 16:49:00,,4386.6665766666665
2023-10-08 16:50:00,,4373.333293333333
2023-10-08 16:51:00,2023-10-08 16:51:09,4360.00001
2023-10-08 16:52:00,,4343.636373636364
2023-10-08 16:53:00,,4327.272737272727
2023-10-08 16:54:00,,4310.909100909091
2023-10-08 16:55:00,,4294.545464545455
2023-10-08 16:56:00,,4278.181828181818
2023-10-08 16:57:00,,4261.818191818182
2023-10-08 16:58:00,,4245.454555454545
2023-10-08 16:59:00,,4229.090919090909
2023-10-08 17:00:00,,4212.727282727273
2023-10-08 17:01:00,,4196.363646363636
2023-10-08 17:02:00,2023-10-08 17:02:12,4180.00001
2023-10-08 17:03:00,2023-10-08 17:03:35,3804.99953
2023-10-08 17:04:00,2023-10-08 17:04:58,3564.99907
2023-10-08 17:05:00,,3489.999525
2023-10-08 17:06:00,2023-10-08 17:06:21,3414.99998
2023-10-08 17:07:00,2023-10-08 17:07:44,4014.99909
2023-10-08 17:08:00,,3617.4993
2023-10-08 17:09:00,2023-10-08 17:09:07,3219.99951
2023-10-08 17:10:00,2023-10-08 17:10:30,2694.99995
2023-10-08 17:11:00,,2604.999946666667
2023-10-08 17:12:00,,2514.9999433333332
2023-10-08 17:13:00,2023-10-08 17:13:16,2424.99994
2023-10-08 17:14:00,,2297.49982
2023-10-08 17:15:00,,2169.9997000000003
2023-10-08 17:16:00,,2042.4995800000002
2023-10-08 17:17:00,2023-10-08 17:17:25,1914.99946
2023-10-08 17:18:00,,1862.4995724999999
2023-10-08 17:19:00,,1809.999685
2023-10-08 17:20:00,,1757.4997975
2023-10-08 17:21:00,2023-10-08 17:21:34,1704.99991
2023-10-08 17:22:00,,1685.5881176470589
2023-10-08 17:23:00,,1666.1763252941178
2023-10-08 17:24:00,,1646.7645329411764
2023-10-08 17:25:00,,1627.3527405882353
2023-10-08 17:26:00,,1607.9409482352942
2023-10-08 17:27:00,,1588.529155882353
2023-10-08 17:28:00,,1569.1173635294117
2023-10-08 17:29:00,,1549.7055711764706
2023-10-08 17:30:00,,1530.2937788235295
2023-10-08 17:31:00,,1510.8819864705883
2023-10-08 17:32:00,,1491.470194117647
2023-10-08 17:33:00,,1472.0584017647059
2023-10-08 17:34:00,,1452.6466094117648
2023-10-08 17:35:00,,1433.2348170588236
2023-10-08 17:36:00,,1413.8230247058823
2023-10-08 17:37:00,,1394.4112323529412
2023-10-08 17:38:00,2023-10-08 17:38:09,1374.99944
2023-10-08 17:39:00,,1426.4280142857144
2023-10-08 17:40:00,,1477.8565885714286
2023-10-08 17:41:00,,1529.285162857143
2023-10-08 17:42:00,,1580.713737142857
2023-10-08 17:43:00,,1632.1423114285715
2023-10-08 17:44:00,,1683.5708857142859
2023-10-08 17:45:00,2023-10-08 17:45:04,1734.99946
2023-10-08 17:46:00,2023-10-08 17:46:27,1569.99991
2023-10-08 17:47:00,2023-10-08 17:47:50,2019.99992
2023-10-08 17:48:00,,2129.99962
2023-10-08 17:49:00,,2239.99932
2023-10-08 17:50:00,2023-10-08 17:50:35,2349.99902
2023-10-08 17:51:00,,2589.999145
2023-10-08 17:52:00,,2829.9992700000003
2023-10-08 17:53:00,,3069.999395
2023-10-08 17:54:00,2023-10-08 17:54:44,3309.99952
2023-10-08 17:55:00,,3024.999735
2023-10-08 17:56:00,2023-10-08 17:56:07,2739.99995
2023-10-08 17:57:00,,2859.9995
2023-10-08 17:58:00,2023-10-08 17:58:53,2979.99905
2023-10-08 17:59:00,,3072.1419757142858
2023-10-08 18:00:00,,3164.284901428571
2023-10-08 18:01:00,,3256.427827142857
2023-10-08 18:02:00,,3348.570752857143
2023-10-08 18:03:00,,3440.7136785714288
2023-10-08 18:04:00,,3532.856604285714
2023-10-08 18:05:00,2023-10-08 18:05:48,3624.99953
2023-10-08 18:06:00,,3638.845683846154
2023-10-08 18:07:00,,3652.6918376923077
2023-10-08 18:08:00,,3666.5379915384615
2023-10-08 18:09:00,,3680.3841453846153
2023-10-08 18:10:00,,3694.230299230769
2023-10-08 18:11:00,,3708.076453076923
2023-10-08 18:12:00,,3721.922606923077
2023-10-08 18:13:00,,3735.768760769231
2023-10-08 18:14:00,,3749.614914615385
2023-10-08 18:15:00,,3763.4610684615386
2023-10-08 18:16:00,,3777.3072223076924
2023-10-08 18:17:00,,3791.1533761538462
2023-10-08 18:18:00,2023-10-08 18:18:14,3804.99953
2023-10-08 18:19:00,,3613.749525
2023-10-08 18:20:00,,3422.4995200000003
2023-10-08 18:21:00,,3231.249515
2023-10-08 18:22:00,2023-10-08 18:22:23,3039.99951
2023-10-08 18:23:00,,3067.8567185714287
2023-10-08 18:24:00,,3095.7139271428573
2023-10-08 18:25:00,,3123.571135714286
2023-10-08 18:26:00,,3151.428344285714
2023-10-08 18:27:00,,3179.2855528571426
2023-10-08 18:28:00,,3207.1427614285712
2023-10-08 18:29:00,2023-10-08 18:29:18,3234.99997
2023-10-08 18:30:00,,3512.4998674999997
2023-10-08 18:31:00,,3789.999765
2023-10-08 18:32:00,,4067.4996625000003
2023-10-08 18:33:00,2023-10-08 18:33:27,4344.99956
2023-10-08 18:34:00,,4386.249445
2023-10-08 18:35:00,,4427.499330000001
2023-10-08 18:36:00,,4468.749215
2023-10-08 18:37:00,2023-10-08 18:37:36,4509.9991
2023-10-08 18:38:00,2023-10-08 18:38:59,5035.00004
2023-10-08 18:39:00,,5099.999736666667
2023-10-08 18:40:00,,5164.999433333333
2023-10-08 18:41:00,2023-10-08 18:41:45,5229.99913
2023-10-08 18:42:00,,5447.499595
2023-10-08 18:43:00,2023-10-08 18:43:08,5665.00006
2023-10-08 18:44:00,2023-10-08 18:44:30,5469.9996
2023-10-08 18:45:00,,5574.999603333334
2023-10-08 18:46:00,,5679.999606666666
2023-10-08 18:47:00,2023-10-08 18:47:16,5784.99961
2023-10-08 18:48:00,2023-10-08 18:48:39,6129.99917
2023-10-08 18:49:00,,6269.999326666667
2023-10-08 18:50:00,,6409.999483333333
2023-10-08 18:51:00,2023-10-08 18:51:25,6549.99964
2023-10-08 18:52:00,,6396.2497475
2023-10-08 18:53:00,,6242.499855
2023-10-08 18:54:00,,6088.7499625
2023-10-08 18:55:00,2023-10-08 18:55:34,5935.00007
2023-10-08 18:56:00,,5998.74996
2023-10-08 18:57:00,,6062.49985
2023-10-08 18:58:00,,6126.24974
2023-10-08 18:59:00,2023-10-08 18:59:43,6189.99963
2023-10-08 19:00:00,,6047.4997375
2023-10-08 19:01:00,,5904.999845
2023-10-08 19:02:00,,5762.4999525
2023-10-08 19:03:00,2023-10-08 19:03:52,5620.00006
2023-10-08 19:04:00,,5199.999585
2023-10-08 19:05:00,2023-10-08 19:05:15,4779.99911
2023-10-08 19:06:00,2023-10-08 19:06:38,5379.99959
2023-10-08 19:07:00,,5248.7495287500005
2023-10-08 19:08:00,,5117.4994675
2023-10-08 19:09:00,,4986.24940625
2023-10-08 19:10:00,,4854.999345
2023-10-08 19:11:00,,4723.74928375
2023-10-08 19:12:00,,4592.4992225000005
2023-10-08 19:13:00,,4461.24916125
2023-10-08 19:14:00,2023-10-08 19:14:55,4329.9991
2023-10-08 19:15:00,,4274.99925
2023-10-08 19:16:00,,4219.999400000001
2023-10-08 19:17:00,2023-10-08 19:17:41,4164.99955
2023-10-08 19:18:00,,4123.7496625
2023-10-08 19:19:00,,4082.499775
2023-10-08 19:20:00,,4041.2498875
2023-10-08 19:21:00,2023-10-08 19:21:50,4000.0
2023-10-08 19:22:00,,3737.49953
2023-10-08 19:23:00,2023-10-08 19:23:13,3474.99906
2023-10-08 19:24:00,,3432.99915
2023-10-08 19:25:00,,3390.99924
2023-10-08 19:26:00,,3348.99933
2023-10-08 19:27:00,,3306.99942
2023-10-08 19:28:00,2023-10-08 19:28:45,3264.99951
2023-10-08 19:29:00,,3099.999275
2023-10-08 19:30:00,2023-10-08 19:30:08,2934.99904
2023-10-08 19:31:00,,2724.99949
2023-10-08 19:32:00,2023-10-08 19:32:54,2514.99994
2023-10-08 19:33:00,,2569.9997900000003
2023-10-08 19:34:00,,2624.99964
2023-10-08 19:35:00,2023-10-08 19:35:40,2679.99949
2023-10-08 19:36:00,,2379.99925
2023-10-08 19:37:00,2023-10-08 19:37:03,2079.99901
2023-10-08 19:38:00,2023-10-08 19:38:25,2289.99993
2023-10-08 19:39:00,,2054.9996166666665
2023-10-08 19:40:00,,1819.9993033333333
2023-10-08 19:41:00,2023-10-08 19:41:11,1584.99899
2023-10-08 19:42:00,,1419.999445
2023-10-08 19:43:00,2023-10-08 19:43:57,1254.9999
2023-10-08 19:44:00,,797.49965
2023-10-08 19:45:00,2023-10-08 19:45:20,339.9994
2023-10-08 19:46:00,2023-10-08 19:46:43,1089.99897
2023-10-08 19:47:00,,1014.999425
2023-10-08 19:48:00,2023-10-08 19:48:06,939.99988
2023-10-08 19:49:00,,879.999765
2023-10-08 19:50:00,,819.99965
2023-10-08 19:51:00,,759.9995349999999
2023-10-08 19:52:00,2023-10-08 19:52:15,699.99942
2023-10-08 19:53:00,,639.9993025
2023-10-08 19:54:00,,579.999185
2023-10-08 19:55:00,,519.9990674999999
2023-10-08 19:56:00,2023-10-08 19:56:24,459.99895
2023-10-08 19:57:00,2023-10-08 19:57:47,-20.00061
2023-10-08 19:58:00,,-10.455113636363638
2023-10-08 19:59:00,,-0.9096172727272744
2023-10-08 20:00:00,,8.63587909090909
2023-10-08 20:01:00,,18.181375454545453
2023-10-08 20:02:00,,27.726871818181813
2023-10-08 20:03:00,,37.27236818181818
2023-10-08 20:04:00,,46.81786454545455
2023-10-08 20:05:00,,56.36336090909091
2023-10-08 20:06:00,,65.90885727272726
2023-10-08 20:07:00,,75.45435363636363
2023-10-08 20:08:00,2023-10-08 20:08:50,84.99985
2023-10-08 20:09:00,,84.99985
2023-10-08 20:10:00,,84.99985
2023-10-08 20:11:00,,84.99985
2023-10-08 20:12:00,,84.99985
2023-10-08 20:13:00,,84.99985
2023-10-08 20:14:00,,84.99985
2023-10-08 20:15:00,,84.99985
2023-10-08 20:16:00,,84.99985
2023-10-08 20:17:00,,84.99985
2023-10-08 20:18:00,,84.99985
2023-10-08 20:19:00,,84.99985
2023-10-08 20:20:00,,84.99985
2023-10-08 20:21:00,,84.99985
2023-10-08 20:22:00,,84.99985
2023-10-08 20:23:00,,84.99985
2023-10-08 20:24:00,,84.99985
2023-10-08 20:25:00,2023-10-08 20:25:26,84.99985
2023-10-08 20:26:00,,82.69214
2023-10-08 20:27:00,,80.38443
2023-10-08 20:28:00,,78.07672
2023-10-08 20:29:00,,75.76901
2023-10-08 20:30:00,,73.4613
2023-10-08 20:31:00,,71.15359
2023-10-08 20:32:00,,68.84588
2023-10-08 20:33:00,,66.53817
2023-10-08 20:34:00,,64.23046
2023-10-08 20:35:00,,61.92274999999999
2023-10-08 20:36:00,,59.61503999999999
2023-10-08 20:37:00,,57.30733
2023-10-08 20:38:00,,54.99962
2023-10-08 20:39:00,,52.69191
2023-10-08 20:40:00,,50.3842
2023-10-08 20:41:00,,48.07649
2023-10-08 20:42:00,,45.76878
2023-10-08 20:43:00,,43.46107
2023-10-08 20:44:00,,41.15336
2023-10-08 20:45:00,,38.84565
2023-10-08 20:46:00,,36.53794
2023-10-08 20:47:00,,34.23023
2023-10-08 20:48:00,,31.92252
2023-10-08 20:49:00,,29.614810000000006
2023-10-08 20:50:00,,27.307100000000005
2023-10-08 20:51:00,2023-10-08 20:51:42,24.99939
2023-10-08 20:52:00,,23.332748888888887
2023-10-08 20:53:00,,21.666107777777775
2023-10-08 20:54:00,,19.999466666666667
2023-10-08 20:55:00,,18.332825555555555
2023-10-08 20:56:00,,16.666184444444443
2023-10-08 20:57:00,,14.999543333333333
2023-10-08 20:58:00,,13.332902222222224
2023-10-08 20:59:00,,11.666261111111112
2023-10-08 21:00:00,,9.99962
2023-10-08 21:01:00,,8.332978888888888
2023-10-08 21:02:00,,6.66633777777778
2023-10-08 21:03:00,,4.999696666666669
2023-10-08 21:04:00,,3.333055555555557
2023-10-08 21:05:00,,1.6664144444444489
2023-10-08 21:06:00,,-0.00022666666666282254
2023-10-08 21:07:00,,-1.6668677777777745
2023-10-08 21:08:00,,-3.333508888888886
2023-10-08 21:09:00,2023-10-08 21:09:40,-5.00015
2023-10-08 21:10:00,,-5.00015
2023-10-08 21:11:00,,-5.00015
2023-10-08 21:12:00,,-5.00015
2023-10-08 21:13:00,,-5.00015
2023-10-08 21:14:00,,-5.00015
2023-10-08 21:15:00,,-5.00015
2023-10-08 21:16:00,,-5.00015
2023-10-08 21:17:00,,-5.00015
2023-10-08 21:18:00,,-5.00015
2023-10-08 21:19:00,,-5.00015
2023-10-08 21:20:00,,-5.00015
2023-10-08 21:21:00,,-5.00015
2023-10-08 21:22:00,,-5.00015
2023-10-08 21:23:00,,-5.00015
2023-10-08 21:24:00,,-5.00015
2023-10-08 21:25:00,,-5.00015
2023-10-08 21:26:00,,-5.00015
2023-10-08 21:27:00,,-5.00015
2023-10-08 21:28:00,,-5.00015
2023-10-08 21:29:00,,-5.00015
2023-10-08 21:30:00,,-5.00015
2023-10-08 21:31:00,,-5.00015
2023-10-08 21:32:00,,-5.00015
2023-10-08 21:33:00,2023-10-08 21:33:10,-5.00015
2023-10-08 21:34:00,,1.2498116666666679
2023-10-08 21:35:00,,7.499773333333335
2023-10-08 21:36:00,,13.749735000000003
2023-10-08 21:37:00,,19.999696666666672
2023-10-08 21:38:00,,26.249658333333336
2023-10-08 21:39:00,,32.49962000000001
2023-10-08 21:40:00,,38.74958166666668
2023-10-08 21:41:00,,44.99954333333334
2023-10-08 21:42:00,,51.249505000000006
2023-10-08 21:43:00,,57.49946666666668
2023-10-08 21:44:00,,63.74942833333335
2023-10-08 21:45:00,2023-10-08 21:45:37,69.99939
2023-10-08 21:46:00,,65.58765235294118
2023-10-08 21:47:00,,61.175914705882356
2023-10-08 21:48:00,,56.764177058823535
2023-10-08 21:49:00,,52.352439411764706
2023-10-08 21:50:00,,47.940701764705885
2023-10-08 21:51:00,,43.528964117647064
2023-10-08 21:52:00,,39.117226470588236
2023-10-08 21:53:00,,34.705488823529414
2023-10-08 21:54:00,,30.293751176470593
2023-10-08 21:55:00,,25.882013529411765
2023-10-08 21:56:00,,21.470275882352944
2023-10-08 21:57:00,,17.058538235294122
2023-10-08 21:58:00,,12.646800588235294
2023-10-08 21:59:00,,8.235062941176473
2023-10-08 22:00:00,,3.8233252941176517
2023-10-08 22:01:00,,-0.5884123529411767
2023-10-08 22:02:00,2023-10-08 22:02:12,-5.00015
2023-10-08 22:03:00,,-7.143072857142856
2023-10-08 22:04:00,,-9.285995714285715
2023-10-08 22:05:00,,-11.428918571428571
2023-10-08 22:06:00,,-13.571841428571428
2023-10-08 22:07:00,,-15.714764285714285
2023-10-08 22:08:00,,-17.857687142857145
2023-10-08 22:09:00,,-20.00061
2023-10-08 22:10:00,,-22.14353285714286
2023-10-08 22:11:00,,-24.286455714285715
2023-10-08 22:12:00,,-26.429378571428572
2023-10-08 22:13:00,,-28.57230142857143
2023-10-08 22:14:00,,-30.715224285714285
2023-10-08 22:15:00,,-32.85814714285714
2023-10-08 22:16:00,2023-10-08 22:16:02,-35.00107
2023-10-08 22:17:00,,-33.501024
2023-10-08 22:18:00,,-32.000977999999996
2023-10-08 22:19:00,,-30.500932
2023-10-08 22:20:00,,-29.000885999999998
2023-10-08 22:21:00,,-27.500839999999997
2023-10-08 22:22:00,,-26.000794
2023-10-08 22:23:00,,-24.500747999999998
2023-10-08 22:24:00,,-23.000701999999997
2023-10-08 22:25:00,,-21.500656
2023-10-08 22:26:00,,-20.000609999999998
2023-10-08 22:27:00,,-18.500563999999997
2023-10-08 22:28:00,,-17.000518
2023-10-08 22:29:00,,-15.500471999999998
2023-10-08 22:30:00,,-14.000425999999997
2023-10-08 22:31:00,,-12.50038
2023-10-08 22:32:00,,-11.000333999999999
2023-10-08 22:33:00,,-9.500287999999998
2023-10-08 22:34:00,,-8.000242
2023-10-08 22:35:00,,-6.500195999999999
2023-10-08 22:36:00,2023-10-08 22:36:46,-5.00015
2023-10-08 22:37:00,,-5.88253
2023-10-08 22:38:00,,-6.76491
2023-10-08 22:39:00,,-7.64729
2023-10-08 22:40:00,,-8.52967
2023-10-08 22:41:00,,-9.41205
2023-10-08 22:42:00,,-10.29443
2023-10-08 22:43:00,,-11.17681
2023-10-08 22:44:00,,-12.059190000000001
2023-10-08 22:45:00,,-12.941570000000002
2023-10-08 22:46:00,,-13.823950000000002
2023-10-08 22:47:00,,-14.706330000000001
2023-10-08 22:48:00,,-15.58871
2023-10-08 22:49:00,,-16.471090000000004
2023-10-08 22:50:00,,-17.35347
2023-10-08 22:51:00,,-18.235850000000003
2023-10-08 22:52:00,,-19.118230000000004
2023-10-08 22:53:00,2023-10-08 22:53:21,-20.00061
2023-10-08 22:54:00,,-21.250648333333334
2023-10-08 22:55:00,,-22.500686666666667
2023-10-08 22:56:00,,-23.750725000000003
2023-10-08 22:57:00,,-25.000763333333335
2023-10-08 22:58:00,,-26.250801666666668
2023-10-08 22:59:00,,-27.50084
2023-10-08 23:00:00,,-28.750878333333333
2023-10-08 23:01:00,,-30.00091666666667
2023-10-08 23:02:00,,-31.250954999999998
2023-10-08 23:03:00,,-32.500993333333334
2023-10-08 23:04:00,,-33.75103166666666
2023-10-08 23:05:00,2023-10-08 23:05:48,-35.00107
2023-10-08 23:06:00,,-34.251047
2023-10-08 23:07:00,,-33.501024
2023-10-08 23:08:00,,-32.751001
2023-10-08 23:09:00,,-32.000977999999996
2023-10-08 23:10:00,,-31.250954999999998
2023-10-08 23:11:00,,-30.500932
2023-10-08 23:12:00,,-29.750909
2023-10-08 23:13:00,,-29.000886
2023-10-08 23:14:00,,-28.250863
2023-10-08 23:15:00,,-27.50084
2023-10-08 23:16:00,,-26.750816999999998
2023-10-08 23:17:00,,-26.000794
2023-10-08 23:18:00,,-25.250771
2023-10-08 23:19:00,,-24.500748
2023-10-08 23:20:00,,-23.750725000000003
2023-10-08 23:21:00,,-23.000702
2023-10-08 23:22:00,,-22.250678999999998
2023-10-08 23:23:00,,-21.500656
2023-10-08 23:24:00,,-20.750633
2023-10-08 23:25:00,2023-10-08 23:25:09,-20.00061
2023-10-08 23:26:00,,-20.83396888888889
2023-10-08 23:27:00,,-21.66732777777778
2023-10-08 23:28:00,,-22.500686666666667
2023-10-08 23:29:00,,-23.334045555555555
2023-10-08 23:30:00,,-24.167404444444443
2023-10-08 23:31:00,,-25.000763333333335
2023-10-08 23:32:00,,-25.834122222222224
2023-10-08 23:33:00,,-26.667481111111112
2023-10-08 23:34:00,,-27.50084
2023-10-08 23:35:00,,-28.33419888888889
2023-10-08 23:36:00,,-29.16755777777778
2023-10-08 23:37:00,,-30.00091666666667
2023-10-08 23:38:00,,-30.834275555555557
2023-10-08 23:39:00,,-31.667634444444445
2023-10-08 23:40:00,,-32.500993333333334
2023-10-08 23:41:00,,-33.33435222222222
2023-10-08 23:42:00,,-34.16771111111111
2023-10-08 23:43:00,2023-10-08 23:43:08,-35.00107
2023-10-08 23:44:00,,-36.250993333333334
2023-10-08 23:45:00,,-37.50091666666667
2023-10-08 23:46:00,,-38.75084
2023-10-08 23:47:00,,-40.00076333333333
2023-10-08 23:48:00,,-41.25068666666667
2023-10-08 23:49:00,,-42.500609999999995
2023-10-08 23:50:00,,-43.75053333333333
2023-10-08 23:51:00,,-45.000456666666665
2023-10-08 23:52:00,,-46.25038
2023-10-08 23:53:00,,-47.500303333333335
2023-10-08 23:54:00,,-48.75022666666666
2023-10-08 23:55:00,2023-10-08 23:55:34,-50.00015
2023-10-08 23:56:00,,-48.84637461538461
2023-10-08 23:57:00,,-47.692599230769225
2023-10-08 23:58:00,,-46.538823846153846
2023-10-08 23:59:00,,-45.38504846153846
2023-10-09 00:00:00,,-44.231273076923074
2023-10-09 00:01:00,,-43.07749769230769
2023-10-09 00:02:00,,-41.9237223076923
2023-10-09 00:03:00,,-40.76994692307692
2023-10-09 00:04:00,,-39.616171538461536
2023-10-09 00:05:00,,-38.46239615384615
2023-10-09 00:06:00,,-37.30862076923077
2023-10-09 00:07:00,,-36.154845384615385
2023-10-09 00:08:00,2023-10-09 00:08:01,-35.00107
2023-10-09 00:09:00,,-34.00103933333333
2023-10-09 00:10:00,,-33.001008666666664
2023-10-09 00:11:00,,-32.000977999999996
2023-10-09 00:12:00,,-31.000947333333333
2023-10-09 00:13:00,,-30.000916666666665
2023-10-09 00:14:00,,-29.000886
2023-10-09 00:15:00,,-28.000855333333334
2023-10-09 00:16:00,,-27.000824666666666
2023-10-09 00:17:00,,-26.000794
2023-10-09 00:18:00,,-25.00076333333333
2023-10-09 00:19:00,,-24.000732666666668
2023-10-09 00:20:00,,-23.000702
2023-10-09 00:21:00,,-22.000671333333333
2023-10-09 00:22:00,,-21.00064066666667
2023-10-09 00:23:00,2023-10-09 00:23:13,-20.00061
2023-10-09 00:24:00,,-20.00061
2023-10-09 00:25:00,,-20.00061
2023-10-09 00:26:00,,-20.00061
2023-10-09 00:27:00,,-20.00061
2023-10-09 00:28:00,,-20.00061
2023-10-09 00:29:00,,-20.00061
2023-10-09 00:30:00,,-20.00061
2023-10-09 00:31:00,,-20.00061
2023-10-09 00:32:00,,-20.00061
2023-10-09 00:33:00,,-20.00061
2023-10-09 00:34:00,,-20.00061
2023-10-09 00:35:00,,-20.00061
2023-10-09 00:36:00,,-20.00061
2023-10-09 00:37:00,,-20.00061
2023-10-09 00:38:00,2023-10-09 00:38:25,-20.00061
2023-10-09 00:39:00,,-17.000628400000004
2023-10-09 00:40:00,,-14.000646800000002
2023-10-09 00:41:00,,-11.000665200000002
2023-10-09 00:42:00,,-8.000683600000002
2023-10-09 00:43:00,,-5.000702000000002
2023-10-09 00:44:00,,-2.0007204000000023
2023-10-09 00:45:00,,0.9992611999999994
2023-10-09 00:46:00,,3.9992427999999975
2023-10-09 00:47:00,,6.999224399999996
2023-10-09 00:48:00,,9.999205999999997
2023-10-09 00:49:00,,12.999187599999999
2023-10-09 00:50:00,,15.999169199999997
2023-10-09 00:51:00,,18.999150799999995
2023-10-09 00:52:00,,21.9991324
2023-10-09 00:53:00,,24.999114
2023-10-09 00:54:00,,27.999095599999997
2023-10-09 00:55:00,,30.999077199999995
2023-10-09 00:56:00,,33.99905879999999
2023-10-09 00:57:00,,36.9990404
2023-10-09 00:58:00,,39.999022
2023-10-09 00:59:00,,42.999003599999995
2023-10-09 01:00:00,,45.9989852
2023-10-09 01:01:00,,48.9989668
2023-10-09 01:02:00,,51.998948399999996
2023-10-09 01:03:00,2023-10-09 01:03:19,54.99893
2023-10-09 01:04:00,,53.749006666666666
2023-10-09 01:05:00,,52.49908333333333
2023-10-09 01:06:00,,51.24916
2023-10-09 01:07:00,,49.99923666666667
2023-10-09 01:08:00,,48.74931333333333
2023-10-09 01:09:00,,47.499390000000005
2023-10-09 01:10:00,,46.24946666666667
2023-10-09 01:11:00,,44.999543333333335
2023-10-09 01:12:00,,43.74962
2023-10-09 01:13:00,,42.499696666666665
2023-10-09 01:14:00,,41.24977333333334
2023-10-09 01:15:00,2023-10-09 01:15:45,39.99985
2023-10-09 01:16:00,,39.99985
2023-10-09 01:17:00,,39.99985
2023-10-09 01:18:00,,39.99985
2023-10-09 01:19:00,,39.99985
2023-10-09 01:20:00,,39.99985
2023-10-09 01:21:00,,39.99985
2023-10-09 01:22:00,,39.99985
2023-10-09 01:23:00,,39.99985
2023-10-09 01:24:00,,39.99985
2023-10-09 01:25:00,,39.99985
2023-10-09 01:26:00,,39.99985
2023-10-09 01:27:00,,39.99985
2023-10-09 01:28:00,2023-10-09 01:28:12,39.99985
2023-10-09 01:29:00,,39.31801090909091
2023-10-09 01:30:00,,38.63617181818182
2023-10-09 01:31:00,,37.95433272727273
2023-10-09 01:32:00,,37.272493636363635
2023-10-09 01:33:00,,36.59065454545455
2023-10-09 01:34:00,,35.908815454545454
2023-10-09 01:35:00,,35.22697636363637
2023-10-09 01:36:00,,34.545137272727274
2023-10-09 01:37:00,,33.86329818181818
2023-10-09 01:38:00,,33.181459090909094
2023-10-09 01:39:00,,32.49962
2023-10-09 01:40:00,,31.817780909090907
2023-10-09 01:41:00,,31.13594181818182
2023-10-09 01:42:00,,30.454102727272726
2023-10-09 01:43:00,,29.772263636363636
2023-10-09 01:44:00,,29.090424545454546
2023-10-09 01:45:00,,28.408585454545452
2023-10-09 01:46:00,,27.726746363636362
2023-10-09 01:47:00,,27.044907272727272
2023-10-09 01:48:00,,26.36306818181818
2023-10-09 01:49:00,,25.68122909090909
2023-10-09 01:50:00,2023-10-09 01:50:19,24.99939
2023-10-09 01:51:00,,26.87436125
2023-10-09 01:52:00,,28.749332499999998
2023-10-09 01:53:00,,30.62430375
2023-10-09 01:54:00,,32.499275
2023-10-09 01:55:00,,34.37424625
2023-10-09 01:56:00,,36.2492175
2023-10-09 01:57:00,,38.12418875
2023-10-09 01:58:00,,39.99916
2023-10-09 01:59:00,,41.874131250000005
2023-10-09 02:00:00,,43.7491025
2023-10-09 02:01:00,,45.62407375
2023-10-09 02:02:00,,47.499045
2023-10-09 02:03:00,,49.37401625
2023-10-09 02:04:00,,51.2489875
2023-10-09 02:05:00,,53.12395875
2023-10-09 02:06:00,2023-10-09 02:06:54,54.99893
2023-10-09 02:07:00,,50.31145875
2023-10-09 02:08:00,,45.6239875
2023-10-09 02:09:00,,40.936516250000004
2023-10-09 02:10:00,,36.249045
2023-10-09 02:11:00,,31.56157375
2023-10-09 02:12:00,,26.874102500000003
2023-10-09 02:13:00,,22.186631250000005
2023-10-09 02:14:00,,17.499160000000003
2023-10-09 02:15:00,,12.811688750000002
2023-10-09 02:16:00,,8.1242175
2023-10-09 02:17:00,,3.436746250000006
2023-10-09 02:18:00,,-1.2507249999999956
2023-10-09 02:19:00,,-5.938196249999997
2023-10-09 02:20:00,,-10.625667499999992
2023-10-09 02:21:00,,-15.313138749999993
2023-10-09 02:22:00,2023-10-09 02:22:07,-20.00061
2023-10-09 02:23:00,,-14.546022727272728
2023-10-09 02:24:00,,-9.091435454545456
2023-10-09 02:25:00,,-3.636848181818184
2023-10-09 02:26:00,,1.8177390909090896
2023-10-09 02:27:00,,7.272326363636363
2023-10-09 02:28:00,,12.726913636363633
2023-10-09 02:29:00,,18.181500909090907
2023-10-09 02:30:00,,23.63608818181818
2023-10-09 02:31:00,,29.090675454545455
2023-10-09 02:32:00,,34.54526272727273
2023-10-09 02:33:00,2023-10-09 02:33:10,39.99985
2023-10-09 02:34:00,,38.124792500000005
2023-10-09 02:35:00,,36.249735
2023-10-09 02:36:00,,34.374677500000004
2023-10-09 02:37:00,,32.49962
2023-10-09 02:38:00,,30.624562500000003
2023-10-09 02:39:00,,28.749505000000003
2023-10-09 02:40:00,,26.874447500000002
2023-10-09 02:41:00,,24.999390000000002
2023-10-09 02:42:00,,23.1243325
2023-10-09 02:43:00,,21.249275
2023-10-09 02:44:00,,19.3742175
2023-10-09 02:45:00,,17.499160000000003
2023-10-09 02:46:00,,15.624102500000003
2023-10-09 02:47:00,,13.749045000000002
2023-10-09 02:48:00,,11.873987500000002
2023-10-09 02:49:00,2023-10-09 02:49:46,9.99893
2023-10-09 02:50:00,,11.152811538461538
2023-10-09 02:51:00,,12.306693076923077
2023-10-09 02:52:00,,13.460574615384616
2023-10-09 02:53:00,,14.614456153846152
2023-10-09 02:54:00,,15.768337692307693
2023-10-09 02:55:00,,16.92221923076923
2023-10-09 02:56:00,,18.07610076923077
2023-10-09 02:57:00,,19.229982307692307
2023-10-09 02:58:00,,20.383863846153844
2023-10-09 02:59:00,,21.537745384615384
2023-10-09 03:00:00,,22.691626923076925
2023-10-09 03:01:00,,23.845508461538458
2023-10-09 03:02:00,2023-10-09 03:02:12,24.99939
2023-10-09 03:03:00,,24.06186125
2023-10-09 03:04:00,,23.124332499999998
2023-10-09 03:05:00,,22.18680375
2023-10-09 03:06:00,,21.249274999999997
2023-10-09 03:07:00,,20.31174625
2023-10-09 03:08:00,,19.3742175
2023-10-09 03:09:00,,18.43668875
2023-10-09 03:10:00,,17.49916
2023-10-09 03:11:00,,16.561631249999998
2023-10-09 03:12:00,,15.6241025
2023-10-09 03:13:00,,14.686573749999999
2023-10-09 03:14:00,,13.749044999999999
2023-10-09 03:15:00,,12.811516249999999
2023-10-09 03:16:00,,11.8739875
2023-10-09 03:17:00,,10.93645875
2023-10-09 03:18:00,2023-10-09 03:18:48,9.99893
2023-10-09 03:19:00,,10.93645875
2023-10-09 03:20:00,,11.8739875
2023-10-09 03:21:00,,12.81151625
2023-10-09 03:22:00,,13.749044999999999
2023-10-09 03:23:00,,14.686573749999999
2023-10-09 03:24:00,,15.6241025
2023-10-09 03:25:00,,16.561631249999998
2023-10-09 03:26:00,,17.49916
2023-10-09 03:27:00,,18.43668875
2023-10-09 03:28:00,,19.3742175
2023-10-09 03:29:00,,20.31174625
2023-10-09 03:30:00,,21.249274999999997
2023-10-09 03:31:00,,22.18680375
2023-10-09 03:32:00,,23.124332499999998
2023-10-09 03:33:00,,24.06186125
2023-10-09 03:34:00,2023-10-09 03:34:00,24.99939
2023-10-09 03:35:00,,26.363068181818182
2023-10-09 03:36:00,,27.726746363636362
2023-10-09 03:37:00,,29.090424545454546
2023-10-09 03:38:00,,30.454102727272726
2023-10-09 03:39:00,,31.81778090909091
2023-10-09 03:40:00,,33.181459090909094
2023-10-09 03:41:00,,34.545137272727274
2023-10-09 03:42:00,,35.908815454545454
2023-10-09 03:43:00,,37.272493636363635
2023-10-09 03:44:00,,38.63617181818182
2023-10-09 03:45:00,2023-10-09 03:45:04,39.99985
2023-10-09 03:46:00,,37.49977333333334
2023-10-09 03:47:00,,34.999696666666665
2023-10-09 03:48:00,,32.49962
2023-10-09 03:49:00,,29.999543333333335
2023-10-09 03:50:00,,27.49946666666667
2023-10-09 03:51:00,,24.999390000000002
2023-10-09 03:52:00,,22.499313333333333
2023-10-09 03:53:00,,19.99923666666667
2023-10-09 03:54:00,,17.499160000000003
2023-10-09 03:55:00,,14.999083333333335
2023-10-09 03:56:00,,12.499006666666666
2023-10-09 03:57:00,2023-10-09 03:57:30,9.99893
2023-10-09 03:58:00,,9.99893
2023-10-09 03:59:00,,9.99893
2023-10-09 04:00:00,,9.99893
2023-10-09 04:01:00,,9.99893
2023-10-09 04:02:00,,9.99893
2023-10-09 04:03:00,,9.99893
2023-10-09 04:04:00,,9.99893
2023-10-09 04:05:00,,9.99893
2023-10-09 04:06:00,,9.99893
2023-10-09 04:07:00,,9.99893
2023-10-09 04:08:00,,9.99893
2023-10-09 04:09:00,,9.99893
2023-10-09 04:10:00,,9.99893
2023-10-09 04:11:00,,9.99893
2023-10-09 04:12:00,,9.99893
2023-10-09 04:13:00,,9.99893
2023-10-09 04:14:00,,9.99893
2023-10-09 04:15:00,,9.99893
2023-10-09 04:16:00,,9.99893
2023-10-09 04:17:00,,9.99893
2023-10-09 04:18:00,,9.99893
2023-10-09 04:19:00,,9.99893
2023-10-09 04:20:00,,9.99893
2023-10-09 04:21:00,2023-10-09 04:21:00,9.99893
2023-10-09 04:22:00,,12.645988823529411
2023-10-09 04:23:00,,15.293047647058824
2023-10-09 04:24:00,,17.940106470588233
2023-10-09 04:25:00,,20.587165294117646
2023-10-09 04:26:00,,23.23422411764706
2023-10-09 04:27:00,,25.881282941176472
2023-10-09 04:28:00,,28.52834176470588
2023-10-09 04:29:00,,31.17540058823529
2023-10-09 04:30:00,,33.822459411764704
2023-10-09 04:31:00,,36.46951823529412
2023-10-09 04:32:00,,39.11657705882353
2023-10-09 04:33:00,,41.76363588235294
2023-10-09 04:34:00,,44.41069470588236
2023-10-09 04:35:00,,47.05775352941176
2023-10-09 04:36:00,,49.704812352941175
2023-10-09 04:37:00,,52.35187117647059
2023-10-09 04:38:00,2023-10-09 04:38:59,54.99893
2023-10-09 04:39:00,,51.24893
2023-10-09 04:40:00,,47.49893
2023-10-09 04:41:00,,43.74893
2023-10-09 04:42:00,,39.99893
2023-10-09 04:43:00,,36.24893
2023-10-09 04:44:00,,32.49893
2023-10-09 04:45:00,,28.74893
2023-10-09 04:46:00,,24.99893
2023-10-09 04:47:00,,21.24893
2023-10-09 04:48:00,,17.49893
2023-10-09 04:49:00,,13.748930000000001
2023-10-09 04:50:00,2023-10-09 04:50:02,9.99893
2023-10-09 04:51:00,,9.99893
2023-10-09 04:52:00,,9.99893
2023-10-09 04:53:00,,9.99893
2023-10-09 04:54:00,,9.99893
2023-10-09 04:55:00,,9.99893
2023-10-09 04:56:00,,9.99893
2023-10-09 04:57:00,,9.99893
2023-10-09 04:58:00,,9.99893
2023-10-09 04:59:00,,9.99893
2023-10-09 05:00:00,,9.99893
2023-10-09 05:01:00,,9.99893
2023-10-09 05:02:00,,9.99893
2023-10-09 05:03:00,,9.99893
2023-10-09 05:04:00,,9.99893
2023-10-09 05:05:00,,9.99893
2023-10-09 05:06:00,,9.99893
2023-10-09 05:07:00,,9.99893
2023-10-09 05:08:00,,9.99893
2023-10-09 05:09:00,,9.99893
2023-10-09 05:10:00,,9.99893
2023-10-09 05:11:00,,9.99893
2023-10-09 05:12:00,,9.99893
2023-10-09 05:13:00,2023-10-09 05:13:32,9.99893
2023-10-09 05:14:00,,39.999023
2023-10-09 05:15:00,,69.999116
2023-10-09 05:16:00,,99.99920900000001
2023-10-09 05:17:00,,129.999302
2023-10-09 05:18:00,,159.99939500000002
2023-10-09 05:19:00,,189.999488
2023-10-09 05:20:00,,219.99958100000003
2023-10-09 05:21:00,,249.99967400000003
2023-10-09 05:22:00,,279.999767
2023-10-09 05:23:00,2023-10-09 05:23:13,309.99986
2023-10-09 05:24:00,2023-10-09 05:24:36,519.99941
2023-10-09 05:25:00,2023-10-09 05:25:59,54.99893
2023-10-09 05:26:00,,422.49917500000004
2023-10-09 05:27:00,2023-10-09 05:27:22,789.99942
2023-10-09 05:28:00,2023-10-09 05:28:45,954.99897
2023-10-09 05:29:00,,973.4605446153846
2023-10-09 05:30:00,,991.9221192307692
2023-10-09 05:31:00,,1010.3836938461538
2023-10-09 05:32:00,,1028.8452684615386
2023-10-09 05:33:00,,1047.306843076923
2023-10-09 05:34:00,,1065.7684176923076
2023-10-09 05:35:00,,1084.2299923076923
2023-10-09 05:36:00,,1102.691566923077
2023-10-09 05:37:00,,1121.1531415384616
2023-10-09 05:38:00,,1139.614716153846
2023-10-09 05:39:00,,1158.0762907692308
2023-10-09 05:40:00,,1176.5378653846155
2023-10-09 05:41:00,2023-10-09 05:41:11,1194.99944
2023-10-09 05:42:00,2023-10-09 05:42:34,1449.99899
2023-10-09 05:43:00,,1461.99899
2023-10-09 05:44:00,,1473.99899
2023-10-09 05:45:00,,1485.99899
2023-10-09 05:46:00,,1497.99899
2023-10-09 05:47:00,,1509.99899
2023-10-09 05:48:00,,1521.99899
2023-10-09 05:49:00,,1533.99899
2023-10-09 05:50:00,,1545.99899
2023-10-09 05:51:00,,1557.99899
2023-10-09 05:52:00,,1569.99899
2023-10-09 05:53:00,,1581.99899
2023-10-09 05:54:00,,1593.99899
2023-10-09 05:55:00,,1605.99899
2023-10-09 05:56:00,,1617.99899
2023-10-09 05:57:00,2023-10-09 05:57:47,1629.99899
2023-10-09 05:58:00,,1628.8452146153847
2023-10-09 05:59:00,,1627.6914392307692
2023-10-09 06:00:00,,1626.537663846154
2023-10-09 06:01:00,,1625.3838884615384
2023-10-09 06:02:00,,1624.230113076923
2023-10-09 06:03:00,,1623.0763376923078
2023-10-09 06:04:00,,1621.9225623076923
2023-10-09 06:05:00,,1620.768786923077
2023-10-09 06:06:00,,1619.6150115384617
2023-10-09 06:07:00,,1618.4612361538461
2023-10-09 06:08:00,,1617.3074607692308
2023-10-09 06:09:00,,1616.1536853846153
2023-10-09 06:10:00,2023-10-09 06:10:13,1614.99991
2023-10-09 06:11:00,,1608.5713385714287
2023-10-09 06:12:00,,1602.142767142857
2023-10-09 06:13:00,,1595.7141957142858
2023-10-09 06:14:00,,1589.2856242857142
2023-10-09 06:15:00,,1582.857052857143
2023-10-09 06:16:00,,1576.4284814285713
2023-10-09 06:17:00,,1569.99991
2023-10-09 06:18:00,,1563.5713385714287
2023-10-09 06:19:00,,1557.142767142857
2023-10-09 06:20:00,,1550.7141957142858
2023-10-09 06:21:00,,1544.2856242857142
2023-10-09 06:22:00,,1537.857052857143
2023-10-09 06:23:00,,1531.4284814285713
2023-10-09 06:24:00,2023-10-09 06:24:03,1524.99991
2023-10-09 06:25:00,,1531.9998486666666
2023-10-09 06:26:00,,1538.9997873333334
2023-10-09 06:27:00,,1545.999726
2023-10-09 06:28:00,,1552.9996646666666
2023-10-09 06:29:00,,1559.9996033333334
2023-10-09 06:30:00,,1566.999542
2023-10-09 06:31:00,,1573.9994806666666
2023-10-09 06:32:00,,1580.9994193333334
2023-10-09 06:33:00,,1587.999358
2023-10-09 06:34:00,,1594.9992966666666
2023-10-09 06:35:00,,1601.9992353333334
2023-10-09 06:36:00,,1608.999174
2023-10-09 06:37:00,,1615.9991126666666
2023-10-09 06:38:00,,1622.9990513333335
2023-10-09 06:39:00,2023-10-09 06:39:15,1629.99899
2023-10-09 06:40:00,,1635.4535772727272
2023-10-09 06:41:00,,1640.9081645454546
2023-10-09 06:42:00,,1646.3627518181818
2023-10-09 06:43:00,,1651.8173390909092
2023-10-09 06:44:00,,1657.2719263636363
2023-10-09 06:45:00,,1662.7265136363637
2023-10-09 06:46:00,,1668.181100909091
2023-10-09 06:47:00,,1673.6356881818183
2023-10-09 06:48:00,,1679.0902754545455
2023-10-09 06:49:00,,1684.5448627272729
2023-10-09 06:50:00,2023-10-09 06:50:19,1689.99945
2023-10-09 06:51:00,,1644.99945
2023-10-09 06:52:00,,1599.99945
2023-10-09 06:53:00,,1554.99945
2023-10-09 06:54:00,,1509.99945
2023-10-09 06:55:00,2023-10-09 06:55:51,1464.99945
2023-10-09 06:56:00,,1427.4994483333335
2023-10-09 06:57:00,,1389.9994466666667
2023-10-09 06:58:00,,1352.499445
2023-10-09 06:59:00,,1314.9994433333334
2023-10-09 07:00:00,,1277.4994416666668
2023-10-09 07:01:00,2023-10-09 07:01:22,1239.99944
2023-10-09 07:02:00,,1244.99944
2023-10-09 07:03:00,,1249.99944
2023-10-09 07:04:00,,1254.99944
2023-10-09 07:05:00,,1259.99944
2023-10-09 07:06:00,,1264.99944
2023-10-09 07:07:00,,1269.99944
2023-10-09 07:08:00,,1274.99944
2023-10-09 07:09:00,,1279.99944
2023-10-09 07:10:00,,1284.99944
2023-10-09 07:11:00,,1289.99944
2023-10-09 07:12:00,,1294.99944
2023-10-09 07:13:00,,1299.99944
2023-10-09 07:14:00,,1304.99944
2023-10-09 07:15:00,,1309.99944
2023-10-09 07:16:00,,1314.99944
2023-10-09 07:17:00,,1319.99944
2023-10-09 07:18:00,,1324.99944
2023-10-09 07:19:00,2023-10-09 07:19:21,1329.99944
2023-10-09 07:20:00,,1332.4994016666667
2023-10-09 07:21:00,,1334.9993633333333
2023-10-09 07:22:00,,1337.499325
2023-10-09 07:23:00,,1339.9992866666666
2023-10-09 07:24:00,,1342.4992483333333
2023-10-09 07:25:00,,1344.99921
2023-10-09 07:26:00,,1347.4991716666668
2023-10-09 07:27:00,,1349.9991333333335
2023-10-09 07:28:00,,1352.4990950000001
2023-10-09 07:29:00,,1354.9990566666668
2023-10-09 07:30:00,,1357.4990183333334
2023-10-09 07:31:00,2023-10-09 07:31:47,1359.99898
2023-10-09 07:32:00,,1304.9991333333335
2023-10-09 07:33:00,,1249.9992866666666
2023-10-09 07:34:00,2023-10-09 07:34:33,1194.99944
2023-10-09 07:35:00,,1181.4994390000002
2023-10-09 07:36:00,,1167.999438
2023-10-09 07:37:00,,1154.499437
2023-10-09 07:38:00,,1140.999436
2023-10-09 07:39:00,,1127.4994350000002
2023-10-09 07:40:00,,1113.999434
2023-10-09 07:41:00,,1100.499433
2023-10-09 07:42:00,,1086.999432
2023-10-09 07:43:00,,1073.4994310000002
2023-10-09 07:44:00,2023-10-09 07:44:14,1059.99943
2023-10-09 07:45:00,,1035.99952
2023-10-09 07:46:00,,1011.9996100000001
2023-10-09 07:47:00,,987.9997000000001
2023-10-09 07:48:00,,963.99979
2023-10-09 07:49:00,2023-10-09 07:49:46,939.99988
2023-10-09 07:50:00,,974.1665227777778
2023-10-09 07:51:00,,1008.3331655555555
2023-10-09 07:52:00,,1042.4998083333332
2023-10-09 07:53:00,,1076.6664511111112
2023-10-09 07:54:00,,1110.833093888889
2023-10-09 07:55:00,,1144.9997366666666
2023-10-09 07:56:00,,1179.1663794444444
2023-10-09 07:57:00,,1213.333022222222
2023-10-09 07:58:00,,1247.499665
2023-10-09 07:59:00,,1281.6663077777778
2023-10-09 08:00:00,,1315.8329505555555
2023-10-09 08:01:00,,1349.9995933333335
2023-10-09 08:02:00,,1384.1662361111112
2023-10-09 08:03:00,,1418.332878888889
2023-10-09 08:04:00,,1452.4995216666666
2023-10-09 08:05:00,,1486.6661644444443
2023-10-09 08:06:00,,1520.832807222222
2023-10-09 08:07:00,2023-10-09 08:07:44,1554.99945
2023-10-09 08:08:00,,1299.99921
2023-10-09 08:09:00,2023-10-09 08:09:07,1044.99897
2023-10-09 08:10:00,,1100.7133885714286
2023-10-09 08:11:00,,1156.4278071428573
2023-10-09 08:12:00,,1212.1422257142858
2023-10-09 08:13:00,,1267.8566442857143
2023-10-09 08:14:00,,1323.5710628571428
2023-10-09 08:15:00,,1379.2854814285715
2023-10-09 08:16:00,2023-10-09 08:16:02,1434.9999
2023-10-09 08:17:00,2023-10-09 08:17:25,1734.99946
2023-10-09 08:18:00,2023-10-09 08:18:48,1269.99898
2023-10-09 08:19:00,,1562.49899
2023-10-09 08:20:00,2023-10-09 08:20:11,1854.999
2023-10-09 08:21:00,,1959.999188
2023-10-09 08:22:00,,2064.999376
2023-10-09 08:23:00,,2169.999564
2023-10-09 08:24:00,,2274.999752
2023-10-09 08:25:00,2023-10-09 08:25:42,2379.99994
2023-10-09 08:26:00,,2429.999636666667
2023-10-09 08:27:00,,2479.999333333333
2023-10-09 08:28:00,2023-10-09 08:28:28,2529.99903
2023-10-09 08:29:00,2023-10-09 08:29:51,2979.99905
2023-10-09 08:30:00,,2924.9991999999997
2023-10-09 08:31:00,,2869.99935
2023-10-09 08:32:00,2023-10-09 08:32:37,2814.9995
2023-10-09 08:33:00,,2844.999455
2023-10-09 08:34:00,,2874.99941
2023-10-09 08:35:00,,2904.9993649999997
2023-10-09 08:36:00,,2934.99932
2023-10-09 08:37:00,,2964.999275
2023-10-09 08:38:00,,2994.99923
2023-10-09 08:39:00,,3024.9991849999997
2023-10-09 08:40:00,,3054.99914
2023-10-09 08:41:00,,3084.999095
2023-10-09 08:42:00,2023-10-09 08:42:18,3114.99905
2023-10-09 08:43:00,,3120.453637272727
2023-10-09 08:44:00,,3125.9082245454547
2023-10-09 08:45:00,,3131.362811818182
2023-10-09 08:46:00,,3136.817399090909
2023-10-09 08:47:00,,3142.271986363636
2023-10-09 08:48:00,,3147.726573636364
2023-10-09 08:49:00,,3153.181160909091
2023-10-09 08:50:00,,3158.635748181818
2023-10-09 08:51:00,,3164.0903354545453
2023-10-09 08:52:00,,3169.544922727273
2023-10-09 08:53:00,2023-10-09 08:53:21,3174.99951
2023-10-09 08:54:00,2023-10-09 08:54:44,3444.99952
2023-10-09 08:55:00,,3454.99952
2023-10-09 08:56:00,,3464.99952
2023-10-09 08:57:00,,3474.99952
2023-10-09 08:58:00,,3484.99952
2023-10-09 08:59:00,,3494.99952
2023-10-09 09:00:00,,3504.99952
2023-10-09 09:01:00,,3514.99952
2023-10-09 09:02:00,,3524.99952
2023-10-09 09:03:00,2023-10-09 09:03:02,3534.99952
2023-10-09 09:04:00,2023-10-09 09:04:25,3654.99907
2023-10-09 09:05:00,,3714.9991874999996
2023-10-09 09:06:00,,3774.999305
2023-10-09 09:07:00,,3834.9994225
2023-10-09 09:08:00,2023-10-09 09:08:34,3894.99954
2023-10-09 09:09:00,,3943.7496549999996
2023-10-09 09:10:00,,3992.49977
2023-10-09 09:11:00,,4041.249885
2023-10-09 09:12:00,2023-10-09 09:12:43,4090.0
2023-10-09 09:13:00,,4122.49985
2023-10-09 09:14:00,,4154.9997
2023-10-09 09:15:00,,4187.49955
2023-10-09 09:16:00,,4219.9994
2023-10-09 09:17:00,,4252.49925
2023-10-09 09:18:00,2023-10-09 09:18:14,4284.9991
2023-10-09 09:19:00,,4371.249330000001
2023-10-09 09:20:00,,4457.49956
2023-10-09 09:21:00,,4543.74979
2023-10-09 09:22:00,2023-10-09 09:22:23,4630.00002
2023-10-09 09:23:00,,4621.4285257142865
2023-10-09 09:24:00,,4612.857031428572
2023-10-09 09:25:00,,4604.285537142858
2023-10-09 09:26:00,,4595.714042857143
2023-10-09 09:27:00,,4587.142548571429
2023-10-09 09:28:00,,4578.571054285714
2023-10-09 09:29:00,,4569.99956
2023-10-09 09:30:00,,4561.428065714286
2023-10-09 09:31:00,,4552.856571428571
2023-10-09 09:32:00,,4544.2850771428575
2023-10-09 09:33:00,,4535.713582857143
2023-10-09 09:34:00,,4527.142088571429
2023-10-09 09:35:00,,4518.570594285714
2023-10-09 09:36:00,2023-10-09 09:36:13,4509.9991
2023-10-09 09:37:00,,4547.4992175
2023-10-09 09:38:00,,4584.999335
2023-10-09 09:39:00,,4622.4994525
2023-10-09 09:40:00,2023-10-09 09:40:22,4659.99957
2023-10-09 09:41:00,2023-10-09 09:41:45,4299.99955
2023-10-09 09:42:00,,4159.9993933333335
2023-10-09 09:43:00,,4019.999236666667
2023-10-09 09:44:00,2023-10-09 09:44:30,3879.99908
2023-10-09 09:45:00,2023-10-09 09:45:53,3399.99952
2023-10-09 09:46:00,,3302.499285
2023-10-09 09:47:00,2023-10-09 09:47:16,3204.99905
2023-10-09 09:48:00,2023-10-09 09:48:39,3684.99999
2023-10-09 09:49:00,,2807.4999549999998
2023-10-09 09:50:00,2023-10-09 09:50:02,1929.99992
2023-10-09 09:51:00,2023-10-09 09:51:25,2574.99903
2023-10-09 09:52:00,2023-10-09 09:52:48,2694.99995
2023-10-09 09:53:00,,2349.9997075
2023-10-09 09:54:00,,2004.9994649999999
2023-10-09 09:55:00,,1659.9992225
2023-10-09 09:56:00,2023-10-09 09:56:57,1314.99898
2023-10-09 09:57:00,,1434.999215
2023-10-09 09:58:00,2023-10-09 09:58:20,1554.99945
2023-10-09 09:59:00,2023-10-09 09:59:43,1194.99944
2023-10-09 10:00:00,,1014.9994300000001
2023-10-09 10:01:00,2023-10-09 10:01:06,834.99942
2023-10-09 10:02:00,,839.49942
2023-10-09 10:03:00,,843.99942
2023-10-09 10:04:00,,848.49942
2023-10-09 10:05:00,,852.99942
2023-10-09 10:06:00,,857.49942
2023-10-09 10:07:00,,861.99942
2023-10-09 10:08:00,,866.49942
2023-10-09 10:09:00,,870.99942
2023-10-09 10:10:00,,875.49942
2023-10-09 10:11:00,,879.99942
2023-10-09 10:12:00,,884.49942
2023-10-09 10:13:00,,888.99942
2023-10-09 10:14:00,,893.49942
2023-10-09 10:15:00,,897.99942
2023-10-09 10:16:00,,902.49942
2023-10-09 10:17:00,,906.99942
2023-10-09 10:18:00,,911.49942
2023-10-09 10:19:00,,915.99942
2023-10-09 10:20:00,,920.49942
2023-10-09 10:21:00,2023-10-09 10:21:50,924.99942
2023-10-09 10:22:00,,867.1422757142857
2023-10-09 10:23:00,,809.2851314285714
2023-10-09 10:24:00,,751.4279871428571
2023-10-09 10:25:00,,693.5708428571429
2023-10-09 10:26:00,,635.7136985714285
2023-10-09 10:27:00,,577.8565542857143
2023-10-09 10:28:00,2023-10-09 10:28:45,519.99941
2023-10-09 10:29:00,,494.2851228571429
2023-10-09 10:30:00,,468.5708357142857
2023-10-09 10:31:00,,442.85654857142856
2023-10-09 10:32:00,,417.14226142857143
2023-10-09 10:33:00,,391.4279742857143
2023-10-09 10:34:00,,365.7136871428571
2023-10-09 10:35:00,2023-10-09 10:35:40,339.9994
2023-10-09 10:36:00,,307.8565414285714
2023-10-09 10:37:00,,275.7136828571428
2023-10-09 10:38:00,,243.57082428571428
2023-10-09 10:39:00,,211.4279657142857
2023-10-09 10:40:00,,179.28510714285713
2023-10-09 10:41:00,,147.14224857142858
2023-10-09 10:42:00,2023-10-09 10:42:34,114.99939
2023-10-09 10:43:00,,105.99939
2023-10-09 10:44:00,,96.99939
2023-10-09 10:45:00,,87.99939
2023-10-09 10:46:00,,78.99939
2023-10-09 10:47:00,,69.99939
2023-10-09 10:48:00,,60.999390000000005
2023-10-09 10:49:00,,51.999390000000005
2023-10-09 10:50:00,,42.999390000000005
2023-10-09 10:51:00,,33.999390000000005
2023-10-09 10:52:00,2023-10-09 10:52:15,24.99939
2023-10-09 10:53:00,,42.72670545454545
2023-10-09 10:54:00,,60.45402090909091
2023-10-09 10:55:00,,78.18133636363636
2023-10-09 10:56:00,,95.90865181818182
2023-10-09 10:57:00,,113.63596727272727
2023-10-09 10:58:00,,131.36328272727272
2023-10-09 10:59:00,,149.0905981818182
2023-10-09 11:00:00,,166.81791363636364
2023-10-09 11:01:00,,184.5452290909091
2023-10-09 11:02:00,,202.27254454545454
2023-10-09 11:03:00,2023-10-09 11:03:19,219.99986
2023-10-09 11:04:00,,514.9997166666667
2023-10-09 11:05:00,,809.9995733333334
2023-10-09 11:06:00,2023-10-09 11:06:04,1104.99943
2023-10-09 11:07:00,,609.99941
2023-10-09 11:08:00,2023-10-09 11:08:50,114.99939
2023-10-09 11:09:00,,944.9995766666666
2023-10-09 11:10:00,,1774.9997633333332
2023-10-09 11:11:00,2023-10-09 11:11:36,2604.99995
2023-10-09 11:12:00,2023-10-09 11:12:59,1269.99898
2023-10-09 11:13:00,,1457.499215
2023-10-09 11:14:00,2023-10-09 11:14:22,1644.99945
2023-10-09 11:15:00,2023-10-09 11:15:45,2439.99902
2023-10-09 11:16:00,,2612.4994850000003
2023-10-09 11:17:00,2023-10-09 11:17:08,2784.99995
2023-10-09 11:18:00,,3039.9995049999998
2023-10-09 11:19:00,2023-10-09 11:19:54,3294.99906
2023-10-09 11:20:00,,3174.99951
2023-10-09 11:21:00,2023-10-09 11:21:17,3054.99996
2023-10-09 11:22:00,2023-10-09 11:22:40,3804.99953
2023-10-09 11:23:00,,4277.49955
2023-10-09 11:24:00,2023-10-09 11:24:03,4749.99957
2023-10-09 11:25:00,,4202.49932
2023-10-09 11:26:00,2023-10-09 11:26:49,3654.99907
2023-10-09 11:27:00,,3712.1419728571427
2023-10-09 11:28:00,,3769.2848757142856
2023-10-09 11:29:00,,3826.4277785714285
2023-10-09 11:30:00,,3883.5706814285713
2023-10-09 11:31:00,,3940.713584285714
2023-10-09 11:32:00,,3997.856487142857
2023-10-09 11:33:00,,4054.99939
2023-10-09 11:34:00,,4112.142292857143
2023-10-09 11:35:00,,4169.285195714286
2023-10-09 11:36:00,,4226.428098571429
2023-10-09 11:37:00,,4283.571001428571
2023-10-09 11:38:00,,4340.713904285714
2023-10-09 11:39:00,,4397.856807142857
2023-10-09 11:40:00,,4454.99971
2023-10-09 11:41:00,,4512.142612857143
2023-10-09 11:42:00,,4569.285515714286
2023-10-09 11:43:00,,4626.428418571429
2023-10-09 11:44:00,,4683.5713214285715
2023-10-09 11:45:00,,4740.714224285714
2023-10-09 11:46:00,,4797.857127142857
2023-10-09 11:47:00,2023-10-09 11:47:33,4855.00003
2023-10-09 11:48:00,,4941.24992
2023-10-09 11:49:00,,5027.49981
2023-10-09 11:50:00,,5113.7497
2023-10-09 11:51:00,2023-10-09 11:51:42,5199.99959
2023-10-09 11:52:00,,5304.999593333334
2023-10-09 11:53:00,,5409.999596666667
2023-10-09 11:54:00,2023-10-09 11:54:28,5514.9996
2023-10-09 11:55:00,,5579.999756666667
2023-10-09 11:56:00,,5644.999913333333
2023-10-09 11:57:00,2023-10-09 11:57:14,5710.00007
2023-10-09 11:58:00,2023-10-09 11:58:37,6070.00008
2023-10-09 11:59:00,2023-10-09 11:59:59,6340.00009
2023-10-09 12:00:00,,6565.000099999999
2023-10-09 12:01:00,2023-10-09 12:01:22,6790.00011
2023-10-09 12:02:00,2023-10-09 12:02:45,6565.0001
2023-10-09 12:03:00,,6685.000103333334
2023-10-09 12:04:00,,6805.000106666666
2023-10-09 12:05:00,2023-10-09 12:05:31,6925.00011
2023-10-09 12:06:00,,7051.428621428571
2023-10-09 12:07:00,,7177.8571328571425
2023-10-09 12:08:00,,7304.285644285714
2023-10-09 12:09:00,,7430.714155714286
2023-10-09 12:10:00,,7557.142667142857
2023-10-09 12:11:00,,7683.571178571428
2023-10-09 12:12:00,2023-10-09 12:12:26,7809.99969
2023-10-09 12:13:00,2023-10-09 12:13:49,7404.99967
2023-10-09 12:14:00,,7449.999671428572
2023-10-09 12:15:00,,7494.999672857143
2023-10-09 12:16:00,,7539.999674285715
2023-10-09 12:17:00,,7584.999675714285
2023-10-09 12:18:00,,7629.999677142857
2023-10-09 12:19:00,,7674.999678571428
2023-10-09 12:20:00,2023-10-09 12:20:44,7719.99968
2023-10-09 12:21:00,,7704.99968
2023-10-09 12:22:00,,7689.99968
2023-10-09 12:23:00,,7674.99968
2023-10-09 12:24:00,,7659.99968
2023-10-09 12:25:00,,7644.99968
2023-10-09 12:26:00,,7629.99968
2023-10-09 12:27:00,,7614.99968
2023-10-09 12:28:00,,7599.99968
2023-10-09 12:29:00,2023-10-09 12:29:01,7584.99968
2023-10-09 12:30:00,,7202.499664999999
2023-10-09 12:31:00,2023-10-09 12:31:47,6819.99965
2023-10-09 12:32:00,,6437.499635
2023-10-09 12:33:00,2023-10-09 12:33:10,6054.99962
2023-10-09 12:34:00,2023-10-09 12:34:33,6970.00011
2023-10-09 12:35:00,2023-10-09 12:35:56,7209.99921
2023-10-09 12:36:00,,6812.49942
2023-10-09 12:37:00,2023-10-09 12:37:19,6414.99963
2023-10-09 12:38:00,2023-10-09 12:38:42,4495.00002
2023-10-09 12:39:00,,4791.2498025
2023-10-09 12:40:00,,5087.499585
2023-10-09 12:41:00,,5383.7493675
2023-10-09 12:42:00,2023-10-09 12:42:51,5679.99915
2023-10-09 12:43:00,,5177.499589999999
2023-10-09 12:44:00,2023-10-09 12:44:14,4675.00003
2023-10-09 12:45:00,,4345.000016666667
2023-10-09 12:46:00,,4015.000003333333
2023-10-09 12:47:00,2023-10-09 12:47:00,3684.99999
2023-10-09 12:48:00,2023-10-09 12:48:23,3489.99952
2023-10-09 12:49:00,2023-10-09 12:49:46,3234.99997
2023-10-09 12:50:00,,3617.499985
2023-10-09 12:51:00,2023-10-09 12:51:09,4000.0
2023-10-09 12:52:00,2023-10-09 12:52:32,3054.99996
2023-10-09 12:53:00,2023-10-09 12:53:55,2454.99948
2023-10-09 12:54:00,,2559.9992549999997
2023-10-09 12:55:00,2023-10-09 12:55:17,2664.99903
2023-10-09 12:56:00,2023-10-09 12:56:40,2844.99904
2023-10-09 12:57:00,,2582.49926
2023-10-09 12:58:00,2023-10-09 12:58:03,2319.99948
2023-10-09 12:59:00,,2323.332838888889
2023-10-09 13:00:00,,2326.6661977777776
2023-10-09 13:01:00,,2329.9995566666666
2023-10-09 13:02:00,,2333.3329155555557
2023-10-09 13:03:00,,2336.6662744444443
2023-10-09 13:04:00,,2339.9996333333333
2023-10-09 13:05:00,,2343.3329922222224
2023-10-09 13:06:00,,2346.666351111111
2023-10-09 13:07:00,,2349.99971
2023-10-09 13:08:00,,2353.333068888889
2023-10-09 13:09:00,,2356.6664277777777
2023-10-09 13:10:00,,2359.9997866666668
2023-10-09 13:11:00,,2363.333145555556
2023-10-09 13:12:00,,2366.6665044444444
2023-10-09 13:13:00,,2369.9998633333335
2023-10-09 13:14:00,,2373.3332222222225
2023-10-09 13:15:00,,2376.666581111111
2023-10-09 13:16:00,2023-10-09 13:16:02,2379.99994
2023-10-09 13:17:00,,2244.9999350000003
2023-10-09 13:18:00,,2109.99993
2023-10-09 13:19:00,,1974.999925
2023-10-09 13:20:00,2023-10-09 13:20:11,1839.99992
2023-10-09 13:21:00,,1941.2499225
2023-10-09 13:22:00,,2042.499925
2023-10-09 13:23:00,,2143.7499275
2023-10-09 13:24:00,2023-10-09 13:24:19,2244.99993
2023-10-09 13:25:00,2023-10-09 13:25:42,2049.99947
2023-10-09 13:26:00,,1849.9993100000002
2023-10-09 13:27:00,,1649.99915
2023-10-09 13:28:00,2023-10-09 13:28:28,1449.99899
2023-10-09 13:29:00,2023-10-09 13:29:51,1659.99991
2023-10-09 13:30:00,,1487.499445
2023-10-09 13:31:00,2023-10-09 13:31:14,1314.99898
2023-10-09 13:32:00,,1282.8561214285714
2023-10-09 13:33:00,,1250.713262857143
2023-10-09 13:34:00,,1218.5704042857144
2023-10-09 13:35:00,,1186.4275457142858
2023-10-09 13:36:00,,1154.2846871428571
2023-10-09 13:37:00,,1122.1418285714287
2023-10-09 13:38:00,2023-10-09 13:38:09,1089.99897
2023-10-09 13:39:00,,1084.5445081818182
2023-10-09 13:40:00,,1079.0900463636365
2023-10-09 13:41:00,,1073.6355845454545
2023-10-09 13:42:00,,1068.1811227272729
2023-10-09 13:43:00,,1062.726660909091
2023-10-09 13:44:00,,1057.2721990909092
2023-10-09 13:45:00,,1051.8177372727273
2023-10-09 13:46:00,,1046.3632754545456
2023-10-09 13:47:00,,1040.9088136363637
2023-10-09 13:48:00,,1035.454351818182
2023-10-09 13:49:00,2023-10-09 13:49:12,1029.99989
2023-10-09 13:50:00,,1081.428462857143
2023-10-09 13:51:00,,1132.8570357142858
2023-10-09 13:52:00,,1184.2856085714286
2023-10-09 13:53:00,,1235.7141814285715
2023-10-09 13:54:00,,1287.1427542857143
2023-10-09 13:55:00,,1338.5713271428572
2023-10-09 13:56:00,2023-10-09 13:56:07,1389.9999
2023-10-09 13:57:00,,1458.999812
2023-10-09 13:58:00,,1527.999724
2023-10-09 13:59:00,,1596.999636
2023-10-09 14:00:00,,1665.999548
2023-10-09 14:01:00,2023-10-09 14:01:39,1734.99946
2023-10-09 14:02:00,,1404.999675
2023-10-09 14:03:00,2023-10-09 14:03:02,1074.99989
2023-10-09 14:04:00,,1359.9996725
2023-10-09 14:05:00,,1644.9994550000001
2023-10-09 14:06:00,,1929.9992375000002
2023-10-09 14:07:00,2023-10-09 14:07:11,2214.99902
2023-10-09 14:08:00,,2454.999212
2023-10-09 14:09:00,,2694.999404
2023-10-09 14:10:00,,2934.999596
2023-10-09 14:11:00,,3174.999788
2023-10-09 14:12:00,2023-10-09 14:12:43,3414.99998
2023-10-09 14:13:00,,3119.9996633333335
2023-10-09 14:14:00,,2824.9993466666665
2023-10-09 14:15:00,2023-10-09 14:15:29,2529.99903
2023-10-09 14:16:00,2023-10-09 14:16:51,2664.99903
2023-10-09 14:17:00,,3137.49905
2023-10-09 14:18:00,2023-10-09 14:18:14,3609.99907
2023-10-09 14:19:00,,3404.999213333333
2023-10-09 14:20:00,,3199.9993566666667
2023-10-09 14:21:00,2023-10-09 14:21:00,2994.9995
2023-10-09 14:22:00,2023-10-09 14:22:23,2829.99996
2023-10-09 14:23:00,,2910.6248475
2023-10-09 14:24:00,,2991.2497350000003
2023-10-09 14:25:00,,3071.8746225
2023-10-09 14:26:00,,3152.49951
2023-10-09 14:27:00,,3233.1243975
2023-10-09 14:28:00,,3313.749285
2023-10-09 14:29:00,,3394.3741725
2023-10-09 14:30:00,2023-10-09 14:30:41,3474.99906
2023-10-09 14:31:00,,3437.4992875
2023-10-09 14:32:00,,3399.999515
2023-10-09 14:33:00,,3362.4997425
2023-10-09 14:34:00,2023-10-09 14:34:50,3324.99997
2023-10-09 14:35:00,,3284.999893333333
2023-10-09 14:36:00,,3244.9998166666664
2023-10-09 14:37:00,,3204.99974
2023-10-09 14:38:00,,3164.9996633333335
2023-10-09 14:39:00,,3124.999586666667
2023-10-09 14:40:00,2023-10-09 14:40:22,3084.99951
2023-10-09 14:41:00,,2991.2493925
2023-10-09 14:42:00,,2897.499275
2023-10-09 14:43:00,,2803.7491575000004
2023-10-09 14:44:00,2023-10-09 14:44:30,2709.99904
2023-10-09 14:45:00,,2619.9990350000003
2023-10-09 14:46:00,,2529.99903
2023-10-09 14:47:00,,2439.999025
2023-10-09 14:48:00,2023-10-09 14:48:39,2349.99902
2023-10-09 14:49:00,,2238.570575714286
2023-10-09 14:50:00,,2127.1421314285717
2023-10-09 14:51:00,,2015.7136871428572
2023-10-09 14:52:00,,1904.285242857143
2023-10-09 14:53:00,,1792.8567985714285
2023-10-09 14:54:00,,1681.4283542857142
2023-10-09 14:55:00,2023-10-09 14:55:34,1569.99991
2023-10-09 14:56:00,2023-10-09 14:56:57,1824.99946
2023-10-09 14:57:00,,1082.4994299999998
2023-10-09 14:58:00,2023-10-09 14:58:20,339.9994
2023-10-09 14:59:00,2023-10-09 14:59:43,1164.99989
2023-10-09 15:00:00,,827.4998800000001
2023-10-09 15:01:00,2023-10-09 15:01:06,489.99987
2023-10-09 15:02:00,2023-10-09 15:02:29,204.9994
2023-10-09 15:03:00,,174.99939833333335
2023-10-09 15:04:00,,144.99939666666668
2023-10-09 15:05:00,,114.999395
2023-10-09 15:06:00,,84.99939333333334
2023-10-09 15:07:00,,54.99939166666667
2023-10-09 15:08:00,2023-10-09 15:08:01,24.99939
2023-10-09 15:09:00,,23.420466842105263
2023-10-09 15:10:00,,21.841543684210524
2023-10-09 15:11:00,,20.26262052631579
2023-10-09 15:12:00,,18.68369736842105
2023-10-09 15:13:00,,17.104774210526315
2023-10-09 15:14:00,,15.525851052631578
2023-10-09 15:15:00,,13.946927894736842
2023-10-09 15:16:00,,12.368004736842105
2023-10-09 15:17:00,,10.789081578947368
2023-10-09 15:18:00,,9.21015842105263
2023-10-09 15:19:00,,7.631235263157894
2023-10-09 15:20:00,,6.052312105263159
2023-10-09 15:21:00,,4.47338894736842
2023-10-09 15:22:00,,2.894465789473685
2023-10-09 15:23:00,,1.3155426315789462
2023-10-09 15:24:00,,-0.2633805263157889
2023-10-09 15:25:00,,-1.842303684210524
2023-10-09 15:26:00,,-3.4212268421052627
2023-10-09 15:27:00,2023-10-09 15:27:22,-5.00015
2023-10-09 15:28:00,,-2.631728947368421
2023-10-09 15:29:00,,-0.26330789473684213
2023-10-09 15:30:00,,2.1051131578947366
2023-10-09 15:31:00,,4.473534210526315
2023-10-09 15:32:00,,6.841955263157894
2023-10-09 15:33:00,,9.210376315789473
2023-10-09 15:34:00,,11.578797368421052
2023-10-09 15:35:00,,13.94721842105263
2023-10-09 15:36:00,,16.315639473684207
2023-10-09 15:37:00,,18.68406052631579
2023-10-09 15:38:00,,21.052481578947365
2023-10-09 15:39:00,,23.420902631578947
2023-10-09 15:40:00,,25.789323684210522
2023-10-09 15:41:00,,28.157744736842105
2023-10-09 15:42:00,,30.526165789473687
2023-10-09 15:43:00,,32.89458684210526
2023-10-09 15:44:00,,35.26300789473684
2023-10-09 15:45:00,,37.63142894736842
2023-10-09 15:46:00,2023-10-09 15:46:43,39.99985
2023-10-09 15:47:00,,36.78556428571429
2023-10-09 15:48:00,,33.57127857142857
2023-10-09 15:49:00,,30.35699285714286
2023-10-09 15:50:00,,27.142707142857144
2023-10-09 15:51:00,,23.92842142857143
2023-10-09 15:52:00,,20.714135714285717
2023-10-09 15:53:00,,17.499850000000002
2023-10-09 15:54:00,,14.285564285714287
2023-10-09 15:55:00,,11.071278571428572
2023-10-09 15:56:00,,7.856992857142856
2023-10-09 15:57:00,,4.642707142857141
2023-10-09 15:58:00,,1.4284214285714327
2023-10-09 15:59:00,,-1.7858642857142826
2023-10-09 16:00:00,2023-10-09 16:00:33,-5.00015
2023-10-09 16:01:00,,0.35696000000000083
2023-10-09 16:02:00,,5.714070000000001
2023-10-09 16:03:00,,11.071180000000004
2023-10-09 16:04:00,,16.428290000000004
2023-10-09 16:05:00,,21.785400000000003
2023-10-09 16:06:00,,27.14251000000001
2023-10-09 16:07:00,,32.49962000000001
2023-10-09 16:08:00,,37.856730000000006
2023-10-09 16:09:00,,43.213840000000005
2023-10-09 16:10:00,,48.57095
2023-10-09 16:11:00,,53.92806000000001
2023-10-09 16:12:00,,59.285170000000015
2023-10-09 16:13:00,,64.64228
2023-10-09 16:14:00,2023-10-09 16:14:22,69.99939
2023-10-09 16:15:00,,67.85653285714287
2023-10-09 16:16:00,,65.71367571428571
2023-10-09 16:17:00,,63.570818571428575
2023-10-09 16:18:00,,61.427961428571436
2023-10-09 16:19:00,,59.28510428571429
2023-10-09 16:20:00,,57.142247142857144
2023-10-09 16:21:00,,54.999390000000005
2023-10-09 16:22:00,,52.85653285714286
2023-10-09 16:23:00,,50.71367571428571
2023-10-09 16:24:00,,48.570818571428575
2023-10-09 16:25:00,,46.42796142857143
2023-10-09 16:26:00,,44.28510428571428
2023-10-09 16:27:00,,42.142247142857144
2023-10-09 16:28:00,,39.99939
2023-10-09 16:29:00,,37.85653285714286
2023-10-09 16:30:00,,35.71367571428571
2023-10-09 16:31:00,,33.57081857142857
2023-10-09 16:32:00,,31.42796142857143
2023-10-09 16:33:00,,29.285104285714283
2023-10-09 16:34:00,,27.142247142857144
2023-10-09 16:35:00,2023-10-09 16:35:06,24.99939
2023-10-09 16:36:00,,26.730159230769228
2023-10-09 16:37:00,,28.46092846153846
2023-10-09 16:38:00,,30.19169769230769
2023-10-09 16:39:00,,31.92246692307692
2023-10-09 16:40:00,,33.65323615384615
2023-10-09 16:41:00,,35.384005384615385
2023-10-09 16:42:00,,37.11477461538462
2023-10-09 16:43:00,,38.845543846153845
2023-10-09 16:44:00,,40.57631307692308
2023-10-09 16:45:00,,42.30708230769231
2023-10-09 16:46:00,,44.03785153846154
2023-10-09 16:47:00,,45.76862076923077
2023-10-09 16:48:00,,47.499390000000005
2023-10-09 16:49:00,,49.23015923076923
2023-10-09 16:50:00,,50.960928461538465
2023-10-09 16:51:00,,52.6916976923077
2023-10-09 16:52:00,,54.422466923076925
2023-10-09 16:53:00,,56.15323615384616
2023-10-09 16:54:00,,57.884005384615385
2023-10-09 16:55:00,,59.61477461538462
2023-10-09 16:56:00,,61.34554384615385
2023-10-09 16:57:00,,63.07631307692308
2023-10-09 16:58:00,,64.80708230769231
2023-10-09 16:59:00,,66.53785153846155
2023-10-09 17:00:00,,68.26862076923078
2023-10-09 17:01:00,2023-10-09 17:01:22,69.99939
2023-10-09 17:02:00,,67.85656571428572
2023-10-09 17:03:00,,65.71374142857144
2023-10-09 17:04:00,,63.57091714285715
2023-10-09 17:05:00,,61.42809285714286
2023-10-09 17:06:00,,59.285268571428574
2023-10-09 17:07:00,,57.14244428571429
2023-10-09 17:08:00,,54.99962000000001
2023-10-09 17:09:00,,52.85679571428572
2023-10-09 17:10:00,,50.713971428571426
2023-10-09 17:11:00,,48.57114714285714
2023-10-09 17:12:00,,46.42832285714286
2023-10-09 17:13:00,,44.285498571428576
2023-10-09 17:14:00,,42.142674285714286
2023-10-09 17:15:00,2023-10-09 17:15:12,39.99985
2023-10-09 17:16:00,,42.499811666666666
2023-10-09 17:17:00,,44.99977333333334
2023-10-09 17:18:00,,47.499735
2023-10-09 17:19:00,,49.99969666666667
2023-10-09 17:20:00,,52.499658333333336
2023-10-09 17:21:00,,54.99962000000001
2023-10-09 17:22:00,,57.49958166666667
2023-10-09 17:23:00,,59.999543333333335
2023-10-09 17:24:00,,62.499505000000006
2023-10-09 17:25:00,,64.99946666666668
2023-10-09 17:26:00,,67.49942833333334
2023-10-09 17:27:00,2023-10-09 17:27:38,69.99939
2023-10-09 17:28:00,,69.99939
2023-10-09 17:29:00,,69.99939
2023-10-09 17:30:00,,69.99939
2023-10-09 17:31:00,,69.99939
2023-10-09 17:32:00,,69.99939
2023-10-09 17:33:00,,69.99939
2023-10-09 17:34:00,,69.99939
2023-10-09 17:35:00,,69.99939
2023-10-09 17:36:00,,69.99939
2023-10-09 17:37:00,,69.99939
2023-10-09 17:38:00,2023-10-09 17:38:42,69.99939
2023-10-09 17:39:00,,69.99939
2023-10-09 17:40:00,,69.99939
2023-10-09 17:41:00,,69.99939
2023-10-09 17:42:00,,69.99939
2023-10-09 17:43:00,,69.99939
2023-10-09 17:44:00,,69.99939
2023-10-09 17:45:00,,69.99939
2023-10-09 17:46:00,,69.99939
2023-10-09 17:47:00,,69.99939
2023-10-09 17:48:00,,69.99939
2023-10-09 17:49:00,,69.99939
2023-10-09 17:50:00,,69.99939
2023-10-09 17:51:00,,69.99939
2023-10-09 17:52:00,,69.99939
2023-10-09 17:53:00,2023-10-09 17:53:55,69.99939
2023-10-09 17:54:00,,75.9993
2023-10-09 17:55:00,,81.99921
2023-10-09 17:56:00,,87.99912
2023-10-09 17:57:00,,93.99903
2023-10-09 17:58:00,2023-10-09 17:58:03,99.99894
2023-10-09 17:59:00,,99.99894
2023-10-09 18:00:00,,99.99894
2023-10-09 18:01:00,,99.99894
2023-10-09 18:02:00,,99.99894
2023-10-09 18:03:00,,99.99894
2023-10-09 18:04:00,,99.99894
2023-10-09 18:05:00,,99.99894
2023-10-09 18:06:00,,99.99894
2023-10-09 18:07:00,,99.99894
2023-10-09 18:08:00,,99.99894
2023-10-09 18:09:00,,99.99894
2023-10-09 18:10:00,2023-10-09 18:10:30,99.99894
2023-10-09 18:11:00,,98.6353240909091
2023-10-09 18:12:00,,97.27170818181818
2023-10-09 18:13:00,,95.90809227272727
2023-10-09 18:14:00,,94.54447636363636
2023-10-09 18:15:00,,93.18086045454547
2023-10-09 18:16:00,,91.81724454545454
2023-10-09 18:17:00,,90.45362863636365
2023-10-09 18:18:00,,89.09001272727274
2023-10-09 18:19:00,,87.72639681818183
2023-10-09 18:20:00,,86.36278090909092
2023-10-09 18:21:00,,84.999165
2023-10-09 18:22:00,,83.6355490909091
2023-10-09 18:23:00,,82.27193318181818
2023-10-09 18:24:00,,80.90831727272727
2023-10-09 18:25:00,,79.54470136363636
2023-10-09 18:26:00,,78.18108545454547
2023-10-09 18:27:00,,76.81746954545454
2023-10-09 18:28:00,,75.45385363636365
2023-10-09 18:29:00,,74.09023772727274
2023-10-09 18:30:00,,72.72662181818183
2023-10-09 18:31:00,,71.36300590909092
2023-10-09 18:32:00,2023-10-09 18:32:37,69.99939
2023-10-09 18:33:00,,69.99939
2023-10-09 18:34:00,,69.99939
2023-10-09 18:35:00,,69.99939
2023-10-09 18:36:00,,69.99939
2023-10-09 18:37:00,,69.99939
2023-10-09 18:38:00,,69.99939
2023-10-09 18:39:00,,69.99939
2023-10-09 18:40:00,,69.99939
2023-10-09 18:41:00,,69.99939
2023-10-09 18:42:00,,69.99939
2023-10-09 18:43:00,,69.99939
2023-10-09 18:44:00,,69.99939
2023-10-09 18:45:00,2023-10-09 18:45:04,69.99939
2023-10-09 18:46:00,,68.99935933333335
2023-10-09 18:47:00,,67.99932866666667
2023-10-09 18:48:00,,66.99929800000001
2023-10-09 18:49:00,,65.99926733333334
2023-10-09 18:50:00,,64.99923666666668
2023-10-09 18:51:00,,63.999206
2023-10-09 18:52:00,,62.99917533333334
2023-10-09 18:53:00,,61.999144666666666
2023-10-09 18:54:00,,60.999114000000006
2023-10-09 18:55:00,,59.99908333333333
2023-10-09 18:56:00,,58.99905266666667
2023-10-09 18:57:00,,57.999022000000004
2023-10-09 18:58:00,,56.998991333333336
2023-10-09 18:59:00,,55.99896066666667
2023-10-09 19:00:00,2023-10-09 19:00:16,54.99893
2023-10-09 19:01:00,,54.99893
2023-10-09 19:02:00,,54.99893
2023-10-09 19:03:00,,54.99893
2023-10-09 19:04:00,,54.99893
2023-10-09 19:05:00,,54.99893
2023-10-09 19:06:00,,54.99893
2023-10-09 19:07:00,,54.99893
2023-10-09 19:08:00,,54.99893
2023-10-09 19:09:00,,54.99893
2023-10-09 19:10:00,,54.99893
2023-10-09 19:11:00,2023-10-09 19:11:20,54.99893
2023-10-09 19:12:00,,53.499022000000004
2023-10-09 19:13:00,,51.999114
2023-10-09 19:14:00,,50.499206
2023-10-09 19:15:00,,48.999298
2023-10-09 19:16:00,,47.499390000000005
2023-10-09 19:17:00,,45.999482
2023-10-09 19:18:00,,44.499574
2023-10-09 19:19:00,,42.999666000000005
2023-10-09 19:20:00,,41.499758
2023-10-09 19:21:00,2023-10-09 19:21:00,39.99985
2023-10-09 19:22:00,,42.646908823529415
2023-10-09 19:23:00,,45.29396764705882
2023-10-09 19:24:00,,47.941026470588234
2023-10-09 19:25:00,,50.58808529411765
2023-10-09 19:26:00,,53.23514411764706
2023-10-09 19:27:00,,55.88220294117647
2023-10-09 19:28:00,,58.52926176470588
2023-10-09 19:29:00,,61.17632058823529
2023-10-09 19:30:00,,63.823379411764705
2023-10-09 19:31:00,,66.47043823529411
2023-10-09 19:32:00,,69.11749705882352
2023-10-09 19:33:00,,71.76455588235294
2023-10-09 19:34:00,,74.41161470588236
2023-10-09 19:35:00,,77.05867352941175
2023-10-09 19:36:00,,79.70573235294117
2023-10-09 19:37:00,,82.35279117647059
2023-10-09 19:38:00,2023-10-09 19:38:59,84.99985
2023-10-09 19:39:00,,83.1247925
2023-10-09 19:40:00,,81.249735
2023-10-09 19:41:00,,79.37467749999999
2023-10-09 19:42:00,,77.49962
2023-10-09 19:43:00,,75.6245625
2023-10-09 19:44:00,,73.749505
2023-10-09 19:45:00,,71.8744475
2023-10-09 19:46:00,,69.99939
2023-10-09 19:47:00,,68.1243325
2023-10-09 19:48:00,,66.249275
2023-10-09 19:49:00,,64.3742175
2023-10-09 19:50:00,,62.49916
2023-10-09 19:51:00,,60.6241025
2023-10-09 19:52:00,,58.749045
2023-10-09 19:53:00,,56.8739875
2023-10-09 19:54:00,2023-10-09 19:54:11,54.99893
2023-10-09 19:55:00,,56.36260818181818
2023-10-09 19:56:00,,57.72628636363636
2023-10-09 19:57:00,,59.08996454545455
2023-10-09 19:58:00,,60.45364272727273
2023-10-09 19:59:00,,61.81732090909091
2023-10-09 20:00:00,,63.18099909090909
2023-10-09 20:01:00,,64.54467727272727
2023-10-09 20:02:00,,65.90835545454546
2023-10-09 20:03:00,,67.27203363636363
2023-10-09 20:04:00,,68.63571181818182
2023-10-09 20:05:00,,69.99939
2023-10-09 20:06:00,,71.36306818181818
2023-10-09 20:07:00,,72.72674636363637
2023-10-09 20:08:00,,74.09042454545454
2023-10-09 20:09:00,,75.45410272727273
2023-10-09 20:10:00,,76.81778090909091
2023-10-09 20:11:00,,78.18145909090909
2023-10-09 20:12:00,,79.54513727272727
2023-10-09 20:13:00,,80.90881545454545
2023-10-09 20:14:00,,82.27249363636363
2023-10-09 20:15:00,,83.63617181818182
2023-10-09 20:16:00,2023-10-09 20:16:18,84.99985
2023-10-09 20:17:00,,79.99978866666666
2023-10-09 20:18:00,,74.99972733333333
2023-10-09 20:19:00,,69.99966599999999
2023-10-09 20:20:00,,64.99960466666667
2023-10-09 20:21:00,,59.99954333333333
2023-10-09 20:22:00,,54.999482
2023-10-09 20:23:00,,49.999420666666666
2023-10-09 20:24:00,,44.99935933333333
2023-10-09 20:25:00,,39.999297999999996
2023-10-09 20:26:00,,34.99923666666666
2023-10-09 20:27:00,,29.999175333333334
2023-10-09 20:28:00,,24.999114
2023-10-09 20:29:00,,19.99905266666667
2023-10-09 20:30:00,,14.998991333333336
2023-10-09 20:31:00,2023-10-09 20:31:31,9.99893
2023-10-09 20:32:00,,11.76369
2023-10-09 20:33:00,,13.52845
2023-10-09 20:34:00,,15.29321
2023-10-09 20:35:00,,17.05797
2023-10-09 20:36:00,,18.82273
2023-10-09 20:37:00,,20.587490000000003
2023-10-09 20:38:00,,22.352249999999998
2023-10-09 20:39:00,,24.11701
2023-10-09 20:40:00,,25.881770000000003
2023-10-09 20:41:00,,27.64653
2023-10-09 20:42:00,,29.41129
2023-10-09 20:43:00,,31.176050000000004
2023-10-09 20:44:00,,32.94081
2023-10-09 20:45:00,,34.70557
2023-10-09 20:46:00,,36.470330000000004
2023-10-09 20:47:00,,38.23509
2023-10-09 20:48:00,2023-10-09 20:48:06,39.99985
2023-10-09 20:49:00,,38.999819333333335
2023-10-09 20:50:00,,37.99978866666667
2023-10-09 20:51:00,,36.999758
2023-10-09 20:52:00,,35.99972733333333
2023-10-09 20:53:00,,34.999696666666665
2023-10-09 20:54:00,,33.999666
2023-10-09 20:55:00,,32.99963533333333
2023-10-09 20:56:00,,31.999604666666666
2023-10-09 20:57:00,,30.999574
2023-10-09 20:58:00,,29.99954333333333
2023-10-09 20:59:00,,28.999512666666668
2023-10-09 21:00:00,,27.999482
2023-10-09 21:01:00,,26.999451333333333
2023-10-09 21:02:00,,25.999420666666666
2023-10-09 21:03:00,2023-10-09 21:03:19,24.99939
2023-10-09 21:04:00,,24.285082380952378
2023-10-09 21:05:00,,23.57077476190476
2023-10-09 21:06:00,,22.85646714285714
2023-10-09 21:07:00,,22.14215952380952
2023-10-09 21:08:00,,21.4278519047619
2023-10-09 21:09:00,,20.713544285714285
2023-10-09 21:10:00,,19.999236666666665
2023-10-09 21:11:00,,19.284929047619045
2023-10-09 21:12:00,,18.570621428571428
2023-10-09 21:13:00,,17.856313809523808
2023-10-09 21:14:00,,17.142006190476188
2023-10-09 21:15:00,,16.42769857142857
2023-10-09 21:16:00,,15.713390952380951
2023-10-09 21:17:00,,14.999083333333333
2023-10-09 21:18:00,,14.284775714285713
2023-10-09 21:19:00,,13.570468095238095
2023-10-09 21:20:00,,12.856160476190476
2023-10-09 21:21:00,,12.141852857142856
2023-10-09 21:22:00,,11.427545238095238
2023-10-09 21:23:00,,10.713237619047618
2023-10-09 21:24:00,2023-10-09 21:24:03,9.99893
2023-10-09 21:25:00,,14.998968333333334
2023-10-09 21:26:00,,19.999006666666666
2023-10-09 21:27:00,,24.999045000000002
2023-10-09 21:28:00,,29.99908333333333
2023-10-09 21:29:00,,34.99912166666667
2023-10-09 21:30:00,,39.99916
2023-10-09 21:31:00,,44.99919833333333
2023-10-09 21:32:00,,49.99923666666667
2023-10-09 21:33:00,,54.999275000000004
2023-10-09 21:34:00,,59.99931333333333
2023-10-09 21:35:00,,64.99935166666667
2023-10-09 21:36:00,2023-10-09 21:36:29,69.99939
2023-10-09 21:37:00,,65.49939
2023-10-09 21:38:00,,60.999390000000005
2023-10-09 21:39:00,,56.499390000000005
2023-10-09 21:40:00,,51.999390000000005
2023-10-09 21:41:00,,47.499390000000005
2023-10-09 21:42:00,,42.99939
2023-10-09 21:43:00,,38.49939
2023-10-09 21:44:00,,33.99939
2023-10-09 21:45:00,,29.49939
2023-10-09 21:46:00,2023-10-09 21:46:10,24.99939
2023-10-09 21:47:00,,27.99939
2023-10-09 21:48:00,,30.99939
2023-10-09 21:49:00,,33.99939
2023-10-09 21:50:00,,36.99939
2023-10-09 21:51:00,,39.99939
2023-10-09 21:52:00,,42.999390000000005
2023-10-09 21:53:00,,45.999390000000005
2023-10-09 21:54:00,,48.999390000000005
2023-10-09 21:55:00,,51.999390000000005
2023-10-09 21:56:00,,54.999390000000005
2023-10-09 21:57:00,,57.999390000000005
2023-10-09 21:58:00,,60.999390000000005
2023-10-09 21:59:00,,63.999390000000005
2023-10-09 22:00:00,,66.99939
2023-10-09 22:01:00,2023-10-09 22:01:22,69.99939
2023-10-09 22:02:00,,69.06186125
2023-10-09 22:03:00,,68.12433250000001
2023-10-09 22:04:00,,67.18680375000001
2023-10-09 22:05:00,,66.24927500000001
2023-10-09 22:06:00,,65.31174625
2023-10-09 22:07:00,,64.3742175
2023-10-09 22:08:00,,63.43668875
2023-10-09 22:09:00,,62.49916
2023-10-09 22:10:00,,61.561631250000005
2023-10-09 22:11:00,,60.624102500000006
2023-10-09 22:12:00,,59.68657375
2023-10-09 22:13:00,,58.749045
2023-10-09 22:14:00,,57.811516250000004
2023-10-09 22:15:00,,56.8739875
2023-10-09 22:16:00,,55.93645875
2023-10-09 22:17:00,2023-10-09 22:17:58,54.99893
2023-10-09 22:18:00,,54.99893
2023-10-09 22:19:00,,54.99893
2023-10-09 22:20:00,,54.99893
2023-10-09 22:21:00,,54.99893
2023-10-09 22:22:00,,54.99893
2023-10-09 22:23:00,,54.99893
2023-10-09 22:24:00,,54.99893
2023-10-09 22:25:00,,54.99893
2023-10-09 22:26:00,,54.99893
2023-10-09 22:27:00,,54.99893
2023-10-09 22:28:00,,54.99893
2023-10-09 22:29:00,,54.99893
2023-10-09 22:30:00,,54.99893
2023-10-09 22:31:00,,54.99893
2023-10-09 22:32:00,,54.99893
2023-10-09 22:33:00,2023-10-09 22:33:10,54.99893
2023-10-09 22:34:00,,57.14185285714286
2023-10-09 22:35:00,,59.284775714285715
2023-10-09 22:36:00,,61.42769857142857
2023-10-09 22:37:00,,63.57062142857143
2023-10-09 22:38:00,,65.71354428571428
2023-10-09 22:39:00,,67.85646714285714
2023-10-09 22:40:00,,69.99939
2023-10-09 22:41:00,,72.14231285714285
2023-10-09 22:42:00,,74.2852357142857
2023-10-09 22:43:00,,76.42815857142857
2023-10-09 22:44:00,,78.57108142857143
2023-10-09 22:45:00,,80.71400428571428
2023-10-09 22:46:00,,82.85692714285713
2023-10-09 22:47:00,2023-10-09 22:47:00,84.99985
2023-10-09 22:48:00,,76.66641444444444
2023-10-09 22:49:00,,68.33297888888889
2023-10-09 22:50:00,,59.99954333333333
2023-10-09 22:51:00,,51.666107777777775
2023-10-09 22:52:00,,43.33267222222222
2023-10-09 22:53:00,,34.99923666666666
2023-10-09 22:54:00,,26.665801111111108
2023-10-09 22:55:00,,18.332365555555555
2023-10-09 22:56:00,2023-10-09 22:56:40,9.99893
2023-10-09 22:57:00,,9.99893
2023-10-09 22:58:00,,9.99893
2023-10-09 22:59:00,,9.99893
2023-10-09 23:00:00,,9.99893
2023-10-09 23:01:00,,9.99893
2023-10-09 23:02:00,,9.99893
2023-10-09 23:03:00,,9.99893
2023-10-09 23:04:00,,9.99893
2023-10-09 23:05:00,,9.99893
2023-10-09 23:06:00,,9.99893
2023-10-09 23:07:00,,9.99893
2023-10-09 23:08:00,,9.99893
2023-10-09 23:09:00,2023-10-09 23:09:07,9.99893
2023-10-09 23:10:00,,9.99893
2023-10-09 23:11:00,,9.99893
2023-10-09 23:12:00,,9.99893
2023-10-09 23:13:00,,9.99893
2023-10-09 23:14:00,,9.99893
2023-10-09 23:15:00,,9.99893
2023-10-09 23:16:00,,9.99893
2023-10-09 23:17:00,,9.99893
2023-10-09 23:18:00,,9.99893
2023-10-09 23:19:00,,9.99893
2023-10-09 23:20:00,,9.99893
2023-10-09 23:21:00,2023-10-09 23:21:33,9.99893
2023-10-09 23:22:00,,15.768231538461539
2023-10-09 23:23:00,,21.537533076923076
2023-10-09 23:24:00,,27.306834615384616
2023-10-09 23:25:00,,33.07613615384615
2023-10-09 23:26:00,,38.84543769230769
2023-10-09 23:27:00,,44.61473923076923
2023-10-09 23:28:00,,50.384040769230765
2023-10-09 23:29:00,,56.153342307692306
2023-10-09 23:30:00,,61.922643846153846
2023-10-09 23:31:00,,67.69194538461538
2023-10-09 23:32:00,,73.46124692307691
2023-10-09 23:33:00,,79.23054846153846
2023-10-09 23:34:00,2023-10-09 23:34:00,84.99985
2023-10-09 23:35:00,,93.99985066666666
2023-10-09 23:36:00,,102.99985133333334
2023-10-09 23:37:00,,111.999852
2023-10-09 23:38:00,,120.99985266666667
2023-10-09 23:39:00,,129.99985333333333
2023-10-09 23:40:00,,138.999854
2023-10-09 23:41:00,,147.9998546666667
2023-10-09 23:42:00,,156.99985533333336
2023-10-09 23:43:00,,165.99985600000002
2023-10-09 23:44:00,,174.9998566666667
2023-10-09 23:45:00,,183.99985733333335
2023-10-09 23:46:00,,192.99985800000002
2023-10-09 23:47:00,,201.99985866666668
2023-10-09 23:48:00,,210.99985933333335
2023-10-09 23:49:00,2023-10-09 23:49:12,219.99986
2023-10-09 23:50:00,,228.33314222222222
2023-10-09 23:51:00,,236.66642444444446
2023-10-09 23:52:00,,244.99970666666667
2023-10-09 23:53:00,,253.33298888888888
2023-10-09 23:54:00,,261.6662711111111
2023-10-09 23:55:00,,269.9995533333333
2023-10-09 23:56:00,,278.33283555555556
2023-10-09 23:57:00,,286.66611777777774
2023-10-09 23:58:00,2023-10-09 23:58:53,294.9994
2023-10-09 23:59:00,,305.7136214285714
2023-10-10 00:00:00,,316.4278428571428
2023-10-10 00:01:00,,327.14206428571424
2023-10-10 00:02:00,,337.8562857142857
2023-10-10 00:03:00,,348.57050714285714
2023-10-10 00:04:00,,359.28472857142856
2023-10-10 00:05:00,2023-10-10 00:05:48,369.99895
2023-10-10 00:06:00,,384.9990157142857
2023-10-10 00:07:00,,399.9990814285714
2023-10-10 00:08:00,,414.99914714285717
2023-10-10 00:09:00,,429.9992128571429
2023-10-10 00:10:00,,444.9992785714286
2023-10-10 00:11:00,,459.9993442857143
2023-10-10 00:12:00,2023-10-10 00:12:43,474.99941
2023-10-10 00:13:00,,479.0903190909091
2023-10-10 00:14:00,,483.1812281818182
2023-10-10 00:15:00,,487.27213727272726
2023-10-10 00:16:00,,491.3630463636364
2023-10-10 00:17:00,,495.45395545454545
2023-10-10 00:18:00,,499.5448645454546
2023-10-10 00:19:00,,503.63577363636364
2023-10-10 00:20:00,,507.72668272727276
2023-10-10 00:21:00,,511.8175918181818
2023-10-10 00:22:00,,515.9085009090909
2023-10-10 00:23:00,2023-10-10 00:23:46,519.99941
2023-10-10 00:24:00,,528.99941
2023-10-10 00:25:00,,537.99941
2023-10-10 00:26:00,,546.99941
2023-10-10 00:27:00,,555.99941
2023-10-10 00:28:00,,564.99941
2023-10-10 00:29:00,,573.99941
2023-10-10 00:30:00,,582.99941
2023-10-10 00:31:00,,591.99941
2023-10-10 00:32:00,,600.99941
2023-10-10 00:33:00,,609.99941
2023-10-10 00:34:00,,618.99941
2023-10-10 00:35:00,,627.99941
2023-10-10 00:36:00,,636.99941
2023-10-10 00:37:00,,645.99941
2023-10-10 00:38:00,2023-10-10 00:38:59,654.99941
2023-10-10 00:39:00,,666.6661288888889
2023-10-10 00:40:00,,678.3328477777778
2023-10-10 00:41:00,,689.9995666666666
2023-10-10 00:42:00,,701.6662855555555
2023-10-10 00:43:00,,713.3330044444444
2023-10-10 00:44:00,,724.9997233333333
2023-10-10 00:45:00,,736.6664422222223
2023-10-10 00:46:00,,748.333161111111
2023-10-10 00:47:00,2023-10-10 00:47:16,759.99988
2023-10-10 00:48:00,,783.5712428571428
2023-10-10 00:49:00,,807.1426057142857
2023-10-10 00:50:00,,830.7139685714285
2023-10-10 00:51:00,,854.2853314285715
2023-10-10 00:52:00,,877.8566942857143
2023-10-10 00:53:00,,901.4280571428571
2023-10-10 00:54:00,2023-10-10 00:54:11,924.99942
2023-10-10 00:55:00,,929.99939
2023-10-10 00:56:00,,934.99936
2023-10-10 00:57:00,,939.99933
2023-10-10 00:58:00,,944.9993
2023-10-10 00:59:00,,949.99927
2023-10-10 01:00:00,,954.99924
2023-10-10 01:01:00,,959.99921
2023-10-10 01:02:00,,964.99918
2023-10-10 01:03:00,,969.99915
2023-10-10 01:04:00,,974.99912
2023-10-10 01:05:00,,979.99909
2023-10-10 01:06:00,,984.99906
2023-10-10 01:07:00,,989.99903
2023-10-10 01:08:00,,994.999
2023-10-10 01:09:00,2023-10-10 01:09:24,999.99897
2023-10-10 01:10:00,,1016.87397125
2023-10-10 01:11:00,,1033.7489725
2023-10-10 01:12:00,,1050.62397375
2023-10-10 01:13:00,,1067.498975
2023-10-10 01:14:00,,1084.37397625
2023-10-10 01:15:00,,1101.2489775000001
2023-10-10 01:16:00,,1118.12397875
2023-10-10 01:17:00,2023-10-10 01:17:41,1134.99898
2023-10-10 01:18:00,,1177.4991333333335
2023-10-10 01:19:00,,1219.9992866666666
2023-10-10 01:20:00,,1262.49944
2023-10-10 01:21:00,,1304.9995933333335
2023-10-10 01:22:00,,1347.4997466666666
2023-10-10 01:23:00,2023-10-10 01:23:13,1389.9999
2023-10-10 01:24:00,,1366.6664644444445
2023-10-10 01:25:00,,1343.333028888889
2023-10-10 01:26:00,,1319.9995933333335
2023-10-10 01:27:00,,1296.666157777778
2023-10-10 01:28:00,,1273.3327222222222
2023-10-10 01:29:00,,1249.9992866666666
2023-10-10 01:30:00,,1226.6658511111111
2023-10-10 01:31:00,,1203.3324155555556
2023-10-10 01:32:00,2023-10-10 01:32:54,1179.99898
2023-10-10 01:33:00,,1198.3324155555556
2023-10-10 01:34:00,,1216.6658511111111
2023-10-10 01:35:00,,1234.9992866666666
2023-10-10 01:36:00,,1253.3327222222222
2023-10-10 01:37:00,,1271.666157777778
2023-10-10 01:38:00,,1289.9995933333335
2023-10-10 01:39:00,,1308.333028888889
2023-10-10 01:40:00,,1326.6664644444445
2023-10-10 01:41:00,2023-10-10 01:41:11,1344.9999
2023-10-10 01:42:00,,1361.6664655555555
2023-10-10 01:43:00,,1378.333031111111
2023-10-10 01:44:00,,1394.9995966666668
2023-10-10 01:45:00,,1411.6661622222223
2023-10-10 01:46:00,,1428.3327277777778
2023-10-10 01:47:00,,1444.9992933333333
2023-10-10 01:48:00,,1461.665858888889
2023-10-10 01:49:00,,1478.3324244444445
2023-10-10 01:50:00,2023-10-10 01:50:52,1494.99899
2023-10-10 01:51:00,,1500.62399
2023-10-10 01:52:00,,1506.24899
2023-10-10 01:53:00,,1511.87399
2023-10-10 01:54:00,,1517.49899
2023-10-10 01:55:00,,1523.12399
2023-10-10 01:56:00,,1528.74899
2023-10-10 01:57:00,,1534.37399
2023-10-10 01:58:00,,1539.99899
2023-10-10 01:59:00,,1545.62399
2023-10-10 02:00:00,,1551.24899
2023-10-10 02:01:00,,1556.87399
2023-10-10 02:02:00,,1562.49899
2023-10-10 02:03:00,,1568.12399
2023-10-10 02:04:00,,1573.74899
2023-10-10 02:05:00,,1579.37399
2023-10-10 02:06:00,2023-10-10 02:06:04,1584.99899
2023-10-10 02:07:00,,1614.9992200000002
2023-10-10 02:08:00,,1644.99945
2023-10-10 02:09:00,,1674.99968
2023-10-10 02:10:00,2023-10-10 02:10:13,1704.99991
2023-10-10 02:11:00,,1714.5452818181818
2023-10-10 02:12:00,,1724.0906536363636
2023-10-10 02:13:00,,1733.6360254545455
2023-10-10 02:14:00,,1743.1813972727273
2023-10-10 02:15:00,,1752.726769090909
2023-10-10 02:16:00,,1762.272140909091
2023-10-10 02:17:00,,1771.8175127272727
2023-10-10 02:18:00,,1781.3628845454546
2023-10-10 02:19:00,,1790.9082563636364
2023-10-10 02:20:00,,1800.4536281818182
2023-10-10 02:21:00,2023-10-10 02:21:17,1809.999
2023-10-10 02:22:00,,1782.999
2023-10-10 02:23:00,,1755.999
2023-10-10 02:24:00,,1728.999
2023-10-10 02:25:00,,1701.999
2023-10-10 02:26:00,2023-10-10 02:26:49,1674.999
2023-10-10 02:27:00,,1667.499045
2023-10-10 02:28:00,,1659.99909
2023-10-10 02:29:00,,1652.499135
2023-10-10 02:30:00,,1644.99918
2023-10-10 02:31:00,,1637.499225
2023-10-10 02:32:00,,1629.99927
2023-10-10 02:33:00,,1622.499315
2023-10-10 02:34:00,,1614.99936
2023-10-10 02:35:00,,1607.499405
2023-10-10 02:36:00,2023-10-10 02:36:29,1599.99945
2023-10-10 02:37:00,,1607.9406270588236
2023-10-10 02:38:00,,1615.881804117647
2023-10-10 02:39:00,,1623.8229811764706
2023-10-10 02:40:00,,1631.7641582352942
2023-10-10 02:41:00,,1639.7053352941177
2023-10-10 02:42:00,,1647.6465123529413
2023-10-10 02:43:00,,1655.5876894117648
2023-10-10 02:44:00,,1663.5288664705884
2023-10-10 02:45:00,,1671.4700435294117
2023-10-10 02:46:00,,1679.4112205882352
2023-10-10 02:47:00,,1687.3523976470588
2023-10-10 02:48:00,,1695.2935747058823
2023-10-10 02:49:00,,1703.2347517647058
2023-10-10 02:50:00,,1711.1759288235294
2023-10-10 02:51:00,,1719.117105882353
2023-10-10 02:52:00,,1727.0582829411765
2023-10-10 02:53:00,2023-10-10 02:53:05,1734.99946
2023-10-10 02:54:00,,1743.1812781818182
2023-10-10 02:55:00,,1751.3630963636363
2023-10-10 02:56:00,,1759.5449145454545
2023-10-10 02:57:00,,1767.7267327272727
2023-10-10 02:58:00,,1775.908550909091
2023-10-10 02:59:00,,1784.090369090909
2023-10-10 03:00:00,,1792.2721872727273
2023-10-10 03:01:00,,1800.4540054545455
2023-10-10 03:02:00,,1808.6358236363637
2023-10-10 03:03:00,,1816.8176418181818
2023-10-10 03:04:00,2023-10-10 03:04:08,1824.99946
2023-10-10 03:05:00,,1813.3327422222221
2023-10-10 03:06:00,,1801.6660244444445
2023-10-10 03:07:00,,1789.9993066666666
2023-10-10 03:08:00,,1778.332588888889
2023-10-10 03:09:00,,1766.665871111111
2023-10-10 03:10:00,,1754.9991533333334
2023-10-10 03:11:00,,1743.3324355555555
2023-10-10 03:12:00,,1731.665717777778
2023-10-10 03:13:00,2023-10-10 03:13:49,1719.999
2023-10-10 03:14:00,,1652.498995
2023-10-10 03:15:00,2023-10-10 03:15:12,1584.99899
2023-10-10 03:16:00,,1573.3324244444445
2023-10-10 03:17:00,,1561.665858888889
2023-10-10 03:18:00,,1549.9992933333333
2023-10-10 03:19:00,,1538.3327277777778
2023-10-10 03:20:00,,1526.6661622222223
2023-10-10 03:21:00,,1514.9995966666668
2023-10-10 03:22:00,,1503.3330311111113
2023-10-10 03:23:00,,1491.6664655555555
2023-10-10 03:24:00,2023-10-10 03:24:53,1479.9999
2023-10-10 03:25:00,,1494.9999016666666
2023-10-10 03:26:00,,1509.9999033333334
2023-10-10 03:27:00,,1524.9999050000001
2023-10-10 03:28:00,,1539.9999066666667
2023-10-10 03:29:00,,1554.9999083333332
2023-10-10 03:30:00,2023-10-10 03:30:24,1569.99991
2023-10-10 03:31:00,,1624.99976
2023-10-10 03:32:00,,1679.99961
2023-10-10 03:33:00,2023-10-10 03:33:10,1734.99946
2023-10-10 03:34:00,,1751.87446
2023-10-10 03:35:00,,1768.74946
2023-10-10 03:36:00,,1785.62446
2023-10-10 03:37:00,,1802.49946
2023-10-10 03:38:00,,1819.37446
2023-10-10 03:39:00,,1836.24946
2023-10-10 03:40:00,,1853.12446
2023-10-10 03:41:00,2023-10-10 03:41:28,1869.99946
2023-10-10 03:42:00,,1853.499505
2023-10-10 03:43:00,,1836.99955
2023-10-10 03:44:00,,1820.499595
2023-10-10 03:45:00,,1803.99964
2023-10-10 03:46:00,,1787.499685
2023-10-10 03:47:00,,1770.99973
2023-10-10 03:48:00,,1754.499775
2023-10-10 03:49:00,,1737.99982
2023-10-10 03:50:00,,1721.499865
2023-10-10 03:51:00,2023-10-10 03:51:09,1704.99991
2023-10-10 03:52:00,,1689.9998263636364
2023-10-10 03:53:00,,1674.9997427272726
2023-10-10 03:54:00,,1659.999659090909
2023-10-10 03:55:00,,1644.9995754545455
2023-10-10 03:56:00,,1629.999491818182
2023-10-10 03:57:00,,1614.9994081818181
2023-10-10 03:58:00,,1599.9993245454546
2023-10-10 03:59:00,,1584.999240909091
2023-10-10 04:00:00,,1569.9991572727272
2023-10-10 04:01:00,,1554.9990736363636
2023-10-10 04:02:00,2023-10-10 04:02:12,1539.99899
2023-10-10 04:03:00,,1556.3626272727274
2023-10-10 04:04:00,,1572.7262645454546
2023-10-10 04:05:00,,1589.089901818182
2023-10-10 04:06:00,,1605.453539090909
2023-10-10 04:07:00,,1621.8171763636365
2023-10-10 04:08:00,,1638.1808136363636
2023-10-10 04:09:00,,1654.544450909091
2023-10-10 04:10:00,,1670.9080881818181
2023-10-10 04:11:00,,1687.2717254545455
2023-10-10 04:12:00,,1703.6353627272729
2023-10-10 04:13:00,2023-10-10 04:13:16,1719.999
2023-10-10 04:14:00,,1729.9990766666667
2023-10-10 04:15:00,,1739.9991533333334
2023-10-10 04:16:00,,1749.99923
2023-10-10 04:17:00,,1759.9993066666666
2023-10-10 04:18:00,,1769.9993833333333
2023-10-10 04:19:00,,1779.99946
2023-10-10 04:20:00,,1789.9995366666667
2023-10-10 04:21:00,,1799.9996133333334
2023-10-10 04:22:00,,1809.99969
2023-10-10 04:23:00,,1819.9997666666666
2023-10-10 04:24:00,,1829.9998433333333
2023-10-10 04:25:00,2023-10-10 04:25:42,1839.99992
2023-10-10 04:26:00,,1867.8569328571427
2023-10-10 04:27:00,,1895.7139457142857
2023-10-10 04:28:00,,1923.5709585714285
2023-10-10 04:29:00,,1951.4279714285715
2023-10-10 04:30:00,,1979.2849842857142
2023-10-10 04:31:00,,2007.1419971428572
2023-10-10 04:32:00,2023-10-10 04:32:37,2034.99901
2023-10-10 04:33:00,,2319.99948
2023-10-10 04:34:00,2023-10-10 04:34:00,2604.99995
2023-10-10 04:35:00,,2673.99986
2023-10-10 04:36:00,,2742.99977
2023-10-10 04:37:00,,2811.99968
2023-10-10 04:38:00,,2880.99959
2023-10-10 04:39:00,2023-10-10 04:39:32,2949.9995
2023-10-10 04:40:00,2023-10-10 04:40:55,3099.99997
2023-10-10 04:41:00,,3324.9999749999997
2023-10-10 04:42:00,2023-10-10 04:42:18,3549.99998
2023-10-10 04:43:00,2023-10-10 04:43:41,3249.99906
2023-10-10 04:44:00,,3459.999295
2023-10-10 04:45:00,2023-10-10 04:45:04,3669.99953
2023-10-10 04:46:00,2023-10-10 04:46:27,4029.99954
2023-10-10 04:47:00,,4164.999546666667
2023-10-10 04:48:00,,4299.999553333333
2023-10-10 04:49:00,2023-10-10 04:49:12,4434.99956
2023-10-10 04:50:00,,4401.2495575
2023-10-10 04:51:00,,4367.499555
2023-10-10 04:52:00,,4333.7495525
2023-10-10 04:53:00,2023-10-10 04:53:21,4299.99955
2023-10-10 04:54:00,,4404.99967
2023-10-10 04:55:00,,4509.99979
2023-10-10 04:56:00,,4614.99991
2023-10-10 04:57:00,2023-10-10 04:57:30,4720.00003
2023-10-10 04:58:00,,4734.9999725
2023-10-10 04:59:00,,4749.999915
2023-10-10 05:00:00,,4764.9998575
2023-10-10 05:01:00,,4779.9998
2023-10-10 05:02:00,,4794.9997425
2023-10-10 05:03:00,,4809.999685
2023-10-10 05:04:00,,4824.9996275
2023-10-10 05:05:00,2023-10-10 05:05:48,4839.99957
2023-10-10 05:06:00,,4889.285221428571
2023-10-10 05:07:00,,4938.570872857143
2023-10-10 05:08:00,,4987.856524285714
2023-10-10 05:09:00,,5037.142175714286
2023-10-10 05:10:00,,5086.4278271428575
2023-10-10 05:11:00,,5135.713478571429
2023-10-10 05:12:00,2023-10-10 05:12:43,5184.99913
2023-10-10 05:13:00,,5102.499355
2023-10-10 05:14:00,2023-10-10 05:14:06,5019.99958
2023-10-10 05:15:00,,5267.499589999999
2023-10-10 05:16:00,,5514.999599999999
2023-10-10 05:17:00,,5762.49961
2023-10-10 05:18:00,2023-10-10 05:18:14,6009.99962
2023-10-10 05:19:00,,5849.999766666667
2023-10-10 05:20:00,,5689.999913333333
2023-10-10 05:21:00,2023-10-10 05:21:00,5530.00006
2023-10-10 05:22:00,2023-10-10 05:22:23,5890.00007
2023-10-10 05:23:00,2023-10-10 05:23:46,6804.99919
2023-10-10 05:24:00,,6909.999193333334
2023-10-10 05:25:00,,7014.999196666667
2023-10-10 05:26:00,2023-10-10 05:26:32,7119.9992
2023-10-10 05:27:00,,7289.99936
2023-10-10 05:28:00,,7459.99952
2023-10-10 05:29:00,2023-10-10 05:29:18,7629.99968
2023-10-10 05:30:00,,7529.99983
2023-10-10 05:31:00,,7429.9999800000005
2023-10-10 05:32:00,2023-10-10 05:32:04,7330.00013
2023-10-10 05:33:00,2023-10-10 05:33:27,8199.99924
2023-10-10 05:34:00,,8259.999243333334
2023-10-10 05:35:00,,8319.999246666666
2023-10-10 05:36:00,2023-10-10 05:36:13,8379.99925
2023-10-10 05:37:00,2023-10-10 05:37:36,7854.99969
2023-10-10 05:38:00,,8094.999699999999
2023-10-10 05:39:00,,8334.99971
2023-10-10 05:40:00,2023-10-10 05:40:22,8574.99972
2023-10-10 05:41:00,,8578.74972
2023-10-10 05:42:00,,8582.49972
2023-10-10 05:43:00,,8586.24972
2023-10-10 05:44:00,,8589.99972
2023-10-10 05:45:00,,8593.74972
2023-10-10 05:46:00,,8597.49972
2023-10-10 05:47:00,,8601.24972
2023-10-10 05:48:00,,8604.99972
2023-10-10 05:49:00,,8608.74972
2023-10-10 05:50:00,,8612.49972
2023-10-10 05:51:00,,8616.24972
2023-10-10 05:52:00,2023-10-10 05:52:48,8619.99972
2023-10-10 05:53:00,,8417.499712499999
2023-10-10 05:54:00,,8214.999705
2023-10-10 05:55:00,,8012.4996974999995
2023-10-10 05:56:00,2023-10-10 05:56:57,7809.99969
2023-10-10 05:57:00,,8139.999703333333
2023-10-10 05:58:00,,8469.999716666665
2023-10-10 05:59:00,2023-10-10 05:59:43,8799.99973
2023-10-10 06:00:00,,8154.99993
2023-10-10 06:01:00,2023-10-10 06:01:06,7510.00013
2023-10-10 06:02:00,2023-10-10 06:02:29,7359.99967
2023-10-10 06:03:00,2023-10-10 06:03:52,6909.99965
2023-10-10 06:04:00,,6154.99947
2023-10-10 06:05:00,,5399.99929
2023-10-10 06:06:00,2023-10-10 06:06:38,4644.99911
2023-10-10 06:07:00,,4704.99957
2023-10-10 06:08:00,2023-10-10 06:08:01,4765.00003
2023-10-10 06:09:00,2023-10-10 06:09:24,5094.99913
2023-10-10 06:10:00,2023-10-10 06:10:46,5274.99913
2023-10-10 06:11:00,,4539.999330000001
2023-10-10 06:12:00,2023-10-10 06:12:09,3804.99953
2023-10-10 06:13:00,2023-10-10 06:13:32,3684.99999
2023-10-10 06:14:00,,3384.9999766666665
2023-10-10 06:15:00,,3084.999963333333
2023-10-10 06:16:00,2023-10-10 06:16:18,2784.99995
2023-10-10 06:17:00,2023-10-10 06:17:41,3189.99997
2023-10-10 06:18:00,,3066.249965
2023-10-10 06:19:00,,2942.49996
2023-10-10 06:20:00,,2818.7499549999998
2023-10-10 06:21:00,2023-10-10 06:21:50,2694.99995
2023-10-10 06:22:00,,2727.1428085714283
2023-10-10 06:23:00,,2759.285667142857
2023-10-10 06:24:00,,2791.4285257142856
2023-10-10 06:25:00,,2823.5713842857144
2023-10-10 06:26:00,,2855.714242857143
2023-10-10 06:27:00,,2887.8571014285717
2023-10-10 06:28:00,2023-10-10 06:28:45,2919.99996
2023-10-10 06:29:00,,2939.999885
2023-10-10 06:30:00,,2959.9998100000003
2023-10-10 06:31:00,,2979.9997350000003
2023-10-10 06:32:00,,2999.99966
2023-10-10 06:33:00,,3019.999585
2023-10-10 06:34:00,2023-10-10 06:34:17,3039.99951
2023-10-10 06:35:00,,3024.999442857143
2023-10-10 06:36:00,,3009.9993757142856
2023-10-10 06:37:00,,2994.9993085714286
2023-10-10 06:38:00,,2979.9992414285716
2023-10-10 06:39:00,,2964.9991742857146
2023-10-10 06:40:00,,2949.999107142857
2023-10-10 06:41:00,2023-10-10 06:41:11,2934.99904
2023-10-10 06:42:00,,2814.999495
2023-10-10 06:43:00,2023-10-10 06:43:57,2694.99995
2023-10-10 06:44:00,,2679.9999491666667
2023-10-10 06:45:00,,2664.999948333333
2023-10-10 06:46:00,,2649.9999475
2023-10-10 06:47:00,,2634.999946666667
2023-10-10 06:48:00,,2619.999945833333
2023-10-10 06:49:00,,2604.999945
2023-10-10 06:50:00,,2589.999944166667
2023-10-10 06:51:00,,2574.9999433333332
2023-10-10 06:52:00,,2559.9999425
2023-10-10 06:53:00,,2544.999941666667
2023-10-10 06:54:00,,2529.9999408333333
2023-10-10 06:55:00,2023-10-10 06:55:01,2514.99994
2023-10-10 06:56:00,,2387.4994800000004
2023-10-10 06:57:00,2023-10-10 06:57:47,2259.99902
2023-10-10 06:58:00,,2294.9991733333336
2023-10-10 06:59:00,,2329.9993266666665
2023-10-10 07:00:00,2023-10-10 07:00:33,2364.99948
2023-10-10 07:01:00,2023-10-10 07:01:56,2094.99947
2023-10-10 07:02:00,,2122.856678571429
2023-10-10 07:03:00,,2150.7138871428574
2023-10-10 07:04:00,,2178.571095714286
2023-10-10 07:05:00,,2206.428304285714
2023-10-10 07:06:00,,2234.2855128571427
2023-10-10 07:07:00,,2262.1427214285713
2023-10-10 07:08:00,2023-10-10 07:08:50,2289.99993
2023-10-10 07:09:00,,2334.9999333333335
2023-10-10 07:10:00,,2379.9999366666666
2023-10-10 07:11:00,2023-10-10 07:11:36,2424.99994
2023-10-10 07:12:00,,2438.1248262500003
2023-10-10 07:13:00,,2451.2497125
2023-10-10 07:14:00,,2464.37459875
2023-10-10 07:15:00,,2477.4994850000003
2023-10-10 07:16:00,,2490.62437125
2023-10-10 07:17:00,,2503.7492575
2023-10-10 07:18:00,,2516.87414375
2023-10-10 07:19:00,2023-10-10 07:19:54,2529.99903
2023-10-10 07:20:00,,2684.9991866666664
2023-10-10 07:21:00,,2839.9993433333334
2023-10-10 07:22:00,2023-10-10 07:22:40,2994.9995
2023-10-10 07:23:00,,2944.9993466666665
2023-10-10 07:24:00,,2894.9991933333336
2023-10-10 07:25:00,2023-10-10 07:25:26,2844.99904
2023-10-10 07:26:00,,3029.9992
2023-10-10 07:27:00,,3214.99936
2023-10-10 07:28:00,2023-10-10 07:28:12,3399.99952
2023-10-10 07:29:00,2023-10-10 07:29:35,3579.99953
2023-10-10 07:30:00,2023-10-10 07:30:58,4329.9991
2023-10-10 07:31:00,,4172.499095
2023-10-10 07:32:00,2023-10-10 07:32:21,4014.99909
2023-10-10 07:33:00,2023-10-10 07:33:43,5064.99958
2023-10-10 07:34:00,,5537.4995975
2023-10-10 07:35:00,,6009.999615
2023-10-10 07:36:00,,6482.499632499999
2023-10-10 07:37:00,2023-10-10 07:37:52,6954.99965
2023-10-10 07:38:00,,6767.499415
2023-10-10 07:39:00,2023-10-10 07:39:15,6579.99918
2023-10-10 07:40:00,2023-10-10 07:40:38,4824.99912
2023-10-10 07:41:00,,5537.499605
2023-10-10 07:42:00,2023-10-10 07:42:01,6250.00009
2023-10-10 07:43:00,2023-10-10 07:43:24,6070.00008
2023-10-10 07:44:00,,6291.999996
2023-10-10 07:45:00,,6513.999912
2023-10-10 07:46:00,,6735.999828
2023-10-10 07:47:00,,6957.999744000001
2023-10-10 07:48:00,2023-10-10 07:48:56,7179.99966
2023-10-10 07:49:00,,7180.749683
2023-10-10 07:50:00,,7181.4997060000005
2023-10-10 07:51:00,,7182.249729
2023-10-10 07:52:00,,7182.999752000001
2023-10-10 07:53:00,,7183.749775
2023-10-10 07:54:00,,7184.499798
2023-10-10 07:55:00,,7185.249821
2023-10-10 07:56:00,,7185.999844
2023-10-10 07:57:00,,7186.749867
2023-10-10 07:58:00,,7187.49989
2023-10-10 07:59:00,,7188.249913
2023-10-10 08:00:00,,7188.999936
2023-10-10 08:01:00,,7189.749959
2023-10-10 08:02:00,,7190.499982
2023-10-10 08:03:00,,7191.250005
2023-10-10 08:04:00,,7192.0000279999995
2023-10-10 08:05:00,,7192.750051
2023-10-10 08:06:00,,7193.500074
2023-10-10 08:07:00,,7194.250097
2023-10-10 08:08:00,2023-10-10 08:08:17,7195.00012
2023-10-10 08:09:00,,7240.0001225
2023-10-10 08:10:00,,7285.0001250000005
2023-10-10 08:11:00,,7330.0001275
2023-10-10 08:12:00,2023-10-10 08:12:26,7375.00013
2023-10-10 08:13:00,,7480.000133333334
2023-10-10 08:14:00,,7585.000136666667
2023-10-10 08:15:00,2023-10-10 08:15:12,7690.00014
2023-10-10 08:16:00,2023-10-10 08:16:35,8169.9997
2023-10-10 08:17:00,,8462.4997125
2023-10-10 08:18:00,,8754.999725000001
2023-10-10 08:19:00,,9047.4997375
2023-10-10 08:20:00,2023-10-10 08:20:44,9339.99975
2023-10-10 08:21:00,,9564.999755
2023-10-10 08:22:00,2023-10-10 08:22:07,9789.99976
2023-10-10 08:23:00,,9894.99988
2023-10-10 08:24:00,2023-10-10 08:24:53,10000.0
2023-10-10 08:25:00,,10036.666642222222
2023-10-10 08:26:00,,10073.333284444445
2023-10-10 08:27:00,,10109.999926666667
2023-10-10 08:28:00,,10146.66656888889
2023-10-10 08:29:00,,10183.33321111111
2023-10-10 08:30:00,,10219.999853333333
2023-10-10 08:31:00,,10256.666495555555
2023-10-10 08:32:00,,10293.333137777778
2023-10-10 08:33:00,2023-10-10 08:33:10,10329.99978
2023-10-10 08:34:00,,10254.999895
2023-10-10 08:35:00,2023-10-10 08:35:56,10180.00001
2023-10-10 08:36:00,,10067.500005
2023-10-10 08:37:00,2023-10-10 08:37:19,9955.0
2023-10-10 08:38:00,,9925.000044
2023-10-10 08:39:00,,9895.000088
2023-10-10 08:40:00,,9865.000132
2023-10-10 08:41:00,,9835.000176
2023-10-10 08:42:00,2023-10-10 08:42:51,9805.00022
2023-10-10 08:43:00,,9755.000066666667
2023-10-10 08:44:00,,9704.999913333333
2023-10-10 08:45:00,2023-10-10 08:45:37,9654.99976
2023-10-10 08:46:00,,9633.999805000001
2023-10-10 08:47:00,,9612.99985
2023-10-10 08:48:00,,9591.999895
2023-10-10 08:49:00,,9570.99994
2023-10-10 08:50:00,,9549.999985
2023-10-10 08:51:00,,9529.000030000001
2023-10-10 08:52:00,,9508.000075
2023-10-10 08:53:00,,9487.00012
2023-10-10 08:54:00,,9466.000165
2023-10-10 08:55:00,2023-10-10 08:55:17,9445.00021
2023-10-10 08:56:00,2023-10-10 08:56:40,8784.99927
2023-10-10 08:57:00,,8927.499505
2023-10-10 08:58:00,2023-10-10 08:58:03,9069.99974
2023-10-10 08:59:00,2023-10-10 08:59:26,8950.00019
2023-10-10 09:00:00,,8762.4999525
2023-10-10 09:01:00,,8574.999715
2023-10-10 09:02:00,,8387.4994775
2023-10-10 09:03:00,2023-10-10 09:03:35,8199.99924
2023-10-10 09:04:00,2023-10-10 09:04:58,8379.99925
2023-10-10 09:05:00,,8247.499321666668
2023-10-10 09:06:00,,8114.9993933333335
2023-10-10 09:07:00,,7982.499465000001
2023-10-10 09:08:00,,7849.999536666667
2023-10-10 09:09:00,,7717.4996083333335
2023-10-10 09:10:00,2023-10-10 09:10:30,7584.99968
2023-10-10 09:11:00,2023-10-10 09:11:53,8019.99924
2023-10-10 09:12:00,,7607.49968
2023-10-10 09:13:00,2023-10-10 09:13:16,7195.00012
2023-10-10 09:14:00,2023-10-10 09:14:39,7074.9992
2023-10-10 09:15:00,,7056.999199
2023-10-10 09:16:00,,7038.999198
2023-10-10 09:17:00,,7020.999197
2023-10-10 09:18:00,,7002.999196000001
2023-10-10 09:19:00,,6984.999195
2023-10-10 09:20:00,,6966.999194
2023-10-10 09:21:00,,6948.999193000001
2023-10-10 09:22:00,,6930.999192
2023-10-10 09:23:00,,6912.999191000001
2023-10-10 09:24:00,2023-10-10 09:24:19,6894.99919
2023-10-10 09:25:00,,6816.2491875000005
2023-10-10 09:26:00,,6737.499185000001
2023-10-10 09:27:00,,6658.7491825
2023-10-10 09:28:00,2023-10-10 09:28:28,6579.99918
2023-10-10 09:29:00,,6644.999336666667
2023-10-10 09:30:00,,6709.999493333333
2023-10-10 09:31:00,2023-10-10 09:31:14,6774.99965
2023-10-10 09:32:00,,6659.999796666666
2023-10-10 09:33:00,,6544.999943333333
2023-10-10 09:34:00,2023-10-10 09:34:00,6430.00009
2023-10-10 09:35:00,2023-10-10 09:35:23,6250.00009
2023-10-10 09:36:00,,6175.000086666666
2023-10-10 09:37:00,,6100.000083333333
2023-10-10 09:38:00,2023-10-10 09:38:09,6025.00008
2023-10-10 09:39:00,,5991.2500775
2023-10-10 09:40:00,,5957.500075
2023-10-10 09:41:00,,5923.7500725
2023-10-10 09:42:00,2023-10-10 09:42:18,5890.00007
2023-10-10 09:43:00,,5811.999884
2023-10-10 09:44:00,,5733.999698
2023-10-10 09:45:00,,5655.999512
2023-10-10 09:46:00,,5577.999326
2023-10-10 09:47:00,2023-10-10 09:47:50,5499.99914
2023-10-10 09:48:00,,5342.499135
2023-10-10 09:49:00,2023-10-10 09:49:12,5184.99913
2023-10-10 09:50:00,2023-10-10 09:50:35,5319.99913
2023-10-10 09:51:00,2023-10-10 09:51:58,5019.99958
2023-10-10 09:52:00,,4757.4998
2023-10-10 09:53:00,2023-10-10 09:53:21,4495.00002
2023-10-10 09:54:00,,4441.000018000001
2023-10-10 09:55:00,,4387.000016
2023-10-10 09:56:00,,4333.000014
2023-10-10 09:57:00,,4279.0000119999995
2023-10-10 09:58:00,2023-10-10 09:58:53,4225.00001
2023-10-10 09:59:00,,4180.000008
2023-10-10 10:00:00,,4135.000006
2023-10-10 10:01:00,,4090.000004
2023-10-10 10:02:00,,4045.0000019999998
2023-10-10 10:03:00,2023-10-10 10:03:02,4000.0
2023-10-10 10:04:00,,3883.74988
2023-10-10 10:05:00,,3767.4997599999997
2023-10-10 10:06:00,,3651.24964
2023-10-10 10:07:00,2023-10-10 10:07:11,3534.99952
2023-10-10 10:08:00,,3456.2495175
2023-10-10 10:09:00,,3377.499515
2023-10-10 10:10:00,,3298.7495125
2023-10-10 10:11:00,2023-10-10 10:11:20,3219.99951
2023-10-10 10:12:00,,3328.7494
2023-10-10 10:13:00,,3437.4992899999997
2023-10-10 10:14:00,,3546.24918
2023-10-10 10:15:00,2023-10-10 10:15:29,3654.99907
2023-10-10 10:16:00,,3599.9992199999997
2023-10-10 10:17:00,,3544.99937
2023-10-10 10:18:00,2023-10-10 10:18:14,3489.99952
2023-10-10 10:19:00,,3561.2496375
2023-10-10 10:20:00,,3632.499755
2023-10-10 10:21:00,,3703.7498724999996
2023-10-10 10:22:00,2023-10-10 10:22:23,3774.99999
2023-10-10 10:23:00,,3819.9999933333334
2023-10-10 10:24:00,,3864.9999966666664
2023-10-10 10:25:00,2023-10-10 10:25:09,3910.0
2023-10-10 10:26:00,,4000.0
2023-10-10 10:27:00,2023-10-10 10:27:55,4090.0
2023-10-10 10:28:00,,4199.9997
2023-10-10 10:29:00,,4309.9994
2023-10-10 10:30:00,2023-10-10 10:30:41,4419.9991
2023-10-10 10:31:00,,4494.999330000001
2023-10-10 10:32:00,2023-10-10 10:32:04,4569.99956
2023-10-10 10:33:00,2023-10-10 10:33:27,4720.00003
2023-10-10 10:34:00,2023-10-10 10:34:50,4914.99912
2023-10-10 10:35:00,,4948.74912
2023-10-10 10:36:00,,4982.49912
2023-10-10 10:37:00,,5016.24912
2023-10-10 10:38:00,2023-10-10 10:38:59,5049.99912
2023-10-10 10:39:00,,4969.999423333334
2023-10-10 10:40:00,,4889.999726666667
2023-10-10 10:41:00,2023-10-10 10:41:45,4810.00003
2023-10-10 10:42:00,,4779.9998
2023-10-10 10:43:00,,4749.99957
2023-10-10 10:44:00,,4719.99934
2023-10-10 10:45:00,2023-10-10 10:45:53,4689.99911
2023-10-10 10:46:00,,4637.499108333333
2023-10-10 10:47:00,,4584.999106666666
2023-10-10 10:48:00,,4532.499105
2023-10-10 10:49:00,,4479.999103333334
2023-10-10 10:50:00,,4427.499101666666
2023-10-10 10:51:00,2023-10-10 10:51:25,4374.9991
2023-10-10 10:52:00,,4257.999096
2023-10-10 10:53:00,,4140.999092
2023-10-10 10:54:00,,4023.999088
2023-10-10 10:55:00,,3906.999084
2023-10-10 10:56:00,2023-10-10 10:56:57,3789.99908
2023-10-10 10:57:00,,3962.4995449999997
2023-10-10 10:58:00,2023-10-10 10:58:20,4135.00001
2023-10-10 10:59:00,2023-10-10 10:59:43,4000.0
2023-10-10 11:00:00,,4042.8570785714287
2023-10-10 11:01:00,,4085.7141571428574
2023-10-10 11:02:00,,4128.571235714286
2023-10-10 11:03:00,,4171.428314285715
2023-10-10 11:04:00,,4214.285392857143
2023-10-10 11:05:00,,4257.142471428572
2023-10-10 11:06:00,2023-10-10 11:06:38,4299.99955
2023-10-10 11:07:00,,5012.49935
2023-10-10 11:08:00,2023-10-10 11:08:01,5724.99915
2023-10-10 11:09:00,2023-10-10 11:09:24,6099.99962
2023-10-10 11:10:00,2023-10-10 11:10:46,5019.99958
2023-10-10 11:11:00,,5134.999433333333
2023-10-10 11:12:00,,5249.999286666666
2023-10-10 11:13:00,2023-10-10 11:13:32,5364.99914
2023-10-10 11:14:00,2023-10-10 11:14:55,5949.99916
2023-10-10 11:15:00,,6047.499163333334
2023-10-10 11:16:00,,6144.9991666666665
2023-10-10 11:17:00,,6242.49917
2023-10-10 11:18:00,,6339.999173333334
2023-10-10 11:19:00,,6437.499176666666
2023-10-10 11:20:00,2023-10-10 11:20:27,6534.99918
2023-10-10 11:21:00,,6684.9992999999995
2023-10-10 11:22:00,,6834.99942
2023-10-10 11:23:00,,6984.999540000001
2023-10-10 11:24:00,2023-10-10 11:24:36,7134.99966
2023-10-10 11:25:00,,6814.999496666667
2023-10-10 11:26:00,,6494.999333333333
2023-10-10 11:27:00,2023-10-10 11:27:22,6174.99917
2023-10-10 11:28:00,,6204.9994
2023-10-10 11:29:00,,6234.99963
2023-10-10 11:30:00,,6264.99986
2023-10-10 11:31:00,2023-10-10 11:31:31,6295.00009
2023-10-10 11:32:00,,6145.000083333333
2023-10-10 11:33:00,,5995.000076666666
2023-10-10 11:34:00,2023-10-10 11:34:17,5845.00007
2023-10-10 11:35:00,,5789.999763333333
2023-10-10 11:36:00,,5734.999456666666
2023-10-10 11:37:00,2023-10-10 11:37:03,5679.99915
2023-10-10 11:38:00,,5646.2491475
2023-10-10 11:39:00,,5612.499145
2023-10-10 11:40:00,,5578.7491425
2023-10-10 11:41:00,2023-10-10 11:41:11,5544.99914
2023-10-10 11:42:00,2023-10-10 11:42:34,5379.99959
2023-10-10 11:43:00,,5239.999433333333
2023-10-10 11:44:00,,5099.999276666667
2023-10-10 11:45:00,2023-10-10 11:45:20,4959.99912
2023-10-10 11:46:00,,4914.999118000001
2023-10-10 11:47:00,,4869.999116
2023-10-10 11:48:00,,4824.999114
2023-10-10 11:49:00,,4779.9991119999995
2023-10-10 11:50:00,2023-10-10 11:50:52,4734.99911
2023-10-10 11:51:00,,4629.9991979999995
2023-10-10 11:52:00,,4524.999286
2023-10-10 11:53:00,,4419.999374
2023-10-10 11:54:00,,4314.999462000001
2023-10-10 11:55:00,2023-10-10 11:55:01,4209.99955
2023-10-10 11:56:00,,4322.499555
2023-10-10 11:57:00,2023-10-10 11:57:47,4434.99956
2023-10-10 11:58:00,,4367.499556666667
2023-10-10 11:59:00,,4299.999553333333
2023-10-10 12:00:00,,4232.49955
2023-10-10 12:01:00,,4164.999546666667
2023-10-10 12:02:00,,4097.499543333333
2023-10-10 12:03:00,2023-10-10 12:03:19,4029.99954
2023-10-10 12:04:00,2023-10-10 12:04:42,3819.99999
2023-10-10 12:05:00,,3741.2499875
2023-10-10 12:06:00,,3662.499985
2023-10-10 12:07:00,,3583.7499825
2023-10-10 12:08:00,2023-10-10 12:08:50,3504.99998
2023-10-10 12:09:00,,3441.24975
2023-10-10 12:10:00,,3377.4995200000003
2023-10-10 12:11:00,,3313.74929
2023-10-10 12:12:00,2023-10-10 12:12:59,3249.99906
2023-10-10 12:13:00,,3189.999285
2023-10-10 12:14:00,2023-10-10 12:14:22,3129.99951
2023-10-10 12:15:00,2023-10-10 12:15:45,2919.99996
2023-10-10 12:16:00,,2867.4999583333333
2023-10-10 12:17:00,,2814.9999566666665
2023-10-10 12:18:00,,2762.499955
2023-10-10 12:19:00,,2709.9999533333335
2023-10-10 12:20:00,,2657.4999516666667
2023-10-10 12:21:00,2023-10-10 12:21:17,2604.99995
2023-10-10 12:22:00,,2554.9997933333334
2023-10-10 12:23:00,,2504.9996366666664
2023-10-10 12:24:00,2023-10-10 12:24:03,2454.99948
2023-10-10 12:25:00,,2346.999476
2023-10-10 12:26:00,,2238.999472
2023-10-10 12:27:00,,2130.999468
2023-10-10 12:28:00,,2022.999464
2023-10-10 12:29:00,2023-10-10 12:29:35,1914.99946
2023-10-10 12:30:00,2023-10-10 12:30:58,2334.99994
2023-10-10 12:31:00,,2154.9999333333335
2023-10-10 12:32:00,,1974.9999266666666
2023-10-10 12:33:00,2023-10-10 12:33:43,1794.99992
2023-10-10 12:34:00,,1727.4999149999999
2023-10-10 12:35:00,2023-10-10 12:35:06,1659.99991
2023-10-10 12:36:00,,1404.9996700000002
2023-10-10 12:37:00,2023-10-10 12:37:52,1149.99943
2023-10-10 12:38:00,,1262.4994350000002
2023-10-10 12:39:00,2023-10-10 12:39:15,1374.99944
2023-10-10 12:40:00,,1287.999528
2023-10-10 12:41:00,,1200.999616
2023-10-10 12:42:00,,1113.9997039999998
2023-10-10 12:43:00,,1026.999792
2023-10-10 12:44:00,2023-10-10 12:44:47,939.99988
2023-10-10 12:45:00,,857.49942
2023-10-10 12:46:00,2023-10-10 12:46:10,774.99896
2023-10-10 12:47:00,,639.998955
2023-10-10 12:48:00,2023-10-10 12:48:56,504.99895
2023-10-10 12:49:00,,264.99917
2023-10-10 12:50:00,2023-10-10 12:50:19,24.99939
2023-10-10 12:51:00,,62.499505
2023-10-10 12:52:00,,99.99962
2023-10-10 12:53:00,,137.49973500000002
2023-10-10 12:54:00,2023-10-10 12:54:28,174.99985
2023-10-10 12:55:00,,156.2497925
2023-10-10 12:56:00,,137.49973500000002
2023-10-10 12:57:00,,118.7496775
2023-10-10 12:58:00,,99.99962000000001
2023-10-10 12:59:00,,81.24956250000001
2023-10-10 13:00:00,,62.499505
2023-10-10 13:01:00,,43.7494475
2023-10-10 13:02:00,2023-10-10 13:02:45,24.99939
2023-10-10 13:03:00,,24.99939
2023-10-10 13:04:00,,24.99939
2023-10-10 13:05:00,,24.99939
2023-10-10 13:06:00,,24.99939
2023-10-10 13:07:00,,24.99939
2023-10-10 13:08:00,,24.99939
2023-10-10 13:09:00,,24.99939
2023-10-10 13:10:00,,24.99939
2023-10-10 13:11:00,,24.99939
2023-10-10 13:12:00,,24.99939
2023-10-10 13:13:00,,24.99939
2023-10-10 13:14:00,,24.99939
2023-10-10 13:15:00,2023-10-10 13:15:12,24.99939
2023-10-10 13:16:00,,26.363068181818182
2023-10-10 13:17:00,,27.726746363636362
2023-10-10 13:18:00,,29.090424545454546
2023-10-10 13:19:00,,30.454102727272726
2023-10-10 13:20:00,,31.81778090909091
2023-10-10 13:21:00,,33.181459090909094
2023-10-10 13:22:00,,34.545137272727274
2023-10-10 13:23:00,,35.908815454545454
2023-10-10 13:24:00,,37.272493636363635
2023-10-10 13:25:00,,38.63617181818182
2023-10-10 13:26:00,2023-10-10 13:26:16,39.99985
2023-10-10 13:27:00,,39.99985
2023-10-10 13:28:00,,39.99985
2023-10-10 13:29:00,,39.99985
2023-10-10 13:30:00,,39.99985
2023-10-10 13:31:00,,39.99985
2023-10-10 13:32:00,,39.99985
2023-10-10 13:33:00,,39.99985
2023-10-10 13:34:00,,39.99985
2023-10-10 13:35:00,,39.99985
2023-10-10 13:36:00,,39.99985
2023-10-10 13:37:00,2023-10-10 13:37:19,39.99985
2023-10-10 13:38:00,,41.36340272727273
2023-10-10 13:39:00,,42.726955454545454
2023-10-10 13:40:00,,44.09050818181818
2023-10-10 13:41:00,,45.45406090909091
2023-10-10 13:42:00,,46.81761363636364
2023-10-10 13:43:00,,48.181166363636365
2023-10-10 13:44:00,,49.54471909090909
2023-10-10 13:45:00,,50.90827181818182
2023-10-10 13:46:00,,52.27182454545455
2023-10-10 13:47:00,,53.635377272727276
2023-10-10 13:48:00,2023-10-10 13:48:23,54.99893
2023-10-10 13:49:00,,52.85610571428572
2023-10-10 13:50:00,,50.71328142857143
2023-10-10 13:51:00,,48.570457142857144
2023-10-10 13:52:00,,46.427632857142854
2023-10-10 13:53:00,,44.28480857142857
2023-10-10 13:54:00,,42.14198428571429
2023-10-10 13:55:00,,39.99916
2023-10-10 13:56:00,,37.85633571428571
2023-10-10 13:57:00,,35.71351142857142
2023-10-10 13:58:00,,33.57068714285714
2023-10-10 13:59:00,,31.427862857142856
2023-10-10 14:00:00,,29.28503857142857
2023-10-10 14:01:00,,27.14221428571428
2023-10-10 14:02:00,2023-10-10 14:02:12,24.99939
2023-10-10 14:03:00,,27.726620909090908
2023-10-10 14:04:00,,30.453851818181818
2023-10-10 14:05:00,,33.181082727272724
2023-10-10 14:06:00,,35.90831363636364
2023-10-10 14:07:00,,38.63554454545454
2023-10-10 14:08:00,,41.36277545454546
2023-10-10 14:09:00,,44.09000636363636
2023-10-10 14:10:00,,46.81723727272727
2023-10-10 14:11:00,,49.54446818181818
2023-10-10 14:12:00,,52.271699090909095
2023-10-10 14:13:00,2023-10-10 14:13:16,54.99893
2023-10-10 14:14:00,,55.71323761904762
2023-10-10 14:15:00,,56.42754523809524
2023-10-10 14:16:00,,57.14185285714286
2023-10-10 14:17:00,,57.85616047619048
2023-10-10 14:18:00,,58.5704680952381
2023-10-10 14:19:00,,59.284775714285715
2023-10-10 14:20:00,,59.99908333333334
2023-10-10 14:21:00,,60.713390952380955
2023-10-10 14:22:00,,61.42769857142857
2023-10-10 14:23:00,,62.142006190476195
2023-10-10 14:24:00,,62.85631380952381
2023-10-10 14:25:00,,63.57062142857143
2023-10-10 14:26:00,,64.28492904761904
2023-10-10 14:27:00,,64.99923666666668
2023-10-10 14:28:00,,65.71354428571429
2023-10-10 14:29:00,,66.42785190476191
2023-10-10 14:30:00,,67.14215952380953
2023-10-10 14:31:00,,67.85646714285714
2023-10-10 14:32:00,,68.57077476190477
2023-10-10 14:33:00,,69.28508238095239
2023-10-10 14:34:00,2023-10-10 14:34:00,69.99939
2023-10-10 14:35:00,,66.249413
2023-10-10 14:36:00,,62.499436
2023-10-10 14:37:00,,58.749459
2023-10-10 14:38:00,,54.999482
2023-10-10 14:39:00,,51.249505
2023-10-10 14:40:00,,47.499528000000005
2023-10-10 14:41:00,,43.749551000000004
2023-10-10 14:42:00,,39.999574
2023-10-10 14:43:00,,36.249597
2023-10-10 14:44:00,,32.49962
2023-10-10 14:45:00,,28.749643
2023-10-10 14:46:00,,24.999666000000005
2023-10-10 14:47:00,,21.249689000000004
2023-10-10 14:48:00,,17.499712000000002
2023-10-10 14:49:00,,13.749735000000001
2023-10-10 14:50:00,,9.999758
2023-10-10 14:51:00,,6.249780999999999
2023-10-10 14:52:00,,2.4998039999999975
2023-10-10 14:53:00,,-1.2501730000000038
2023-10-10 14:54:00,2023-10-10 14:54:44,-5.00015
2023-10-10 14:55:00,,34.99969666666667
2023-10-10 14:56:00,,74.99954333333334
2023-10-10 14:57:00,2023-10-10 14:57:30,114.99939
2023-10-10 14:58:00,,101.87433250000001
2023-10-10 14:59:00,,88.74927500000001
2023-10-10 15:00:00,,75.6242175
2023-10-10 15:01:00,,62.49916
2023-10-10 15:02:00,,49.374102500000006
2023-10-10 15:03:00,,36.249044999999995
2023-10-10 15:04:00,,23.1239875
2023-10-10 15:05:00,2023-10-10 15:05:48,9.99893
2023-10-10 15:06:00,,14.089839545454545
2023-10-10 15:07:00,,18.18074909090909
2023-10-10 15:08:00,,22.271658636363636
2023-10-10 15:09:00,,26.362568181818183
2023-10-10 15:10:00,,30.453477727272727
2023-10-10 15:11:00,,34.54438727272727
2023-10-10 15:12:00,,38.63529681818182
2023-10-10 15:13:00,,42.726206363636365
2023-10-10 15:14:00,,46.81711590909091
2023-10-10 15:15:00,,50.90802545454545
2023-10-10 15:16:00,,54.998935
2023-10-10 15:17:00,,59.08984454545455
2023-10-10 15:18:00,,63.18075409090909
2023-10-10 15:19:00,,67.27166363636364
2023-10-10 15:20:00,,71.36257318181818
2023-10-10 15:21:00,,75.45348272727273
2023-10-10 15:22:00,,79.54439227272728
2023-10-10 15:23:00,,83.63530181818182
2023-10-10 15:24:00,,87.72621136363637
2023-10-10 15:25:00,,91.8171209090909
2023-10-10 15:26:00,,95.90803045454545
2023-10-10 15:27:00,2023-10-10 15:27:55,99.99894
2023-10-10 15:28:00,,94.99893888888889
2023-10-10 15:29:00,,89.99893777777778
2023-10-10 15:30:00,,84.99893666666667
2023-10-10 15:31:00,,79.99893555555556
2023-10-10 15:32:00,,74.99893444444444
2023-10-10 15:33:00,,69.99893333333333
2023-10-10 15:34:00,,64.99893222222222
2023-10-10 15:35:00,,59.99893111111111
2023-10-10 15:36:00,2023-10-10 15:36:13,54.99893
2023-10-10 15:37:00,,54.99893
2023-10-10 15:38:00,,54.99893
2023-10-10 15:39:00,,54.99893
2023-10-10 15:40:00,,54.99893
2023-10-10 15:41:00,,54.99893
2023-10-10 15:42:00,,54.99893
2023-10-10 15:43:00,,54.99893
2023-10-10 15:44:00,,54.99893
2023-10-10 15:45:00,,54.99893
2023-10-10 15:46:00,,54.99893
2023-10-10 15:47:00,,54.99893
2023-10-10 15:48:00,,54.99893
2023-10-10 15:49:00,,54.99893
2023-10-10 15:50:00,,54.99893
2023-10-10 15:51:00,,54.99893
2023-10-10 15:52:00,,54.99893
2023-10-10 15:53:00,,54.99893
2023-10-10 15:54:00,,54.99893
2023-10-10 15:55:00,,54.99893
2023-10-10 15:56:00,,54.99893
2023-10-10 15:57:00,,54.99893
2023-10-10 15:58:00,,54.99893
2023-10-10 15:59:00,,54.99893
2023-10-10 16:00:00,,54.99893
2023-10-10 16:01:00,2023-10-10 16:01:06,54.99893
2023-10-10 16:02:00,,54.99893
2023-10-10 16:03:00,,54.99893
2023-10-10 16:04:00,,54.99893
2023-10-10 16:05:00,,54.99893
2023-10-10 16:06:00,,54.99893
2023-10-10 16:07:00,,54.99893
2023-10-10 16:08:00,,54.99893
2023-10-10 16:09:00,,54.99893
2023-10-10 16:10:00,,54.99893
2023-10-10 16:11:00,,54.99893
2023-10-10 16:12:00,,54.99893
2023-10-10 16:13:00,,54.99893
2023-10-10 16:14:00,,54.99893
2023-10-10 16:15:00,,54.99893
2023-10-10 16:16:00,,54.99893
2023-10-10 16:17:00,,54.99893
2023-10-10 16:18:00,,54.99893
2023-10-10 16:19:00,,54.99893
2023-10-10 16:20:00,,54.99893
2023-10-10 16:21:00,,54.99893
2023-10-10 16:22:00,,54.99893
2023-10-10 16:23:00,,54.99893
2023-10-10 16:24:00,2023-10-10 16:24:36,54.99893
2023-10-10 16:25:00,,54.99893
2023-10-10 16:26:00,,54.99893
2023-10-10 16:27:00,,54.99893
2023-10-10 16:28:00,,54.99893
2023-10-10 16:29:00,,54.99893
2023-10-10 16:30:00,,54.99893
2023-10-10 16:31:00,,54.99893
2023-10-10 16:32:00,,54.99893
2023-10-10 16:33:00,,54.99893
2023-10-10 16:34:00,,54.99893
2023-10-10 16:35:00,,54.99893
2023-10-10 16:36:00,,54.99893
2023-10-10 16:37:00,,54.99893
2023-10-10 16:38:00,,54.99893
2023-10-10 16:39:00,,54.99893
2023-10-10 16:40:00,,54.99893
2023-10-10 16:41:00,,54.99893
2023-10-10 16:42:00,2023-10-10 16:42:34,54.99893
2023-10-10 16:43:00,,60.76823153846154
2023-10-10 16:44:00,,66.53753307692308
2023-10-10 16:45:00,,72.30683461538462
2023-10-10 16:46:00,,78.07613615384616
2023-10-10 16:47:00,,83.8454376923077
2023-10-10 16:48:00,,89.61473923076923
2023-10-10 16:49:00,,95.38404076923078
2023-10-10 16:50:00,,101.15334230769231
2023-10-10 16:51:00,,106.92264384615385
2023-10-10 16:52:00,,112.6919453846154
2023-10-10 16:53:00,,118.46124692307693
2023-10-10 16:54:00,,124.23054846153846
2023-10-10 16:55:00,2023-10-10 16:55:01,129.99985
2023-10-10 16:56:00,,121.24981166666667
2023-10-10 16:57:00,,112.49977333333334
2023-10-10 16:58:00,,103.74973500000002
2023-10-10 16:59:00,,94.99969666666667
2023-10-10 17:00:00,,86.24965833333334
2023-10-10 17:01:00,,77.49962000000001
2023-10-10 17:02:00,,68.74958166666667
2023-10-10 17:03:00,,59.999543333333335
2023-10-10 17:04:00,,51.249505
2023-10-10 17:05:00,,42.49946666666666
2023-10-10 17:06:00,,33.74942833333333
2023-10-10 17:07:00,2023-10-10 17:07:27,24.99939
2023-10-10 17:08:00,,24.16603111111111
2023-10-10 17:09:00,,23.33267222222222
2023-10-10 17:10:00,,22.499313333333333
2023-10-10 17:11:00,,21.665954444444445
2023-10-10 17:12:00,,20.832595555555557
2023-10-10 17:13:00,,19.999236666666665
2023-10-10 17:14:00,,19.165877777777776
2023-10-10 17:15:00,,18.332518888888888
2023-10-10 17:16:00,,17.49916
2023-10-10 17:17:00,,16.66580111111111
2023-10-10 17:18:00,,15.832442222222221
2023-10-10 17:19:00,,14.999083333333333
2023-10-10 17:20:00,,14.165724444444445
2023-10-10 17:21:00,,13.332365555555555
2023-10-10 17:22:00,,12.499006666666666
2023-10-10 17:23:00,,11.665647777777778
2023-10-10 17:24:00,,10.83228888888889
2023-10-10 17:25:00,2023-10-10 17:25:26,9.99893
2023-10-10 17:26:00,,13.946346842105262
2023-10-10 17:27:00,,17.893763684210526
2023-10-10 17:28:00,,21.84118052631579
2023-10-10 17:29:00,,25.78859736842105
2023-10-10 17:30:00,,29.736014210526314
2023-10-10 17:31:00,,33.683431052631576
2023-10-10 17:32:00,,37.63084789473684
2023-10-10 17:33:00,,41.5782647368421
2023-10-10 17:34:00,,45.52568157894737
2023-10-10 17:35:00,,49.47309842105263
2023-10-10 17:36:00,,53.420515263157895
2023-10-10 17:37:00,,57.36793210526316
2023-10-10 17:38:00,,61.31534894736842
2023-10-10 17:39:00,,65.26276578947368
2023-10-10 17:40:00,,69.21018263157895
2023-10-10 17:41:00,,73.1575994736842
2023-10-10 17:42:00,,77.10501631578947
2023-10-10 17:43:00,,81.05243315789474
2023-10-10 17:44:00,2023-10-10 17:44:47,84.99985
