,actual,pred
0,0.0,-7060.2383
1,0.0,-4828.69
2,0.0,-3615.8733
3,0.0,-4071.7727
4,0.0,-2280.162
5,0.0,524.6097
6,0.0,2683.7898
7,709.0,5613.08
8,1058.0,2572.6865
9,1504.0,3153.187
10,2072.0,18521.195
11,2763.0,12148.203
12,2790.0,15162.324
13,4325.0,14718.295
14,3424.0,20539.727
15,3784.0,29695.316
16,4426.0,24608.479
17,4478.0,25769.086
18,4505.0,29642.684
19,7543.0,33244.234
20,4945.0,32317.701
21,4599.0,41192.58
22,6236.0,41714.766
23,6094.0,45237.586
24,9351.0,47053.15
25,9848.0,39800.477
26,10082.0,41147.34
27,11320.0,48589.945
28,5548.0,41362.914
29,5875.999999999999,39520.297
30,3226.9999999999995,36556.242
31,3226.0,38506.605
32,1680.0,24485.297
33,1804.0,30282.127
34,1336.0,28602.287
35,1968.0,24588.531
36,2104.0,22242.613
37,3011.0,23055.72
38,2139.0,21953.652
39,736.0,10003.529
40,0.0,11509.554
41,0.0,14933.471
42,0.0,6303.336
43,0.0,6532.824
44,0.0,9975.875
45,0.0,5389.348
46,0.0,3066.7695
47,0.0,675.09344
48,0.0,1284.8057
49,0.0,-3985.8376
50,0.0,-5088.8926
51,0.0,-7555.076
52,0.0,-11356.125
53,0.0,-9239.988
54,0.0,-2947.5444
55,0.0,-6212.782
56,0.0,-5841.537
57,0.0,-3190.6743
58,0.0,-603.8766
59,0.0,-446.2205
60,0.0,2324.4485
61,0.0,4655.032
62,709.0,7775.73
63,1058.0,9985.266
64,1504.0,6802.2534
65,2072.0,8030.204
66,2763.0,23378.951
67,2790.0,17345.205
68,4325.0,21295.39
69,3424.0,20686.51
70,3784.0,25208.707
71,4426.0,34908.445
72,4478.0,29392.771
73,4505.0,27964.064
74,7543.0,33149.188
75,4945.0,35285.58
76,4599.0,34758.062
77,6236.0,42500.938
78,6094.0,41087.35
79,9351.0,44577.863
80,9848.0,46389.54
81,10082.0,37309.04
82,11320.0,37654.34
83,5548.0,45566.156
84,5875.999999999999,37328.832
85,3226.9999999999995,34778.42
86,3226.0,31245.668
87,1680.0,33548.97
88,1804.0,18057.016
89,1336.0,23390.617
90,1968.0,22789.287
91,2104.0,19236.752
92,3011.0,18519.098
93,2139.0,17926.154
94,736.0,16172.414
95,0.0,4972.5537
96,0.0,8649.625
97,0.0,11137.617
98,0.0,2054.8013
99,0.0,3504.1816
100,0.0,7480.1875
101,0.0,3377.1345
102,0.0,2445.1396
103,0.0,-281.87524
104,0.0,590.8693
105,0.0,-4218.6943
106,0.0,-4827.8823
107,0.0,-6906.9766
108,0.0,-9921.649
109,0.0,-9077.954
110,0.0,-1503.511
111,0.0,-5080.162
112,0.0,-3182.9253
113,0.0,-1864.267
114,0.0,224.25392
115,0.0,1326.9048
116,0.0,5008.32
117,709.0,5941.915
118,1058.0,8701.992
119,1504.0,11909.773
120,2072.0,9277.943
121,2763.0,10728.003
122,2790.0,25961.174
123,4325.0,19400.879
124,3424.0,25546.588
125,3784.0,22705.281
126,4426.0,27123.63
127,4478.0,35677.582
128,4505.0,29226.736
129,7543.0,28457.0
130,4945.0,32736.488
131,4599.0,35555.445
132,6236.0,34330.383
133,6094.0,41592.855
134,9351.0,39337.562
135,9848.0,42809.56
136,10082.0,43405.03
137,11320.0,34922.773
138,5548.0,35213.305
139,5875.999999999999,41941.91
140,3226.9999999999995,34564.6
141,3226.0,30975.66
142,1680.0,28428.055
143,1804.0,28854.639
144,1336.0,14768.136
145,1968.0,19347.34
146,2104.0,19082.209
147,3011.0,16024.747
148,2139.0,15402.367
149,736.0,13710.23
150,0.0,15097.227
151,0.0,2814.4722
152,0.0,7126.436
153,0.0,10338.371
154,0.0,529.476
155,0.0,970.5381
156,0.0,5947.218
157,0.0,3077.5498
158,0.0,1063.4517
159,0.0,-670.6131
160,0.0,1906.7754
161,0.0,-3018.6123
162,0.0,-4245.8687
163,0.0,-6008.6826
164,0.0,-8080.65
165,0.0,-7938.641
166,0.0,68.10156
167,0.0,-2175.5305
168,0.0,-3131.4756
169,0.0,-2266.0833
170,0.0,1749.5841
171,0.0,2734.436
172,709.0,5925.7935
173,1058.0,7269.193
174,1504.0,10593.212
175,2072.0,13781.068
176,2763.0,11136.0205
177,2790.0,12700.72
178,4325.0,27903.357
179,3424.0,22284.354
180,3784.0,27118.094
181,4426.0,24453.635
182,4478.0,29205.287
183,4505.0,37416.27
184,7543.0,31382.172
185,4945.0,30244.566
186,4599.0,33966.6
187,6236.0,34549.01
188,6094.0,33730.26
189,9351.0,39348.438
190,9848.0,39673.477
191,10082.0,41183.04
192,11320.0,43687.42
193,5548.0,33188.977
194,5875.999999999999,32812.195
195,3226.9999999999995,39466.234
196,3226.0,33256.113
197,1680.0,29560.455
198,1804.0,26640.633
199,1336.0,26924.572
200,1968.0,11588.918
201,2104.0,18238.611
202,3011.0,18023.164
203,2139.0,13926.747
204,736.0,14140.903
205,0.0,12691.623
206,0.0,12889.101
207,0.0,2019.1088
208,0.0,4118.5747
209,0.0,8220.164
210,0.0,-287.2422
211,0.0,231.60608
212,0.0,4816.398
213,0.0,766.00757
214,0.0,-698.51105
215,0.0,-1170.911
216,0.0,873.3036
217,0.0,-4079.1323
218,0.0,-4690.986
219,0.0,-6780.8784
220,0.0,-9269.006
221,0.0,-7993.711
222,0.0,1319.3474
223,0.0,-1539.3936
224,0.0,-1833.8188
225,0.0,584.26996
226,0.0,3578.5083
227,709.0,5270.544
228,1058.0,7941.1514
229,1504.0,9557.31
230,2072.0,13688.165
231,2763.0,14659.154
232,2790.0,14406.114
233,4325.0,15285.809
234,3424.0,30076.918
235,3784.0,24446.127
236,4426.0,29385.14
237,4478.0,25235.016
238,4505.0,29612.158
239,7543.0,37945.03
240,4945.0,31651.988
241,4599.0,30680.0
242,6236.0,33319.117
243,6094.0,33314.297
244,9351.0,32565.312
245,9848.0,37894.836
246,10082.0,39429.695
247,11320.0,38790.07
248,5548.0,41800.574
249,5875.999999999999,32008.902
250,3226.9999999999995,31280.83
251,3226.0,37185.934
252,1680.0,30712.207
253,1804.0,28009.35
254,1336.0,24415.256
255,1968.0,24936.643
256,2104.0,11064.516
257,3011.0,16327.656
258,2139.0,16097.965
259,736.0,12553.267
260,0.0,11951.126
261,0.0,11792.527
262,0.0,11448.734
263,0.0,1168.3097
264,0.0,2987.9414
265,0.0,6438.349
266,0.0,-1061.033
267,0.0,365.0094
268,0.0,4028.438
269,0.0,-168.39154
270,0.0,-594.60767
271,0.0,-1609.8052
272,0.0,144.17484
273,0.0,-3828.8838
274,0.0,-3739.0208
275,0.0,-6789.429
276,0.0,-8133.9136
277,0.0,-5945.016
278,0.0,2315.8894
279,0.0,-248.21002
280,0.0,-1215.6769
281,0.0,2275.2908
282,709.0,5050.8716
283,1058.0,7235.954
284,1504.0,9740.298
285,2072.0,12509.1455
286,2763.0,15971.936
287,2790.0,17755.197
288,4325.0,16899.164
289,3424.0,18414.059
290,3784.0,32054.03
291,4426.0,27377.275
292,4478.0,31355.207
293,4505.0,28960.676
294,7543.0,31541.404
295,4945.0,39185.145
296,4599.0,32500.504
297,6236.0,32016.258
298,6094.0,32592.107
299,9351.0,33651.477
300,9848.0,33923.414
301,10082.0,38460.49
302,11320.0,41288.324
303,5548.0,38028.895
304,5875.999999999999,40153.043
305,3226.9999999999995,30044.795
306,3226.0,29009.246
307,1680.0,35781.344
308,1804.0,27951.098
309,1336.0,25787.322
310,1968.0,23713.998
311,2104.0,23675.352
312,3011.0,9360.054
313,2139.0,16737.566
314,736.0,14925.145
315,0.0,11055.612
316,0.0,12250.428
317,0.0,9945.312
318,0.0,11368.16
319,0.0,674.8279
320,0.0,3129.7998
321,0.0,4729.0615
322,0.0,-343.13626
323,0.0,71.38269
324,0.0,2722.7812
325,0.0,1339.1283
326,0.0,-2314.7693
327,0.0,-2428.7498
328,0.0,746.4713
329,0.0,-2543.077
330,0.0,-3329.9495
331,0.0,-5883.9883
332,0.0,-7999.6357
333,0.0,-2807.4414
334,0.0,3124.2224
335,0.0,2129.3618
336,0.0,184.62659
337,709.0,4399.759
338,1058.0,7496.8584
339,1504.0,9421.938
340,2072.0,12445.156
341,2763.0,14728.124
342,2790.0,18780.951
343,4325.0,20481.486
344,3424.0,19564.086
345,3784.0,21560.082
346,4426.0,34722.137
347,4478.0,30189.988
348,4505.0,34439.395
349,7543.0,32550.672
350,4945.0,34400.242
351,4599.0,42195.92
352,6236.0,35493.31
353,6094.0,33623.457
354,9351.0,33003.836
355,9848.0,35049.645
356,10082.0,34942.867
357,11320.0,39316.13
358,5548.0,39433.8
359,5875.999999999999,37517.414
360,3226.9999999999995,39832.64
361,3226.0,27941.773
362,1680.0,27016.95
363,1804.0,33251.285
364,1336.0,26110.62
365,1968.0,23699.281
366,2104.0,21099.871
367,3011.0,20676.494
368,2139.0,6505.919
369,736.0,13578.557
370,0.0,11451.881
371,0.0,8191.718
372,0.0,10104.033
373,0.0,7995.2124
374,0.0,9804.257
375,0.0,-1663.0438
376,0.0,1882.12
377,0.0,3004.284
378,0.0,-1444.1536
379,0.0,-750.9918
380,0.0,1929.3983
381,0.0,178.5568
382,0.0,-2815.1533
383,0.0,-2454.3772
384,0.0,934.6677
385,0.0,-2562.6682
386,0.0,-2130.4028
387,0.0,-5088.115
388,0.0,-6691.416
389,0.0,-2826.0615
390,0.0,4859.9756
391,0.0,2324.4885
392,709.0,2884.2886
393,1058.0,6398.674
394,1504.0,8909.508
395,2072.0,11751.279
396,2763.0,14128.125
397,2790.0,17072.357
398,4325.0,20116.629
399,3424.0,21489.543
400,3784.0,21313.441
401,4426.0,23808.332
402,4478.0,35975.414
403,4505.0,31418.297
404,7543.0,36566.52
405,4945.0,32373.707
406,4599.0,34583.938
407,6236.0,41288.3
408,6094.0,33029.016
409,9351.0,33336.477
410,9848.0,33785.92
411,10082.0,33997.934
412,11320.0,32804.24
413,5548.0,37069.605
414,5875.999999999999,37438.297
415,3226.9999999999995,36254.445
416,3226.0,37145.383
417,1680.0,27198.346
418,1804.0,25054.637
419,1336.0,31095.072
420,1968.0,23995.848
421,2104.0,20849.41
422,3011.0,20140.584
423,2139.0,18633.203
424,736.0,4133.4053
425,0.0,13041.636
426,0.0,9764.319
427,0.0,7570.5137
428,0.0,8095.648
429,0.0,5043.8857
430,0.0,9611.788
431,0.0,-2830.5283
432,0.0,989.01697
433,0.0,2473.1106
434,0.0,-3280.2378
435,0.0,-2391.174
436,0.0,1794.8455
437,0.0,1165.051
438,0.0,-3230.4463
439,0.0,-1913.002
440,0.0,2502.064
441,0.0,-2506.607
442,0.0,-813.758
443,0.0,-4180.3896
444,0.0,-3884.262
445,0.0,-607.21716
446,0.0,6643.0522
447,0.0,5447.099
448,1058.0,3203.8328
449,1504.0,6206.29
450,2072.0,10823.064
451,2763.0,14806.392
452,2790.0,17416.512
453,4325.0,17950.713
454,3424.0,23292.375
455,3784.0,24377.014
456,4426.0,23781.422
457,4478.0,26378.88
458,4505.0,38572.836
459,7543.0,33319.793
460,4945.0,37173.117
461,4599.0,34733.293
462,6236.0,36378.695
463,6094.0,43908.465
464,9351.0,35802.85
465,9848.0,34136.777
466,10082.0,33929.99
467,11320.0,34819.297
468,5548.0,31797.398
469,5875.999999999999,36399.008
470,3226.9999999999995,36659.85
471,3226.0,35420.516
472,1680.0,37387.234
473,1804.0,24553.52
474,1336.0,22981.365
475,1968.0,28701.006
476,2104.0,22350.803
477,3011.0,20904.59
478,2139.0,16854.48
479,736.0,17281.842
480,0.0,920.0925
481,0.0,10818.651
482,0.0,8398.495
483,0.0,5693.107
484,0.0,6319.0015
485,0.0,3966.9922
486,0.0,6576.154
487,0.0,-3940.837
488,0.0,-1834.8392
489,0.0,-431.55817
490,0.0,-4350.1855
491,0.0,-3674.2275
492,0.0,1931.3666
493,0.0,-431.81512
494,0.0,-4848.5415
495,0.0,-2903.3823
496,0.0,2868.8076
497,0.0,-1938.3121
498,0.0,-1646.8665
499,0.0,-4429.3076
500,0.0,-5240.8296
501,0.0,-1188.8999
502,0.0,6969.9097
503,0.0,6131.7437
504,1504.0,4071.8198
505,2072.0,8420.209
506,2763.0,12241.705
507,2790.0,15745.393
508,4325.0,18618.21
509,3424.0,20116.777
510,3784.0,26697.945
511,4426.0,25144.834
512,4478.0,26075.352
513,4505.0,27727.268
514,7543.0,40092.586
515,4945.0,34413.6
516,4599.0,38045.285
517,6236.0,33331.64
518,6094.0,35008.58
519,9351.0,43699.742
520,9848.0,35390.914
521,10082.0,34683.727
522,11320.0,33630.594
523,5548.0,34036.07
524,5875.999999999999,30474.83
525,3226.9999999999995,35039.906
526,3226.0,36409.062
527,1680.0,33099.406
528,1804.0,35784.113
529,1336.0,24928.479
530,1968.0,22358.066
531,2104.0,27674.764
532,3011.0,21415.924
533,2139.0,19304.162
534,736.0,15459.623
535,0.0,17627.701
536,0.0,1009.791
537,0.0,10012.229
538,0.0,5794.5273
539,0.0,5966.8037
540,0.0,4509.8633
541,0.0,4332.5186
542,0.0,5086.9863
543,0.0,-4870.1436
544,0.0,-3196.6514
545,0.0,-1029.7604
546,0.0,-4081.1658
547,0.0,-3509.4023
548,0.0,371.74835
549,0.0,-846.6559
550,0.0,-3678.3643
551,0.0,-2673.2942
552,0.0,2264.7927
553,0.0,-1035.1721
554,0.0,-238.19855
555,0.0,-4370.9287
556,0.0,-3735.6152
557,0.0,446.35876
558,0.0,7956.0703
559,0.0,6976.0137
560,2072.0,6006.915
561,2763.0,11321.822
562,2790.0,15384.866
563,4325.0,18664.102
564,3424.0,20566.648
565,3784.0,22760.139
566,4426.0,28777.799
567,4478.0,28014.82
568,4505.0,27313.238
569,7543.0,29219.805
570,4945.0,40865.633
571,4599.0,34988.586
572,6236.0,38057.28
573,6094.0,33887.93
574,9351.0,34132.29
575,9848.0,42332.06
576,10082.0,34275.45
577,11320.0,33604.72
578,5548.0,31105.637
579,5875.999999999999,32158.914
580,3226.9999999999995,29644.105
581,3226.0,33792.73
582,1680.0,35534.996
583,1804.0,30961.965
584,1336.0,32810.33
585,1968.0,21261.16
586,2104.0,19417.861
587,3011.0,25058.74
588,2139.0,17926.46
589,736.0,16312.962
590,0.0,13358.035
591,0.0,14877.212
592,0.0,-1294.2192
593,0.0,8982.461
594,0.0,3883.2256
595,0.0,4100.0977
596,0.0,3421.8213
597,0.0,1734.596
598,0.0,4278.621
599,0.0,-6197.703
600,0.0,-3858.1523
601,0.0,-2720.081
602,0.0,-3877.7754
603,0.0,-4253.3174
604,0.0,-659.82605
605,0.0,299.45142
606,0.0,-3303.3115
607,0.0,-1741.681
608,0.0,4101.2446
609,0.0,558.51733
610,0.0,1984.2546
611,0.0,-1987.7788
612,0.0,-1619.449
613,0.0,4864.2515
614,0.0,10401.2295
615,0.0,9445.6455
616,2763.0,9384.814
617,2790.0,14981.031
618,4325.0,18814.457
619,3424.0,21444.07
620,3784.0,24102.836
621,4426.0,25872.693
622,4478.0,32081.941
623,4505.0,30580.934
624,7543.0,30067.799
625,4945.0,31596.773
626,4599.0,43124.773
627,6236.0,36679.87
628,6094.0,39979.695
629,9351.0,36021.496
630,9848.0,35690.3
631,10082.0,43922.203
632,11320.0,35390.492
633,5548.0,33418.082
634,5875.999999999999,30460.959
635,3226.9999999999995,31635.293
636,3226.0,29792.943
637,1680.0,33417.598
638,1804.0,33551.586
639,1336.0,29726.332
640,1968.0,31369.129
641,2104.0,18897.348
642,3011.0,17446.607
643,2139.0,22598.568
644,736.0,15700.416
645,0.0,14084.347
646,0.0,10469.76
647,0.0,12573.608
648,0.0,-3359.4097
649,0.0,6316.586
650,0.0,1210.2709
651,0.0,1939.7014
652,0.0,2808.7188
653,0.0,1000.96204
654,0.0,3371.8936
655,0.0,-6813.4453
656,0.0,-3626.4028
657,0.0,-2954.7478
658,0.0,-3390.0881
659,0.0,-2795.688
660,0.0,191.51233
661,0.0,965.1363
662,0.0,-1482.3337
663,0.0,191.3534
664,0.0,6016.537
665,0.0,2904.858
666,0.0,4497.535
667,0.0,457.94128
668,0.0,1128.7903
669,0.0,6593.5483
670,0.0,13852.161
671,0.0,11767.408
672,2790.0,11627.898
673,4325.0,16687.545
674,3424.0,19814.354
675,3784.0,23056.719
676,4426.0,24973.822
677,4478.0,26649.592
678,4505.0,31829.553
679,7543.0,30215.432
680,4945.0,29812.006
681,4599.0,31386.842
682,6236.0,41871.95
683,6094.0,35103.395
684,9351.0,39476.7
685,9848.0,33622.28
686,10082.0,33703.734
687,11320.0,40995.37
688,5548.0,31538.912
689,5875.999999999999,30755.412
690,3226.9999999999995,28197.049
691,3226.0,28994.793
692,1680.0,26600.3
693,1804.0,29836.777
694,1336.0,30534.053
695,1968.0,26911.615
696,2104.0,28676.633
697,3011.0,16961.771
698,2139.0,15305.421
699,736.0,20394.057
700,0.0,13538.049
701,0.0,11491.771
702,0.0,8919.075
703,0.0,10482.534
704,0.0,-4477.089
705,0.0,5694.338
706,0.0,669.1626
707,0.0,1343.671
708,0.0,1729.2238
709,0.0,-93.67151
710,0.0,4000.828
711,0.0,-6138.9224
712,0.0,-3009.0754
713,0.0,-1463.4717
714,0.0,-3706.1875
715,0.0,-2591.643
716,0.0,1450.344
717,0.0,2635.6826
718,0.0,358.44763
719,0.0,2225.9976
720,0.0,8157.082
721,0.0,4659.9497
722,0.0,6605.5044
723,0.0,2620.8213
724,0.0,4590.47
725,0.0,9098.958
726,0.0,16310.652
727,1130.0,14474.314
728,4325.0,13399.133
729,3424.0,17699.342
730,3784.0,21633.113
731,4426.0,25082.053
732,4478.0,28045.91
733,4505.0,27309.285
734,7543.0,33723.6
735,4945.0,31689.957
736,4599.0,31189.516
737,6236.0,32860.496
738,6094.0,42930.29
739,9351.0,35735.695
740,9848.0,38459.1
741,10082.0,34267.406
742,11320.0,33901.42
743,5548.0,41749.312
744,5875.999999999999,31833.027
745,3226.9999999999995,29910.871
746,3226.0,26942.764
747,1680.0,28233.291
748,1804.0,24472.584
749,1336.0,27962.809
750,1968.0,28535.205
751,2104.0,25122.775
752,3011.0,27082.822
753,2139.0,14347.415
754,736.0,13490.287
755,0.0,17994.8
756,0.0,11659.511
757,0.0,11311.313
758,0.0,6473.5933
759,0.0,9322.677
760,0.0,-6854.0986
761,0.0,3887.9165
762,0.0,457.2442
763,0.0,-17.850586
764,0.0,915.4945
765,0.0,-291.40314
766,0.0,2701.3748
767,0.0,-6447.1724
768,0.0,-4427.935
769,0.0,-2072.296
770,0.0,-3367.2222
771,0.0,-2073.8423
772,0.0,2374.9287
773,0.0,2869.2393
774,0.0,291.0265
775,0.0,2711.0625
776,0.0,9373.234
777,0.0,6211.073
778,0.0,7245.8696
779,0.0,3786.1584
780,0.0,4656.615
781,0.0,9924.985
782,1130.0,17846.688
783,1361.0,16470.055
784,3424.0,15532.92
785,3784.0,20847.926
786,4426.0,24079.908
787,4478.0,26205.885
788,4505.0,28995.775
789,7543.0,29005.006
790,4945.0,36059.32
791,4599.0,32129.01
792,6236.0,32758.895
793,6094.0,33498.016
794,9351.0,42879.97
795,9848.0,35266.85
796,10082.0,38287.164
797,11320.0,32384.771
798,5548.0,32582.69
799,5875.999999999999,40259.957
800,3226.9999999999995,30232.09
801,3226.0,28724.133
802,1680.0,25494.688
803,1804.0,26644.521
804,1336.0,21760.55
805,1968.0,25291.465
806,2104.0,26141.018
807,3011.0,22391.973
808,2139.0,24573.121
809,736.0,12882.363
810,0.0,11942.467
811,0.0,16133.768
812,0.0,10132.078
813,0.0,9147.293
814,0.0,5068.527
815,0.0,8647.423
816,0.0,-6957.1123
817,0.0,3364.1914
818,0.0,-1328.0413
819,0.0,-58.39081
820,0.0,-618.8569
821,0.0,380.4348
822,0.0,2079.543
823,0.0,-7028.42
824,0.0,-4331.6377
825,0.0,-2016.2742
826,0.0,-2469.6304
827,0.0,-470.38245
828,0.0,3056.312
829,0.0,3357.0693
830,0.0,2860.8948
831,0.0,4020.4595
832,0.0,10204.875
833,0.0,8585.109
834,0.0,9804.402
835,0.0,5485.955
836,0.0,7751.666
837,1130.0,12696.629
838,1361.0,20420.584
839,1909.0,17741.014
840,3784.0,17870.508
841,4426.0,23682.598
842,4478.0,26520.451
843,4505.0,28244.297
844,7543.0,30353.266
845,4945.0,30700.338
846,4599.0,37166.58
847,6236.0,33347.27
848,6094.0,32412.77
849,9351.0,33244.418
850,9848.0,42297.008
851,10082.0,34109.984
852,11320.0,36187.016
853,5548.0,30900.715
854,5875.999999999999,30145.492
855,3226.9999999999995,37505.51
856,3226.0,27943.479
857,1680.0,26184.684
858,1804.0,22131.29
859,1336.0,23780.297
860,1968.0,19450.332
861,2104.0,23150.135
862,3011.0,23825.086
863,2139.0,19702.775
864,736.0,21334.998
865,0.0,9188.098
866,0.0,9267.861
867,0.0,13545.657
868,0.0,6663.639
869,0.0,6468.8555
870,0.0,3026.306
871,0.0,6405.6724
872,0.0,-8581.947
873,0.0,2680.766
874,0.0,-2628.0627
875,0.0,-1223.3259
876,0.0,-1067.9803
877,0.0,-927.82263
878,0.0,2029.9219
879,0.0,-7152.399
880,0.0,-3806.2822
881,0.0,-2144.003
882,0.0,-1145.427
883,0.0,398.2788
884,0.0,3864.0012
885,0.0,5402.9575
886,0.0,4565.5073
887,0.0,6419.5166
888,0.0,13243.36
889,0.0,11518.004
890,0.0,13270.512
891,0.0,9036.766
892,1130.0,10918.744
893,1361.0,17471.91
894,1909.0,23558.35
895,1738.0,20637.266
896,4426.0,21135.367
897,4478.0,26623.652
898,4505.0,29173.244
899,7543.0,30226.234
900,4945.0,32856.664
901,4599.0,32778.215
902,6236.0,39212.793
903,6094.0,34598.63
904,9351.0,33674.113
905,9848.0,33986.285
906,10082.0,43202.633
907,11320.0,34184.45
908,5548.0,36554.117
909,5875.999999999999,31171.152
910,3226.9999999999995,30326.262
911,3226.0,37672.363
912,1680.0,27799.451
913,1804.0,24764.035
914,1336.0,20717.7
915,1968.0,22534.803
916,2104.0,18720.018
917,3011.0,22344.45
918,2139.0,21515.412
919,736.0,18350.996
920,0.0,19809.44
921,0.0,7266.11
922,0.0,8000.716
923,0.0,11596.032
924,0.0,5092.8086
925,0.0,4661.9946
926,0.0,1169.3042
927,0.0,4986.8022
928,0.0,-9632.81
929,0.0,931.8967
930,0.0,-3894.6504
931,0.0,-2381.7537
932,0.0,-886.9257
933,0.0,-585.502
934,0.0,2355.8953
935,0.0,-6633.7197
936,0.0,-2693.793
937,0.0,-1013.7852
938,0.0,424.54565
939,0.0,2866.7163
940,0.0,5983.4873
941,0.0,7100.5405
942,0.0,7289.161
943,0.0,9197.249
944,0.0,15857.772
945,0.0,14592.475
946,0.0,16181.646
947,1130.0,12248.578
948,1361.0,14169.822
949,1909.0,19641.342
950,1738.0,27150.582
951,1628.0,23352.121
952,4478.0,22113.346
953,4505.0,27028.25
954,7543.0,28675.68
955,4945.0,30221.14
956,4599.0,32068.379
957,6236.0,31849.125
958,6094.0,37314.215
959,9351.0,32599.482
960,9848.0,31736.732
961,10082.0,31963.703
962,11320.0,40557.164
963,5548.0,31161.984
964,5875.999999999999,34406.668
965,3226.9999999999995,27741.855
966,3226.0,27166.31
967,1680.0,33970.617
968,1804.0,23470.873
969,1336.0,21117.65
970,1968.0,17927.422
971,2104.0,19336.549
972,3011.0,15436.386
973,2139.0,18827.396
974,736.0,18609.588
975,0.0,15792.355
976,0.0,17470.66
977,0.0,5456.9966
978,0.0,6326.1562
979,0.0,9978.611
980,0.0,3608.454
981,0.0,2954.1536
982,0.0,376.81494
983,0.0,3976.269
984,0.0,-9578.566
985,0.0,1078.7576
986,0.0,-3310.0525
987,0.0,-1913.758
988,0.0,-728.4159
989,0.0,-270.39447
990,0.0,3807.8616
991,0.0,-4894.0864
992,0.0,-1053.3667
993,0.0,1418.2048
994,0.0,1173.0953
995,0.0,4046.9805
996,0.0,7991.232
997,0.0,9309.966
998,0.0,9739.416
999,0.0,11889.697
1000,0.0,18035.918
1001,0.0,16467.54
1002,1130.0,18128.527
1003,1361.0,14187.121
1004,1909.0,16905.164
1005,1738.0,21377.35
1006,1628.0,28817.326
1007,1639.0,24943.426
1008,4505.0,23529.164
1009,7543.0,27640.156
1010,4945.0,29578.777
1011,4599.0,31045.95
1012,6236.0,33453.613
1013,6094.0,31641.518
1014,9351.0,37886.64
1015,9848.0,32712.008
1016,10082.0,31719.547
1017,11320.0,31818.264
1018,5548.0,40331.938
1019,5875.999999999999,30725.922
1020,3226.9999999999995,32536.908
1021,3226.0,27191.934
1022,1680.0,26372.26
1023,1804.0,33760.965
1024,1336.0,22755.91
1025,1968.0,19623.379
1026,2104.0,16245.113
1027,3011.0,18157.695
1028,2139.0,13239.174
1029,736.0,17102.096
1030,0.0,16351.502
1031,0.0,14060.833
1032,0.0,15968.57
1033,0.0,3493.8486
1034,0.0,4923.7417
1035,0.0,8115.781
1036,0.0,2460.956
1037,0.0,3056.2427
1038,0.0,-1241.9681
1039,0.0,3612.3828
1040,0.0,-11002.638
1041,0.0,141.57379
1042,0.0,-2968.9546
1043,0.0,-2393.1885
1044,0.0,-659.598
1045,0.0,261.12878
1046,0.0,3898.3643
1047,0.0,-4366.5967
1048,0.0,-1371.9036
1049,0.0,2017.2078
1050,0.0,2322.6836
1051,0.0,5513.8726
1052,0.0,9746.15
1053,0.0,10510.235
1054,0.0,10524.123
1055,0.0,13256.043
1056,0.0,19697.285
1057,1130.0,18564.203
1058,1361.0,19209.885
1059,1909.0,15808.46
1060,1738.0,17410.629
1061,1628.0,22468.45
1062,1639.0,30240.396
1063,1804.0,26627.205
1064,7543.0,25216.322
1065,4945.0,29746.844
1066,4599.0,31026.797
1067,6236.0,31409.111
1068,6094.0,33577.793
1069,9351.0,32027.623
1070,9848.0,38855.277
1071,10082.0,32054.445
1072,11320.0,31895.29
1073,5548.0,31159.102
1074,5875.999999999999,39179.77
1075,3226.9999999999995,29215.14
1076,3226.0,31280.639
1077,1680.0,24619.527
1078,1804.0,24508.71
1079,1336.0,31997.242
1080,1968.0,20811.402
1081,2104.0,17796.059
1082,3011.0,14690.959
1083,2139.0,16352.829
1084,736.0,10732.897
1085,0.0,14655.139
1086,0.0,14216.652
1087,0.0,12054.964
1088,0.0,13840.701
1089,0.0,2495.0742
1090,0.0,3946.88
1091,0.0,6755.723
1092,0.0,1659.7799
1093,0.0,1632.2751
1094,0.0,-2088.992
1095,0.0,3379.6357
1096,0.0,-10289.081
1097,0.0,178.32227
1098,0.0,-3436.2136
1099,0.0,-1944.2781
1100,0.0,-1120.5479
1101,0.0,1973.6635
1102,0.0,4321.934
1103,0.0,-3869.0405
1104,0.0,-137.52075
1105,0.0,3316.598
1106,0.0,3862.1519
1107,0.0,7644.6587
1108,0.0,11489.971
1109,0.0,12162.988
1110,0.0,13622.172
1111,0.0,15340.522
1112,1130.0,21258.2
1113,1361.0,20974.744
1114,1909.0,21855.574
1115,1738.0,17701.838
1116,1628.0,20305.12
1117,1639.0,24870.605
1118,1804.0,32755.154
1119,1976.0,27742.875
1120,4945.0,26815.57
1121,4599.0,31470.734
1122,6236.0,31993.941
1123,6094.0,32000.232
1124,9351.0,33621.582
1125,9848.0,32415.225
1126,10082.0,38316.89
1127,11320.0,31501.203
1128,5548.0,30064.695
1129,5875.999999999999,29523.164
1130,3226.9999999999995,37467.953
1131,3226.0,27010.6
1132,1680.0,28118.07
1133,1804.0,21967.357
1134,1336.0,21474.209
1135,1968.0,28674.314
1136,2104.0,17867.99
1137,3011.0,14762.509
1138,2139.0,11316.225
1139,736.0,13316.82
1140,0.0,8277.417
1141,0.0,12452.646
1142,0.0,11811.303
1143,0.0,9764.352
1144,0.0,11006.804
1145,0.0,-407.21765
1146,0.0,2071.2412
1147,0.0,4771.463
1148,0.0,-818.7179
1149,0.0,-121.581665
1150,0.0,-3187.2095
1151,0.0,2244.4888
1152,0.0,-10845.733
1153,0.0,442.37488
1154,0.0,-3422.7788
1155,0.0,-1584.5564
1156,0.0,-261.2968
1157,0.0,2260.8193
1158,0.0,5703.5435
1159,0.0,-2458.1245
1160,0.0,1812.2288
1161,0.0,4789.7295
1162,0.0,6323.468
1163,0.0,9804.486
1164,0.0,13679.566
1165,0.0,15227.141
1166,0.0,16046.786
1167,1130.0,18440.393
1168,1361.0,24708.309
1169,1909.0,24338.734
1170,1738.0,25409.838
1171,1628.0,21216.32
1172,1639.0,23496.59
1173,1804.0,28841.965
1174,1976.0,35324.312
1175,1653.0,30006.965
1176,4599.0,28917.129
1177,6236.0,33154.117
1178,6094.0,33345.406
1179,9351.0,32806.703
1180,9848.0,34705.664
1181,10082.0,33251.67
1182,11320.0,38869.844
1183,5548.0,31469.639
1184,5875.999999999999,29992.479
1185,3226.9999999999995,28790.938
1186,3226.0,37226.9
1187,1680.0,26135.617
1188,1804.0,27300.549
1189,1336.0,21034.742
1190,1968.0,20738.812
1191,2104.0,27943.463
1192,3011.0,17245.844
1193,2139.0,12992.177
1194,736.0,9585.452
1195,0.0,11825.077
1196,0.0,7274.265
1197,0.0,11741.517
1198,0.0,9660.548
1199,0.0,8672.52
1200,0.0,9902.967
1201,0.0,-1843.0945
1202,0.0,1414.8638
1203,0.0,3594.824
1204,0.0,-1794.3379
1205,0.0,-1045.761
1206,0.0,-4135.511
1207,0.0,1702.9253
1208,0.0,-11019.686
1209,0.0,-206.37164
1210,0.0,-3460.0537
1211,0.0,-1684.3855
1212,0.0,810.686
1213,0.0,3502.6997
1214,0.0,6868.076
1215,0.0,-773.5631
1216,0.0,3597.8992
1217,0.0,6952.498
1218,0.0,8735.372
1219,0.0,12854.291
1220,0.0,16556.55
1221,0.0,17458.613
1222,1130.0,19013.727
1223,1361.0,21512.389
1224,1909.0,27560.172
1225,1738.0,27355.127
1226,1628.0,27961.727
1227,1639.0,24328.646
1228,1804.0,26259.756
1229,1976.0,30853.54
1230,1653.0,38209.484
1231,1640.0,32116.125
1232,6236.0,28257.762
1233,6094.0,31900.383
1234,9351.0,31458.14
1235,9848.0,31278.21
1236,10082.0,32486.592
1237,11320.0,31058.316
1238,5548.0,35822.51
1239,5875.999999999999,28310.672
1240,3226.9999999999995,27079.0
1241,3226.0,25978.3
1242,1680.0,34030.992
1243,1804.0,22907.516
1244,1336.0,25068.844
1245,1968.0,17744.428
1246,2104.0,17785.672
1247,3011.0,24752.191
1248,2139.0,13646.649
1249,736.0,9983.465
1250,0.0,7476.602
1251,0.0,9379.331
1252,0.0,5218.4165
1253,0.0,9240.551
1254,0.0,8096.166
1255,0.0,7411.5503
1256,0.0,8774.645
1257,0.0,-2235.2188
1258,0.0,1058.9275
1259,0.0,3404.6855
1260,0.0,-1853.7782
1261,0.0,-1377.9729
1262,0.0,-3462.875
1263,0.0,2265.7979
1264,0.0,-9838.683
1265,0.0,1155.2042
1266,0.0,-1681.0065
1267,0.0,-43.31555
1268,0.0,2110.8604
1269,0.0,4765.785
1270,0.0,9234.966
1271,0.0,1538.4358
1272,0.0,5646.8906
1273,0.0,9575.998
1274,0.0,10127.891
1275,0.0,14397.952
1276,0.0,18344.176
1277,1130.0,19631.527
1278,1361.0,20878.484
1279,1909.0,23652.756
1280,1738.0,29049.834
1281,1628.0,28433.266
1282,1639.0,28823.24
1283,1804.0,25096.994
1284,1976.0,27654.072
1285,1653.0,31179.068
1286,1640.0,38277.508
1287,1610.9999999999998,32165.322
1288,6094.0,28843.229
1289,9351.0,31936.951
1290,9848.0,31750.346
1291,10082.0,31500.68
1292,11320.0,32460.367
1293,5548.0,30168.926
1294,5875.999999999999,35480.113
1295,3226.9999999999995,27894.576
1296,3226.0,26230.021
1297,1680.0,25135.613
1298,1804.0,33064.402
1299,1336.0,22083.697
1300,1968.0,22989.273
1301,2104.0,16726.549
1302,3011.0,16444.783
1303,2139.0,23900.9
1304,736.0,12482.51
1305,0.0,8535.279
1306,0.0,5636.41
1307,0.0,8095.536
1308,0.0,3505.1907
1309,0.0,8082.948
1310,0.0,6214.043
1311,0.0,6083.855
1312,0.0,7814.54
1313,0.0,-3553.2224
1314,0.0,163.08875
1315,0.0,2290.3926
1316,0.0,-1923.355
1317,0.0,-770.44507
1318,0.0,-4330.803
1319,0.0,2349.7302
1320,0.0,-10091.897
1321,0.0,1020.75446
1322,0.0,-691.03564
1323,0.0,379.99313
1324,0.0,2855.937
1325,0.0,6047.9004
1326,0.0,10179.35
1327,0.0,2592.6064
1328,0.0,6060.674
1329,0.0,10792.74
1330,0.0,11346.135
1331,0.0,15848.06
1332,1130.0,20418.578
1333,1361.0,21221.34
1334,1909.0,21805.775
1335,1738.0,25000.797
1336,1628.0,30381.18
1337,1639.0,30120.941
1338,1804.0,29515.23
1339,1976.0,26170.1
1340,1653.0,27761.418
1341,1640.0,31480.922
1342,1610.9999999999998,38888.54
1343,1502.0,32745.727
1344,9351.0,29209.082
1345,9848.0,32421.695
1346,10082.0,31548.701
1347,11320.0,30492.908
1348,5548.0,31321.611
1349,5875.999999999999,29063.719
1350,3226.9999999999995,34806.727
1351,3226.0,25963.762
1352,1680.0,24967.635
1353,1804.0,23073.455
1354,1336.0,30979.625
1355,1968.0,20204.412
1356,2104.0,21048.115
1357,3011.0,13915.185
1358,2139.0,14396.852
1359,736.0,22039.773
1360,0.0,10308.281
1361,0.0,6532.025
1362,0.0,4397.338
1363,0.0,6388.631
1364,0.0,1294.6119
1365,0.0,6223.4746
1366,0.0,4704.4175
1367,0.0,4918.809
1368,0.0,6210.2666
1369,0.0,-3896.0352
1370,0.0,-258.57556
1371,0.0,1637.7817
1372,0.0,-1848.4315
1373,0.0,-1164.8687
1374,0.0,-4034.8274
1375,0.0,3198.9023
1376,0.0,-8692.303
1377,0.0,2260.1467
1378,0.0,244.8865
1379,0.0,1882.5476
1380,0.0,3984.2144
1381,0.0,8564.823
1382,0.0,11794.66
1383,0.0,4435.4385
1384,0.0,8356.84
1385,0.0,13377.882
1386,0.0,13691.244
1387,1130.0,18583.309
1388,1361.0,23016.88
1389,1909.0,23414.02
1390,1738.0,24967.361
1391,1628.0,27138.377
1392,1639.0,32229.047
1393,1804.0,32139.594
1394,1976.0,31604.953
1395,1653.0,27500.086
1396,1640.0,29719.29
1397,1610.9999999999998,33120.88
1398,1502.0,40271.016
1399,2021.0,33222.566
1400,9848.0,28554.287
1401,10082.0,31616.85
1402,11320.0,30177.564
1403,5548.0,28606.512
1404,5875.999999999999,29601.812
1405,3226.9999999999995,27251.566
1406,3226.0,32001.062
1407,1680.0,23183.21
1408,1804.0,21486.9
1409,1336.0,19907.705
1410,1968.0,28005.523
1411,2104.0,16968.795
1412,3011.0,16929.383
1413,2139.0,10382.88
1414,736.0,11154.652
1415,0.0,18244.688
1416,0.0,7148.016
1417,0.0,3415.2068
1418,0.0,876.42847
1419,0.0,3617.9688
1420,0.0,-800.7798
1421,0.0,3963.5083
1422,0.0,2938.2197
1423,0.0,3363.5684
1424,0.0,4337.012
1425,0.0,-5622.083
1426,0.0,-1205.513
1427,0.0,900.3025
1428,0.0,-3112.4402
1429,0.0,-1589.8715
1430,0.0,-3820.2588
1431,0.0,3631.4683
1432,0.0,-8019.184
1433,0.0,3928.5728
1434,0.0,1866.7119
1435,0.0,3702.6577
1436,0.0,6402.392
1437,0.0,10541.219
1438,0.0,14784.514
1439,0.0,7280.999
1440,0.0,11582.719
1441,0.0,16190.624
1442,1130.0,17255.867
1443,1361.0,21951.783
1444,1909.0,25741.549
1445,1738.0,26859.424
1446,1628.0,27313.195
1447,1639.0,30006.328
1448,1804.0,35503.5
1449,1976.0,34817.74
1450,1653.0,34168.742
1451,1640.0,29885.305
1452,1610.9999999999998,31736.953
1453,1502.0,35110.453
1454,2021.0,41216.516
1455,1907.0,33841.594
1456,10082.0,29306.656
1457,11320.0,32362.97
1458,5548.0,30633.426
1459,5875.999999999999,28683.082
1460,3226.9999999999995,29293.803
1461,3226.0,27410.684
1462,1680.0,31579.516
1463,1804.0,22550.867
1464,1336.0,20910.63
1465,1968.0,18872.488
1466,2104.0,26857.031
1467,3011.0,15694.562
1468,2139.0,15831.573
1469,736.0,9149.24
1470,0.0,9921.237
1471,0.0,17044.98
1472,0.0,6493.7695
1473,0.0,2273.5142
1474,0.0,-675.47
1475,0.0,2170.1106
1476,0.0,-1281.2041
1477,0.0,3633.754
1478,0.0,1740.1067
1479,0.0,2972.3638
1480,0.0,4282.8203
1481,0.0,-6010.0757
1482,0.0,-961.10974
1483,0.0,833.1323
1484,0.0,-2985.7202
1485,0.0,-1361.8599
1486,0.0,-3457.1487
1487,0.0,4217.1377
1488,0.0,-7022.9575
1489,0.0,4452.3267
1490,0.0,2642.579
1491,0.0,4672.8726
1492,0.0,8047.9697
1493,0.0,12583.919
1494,0.0,16483.68
1495,0.0,9499.856
1496,0.0,13499.04
1497,1130.0,18132.28
1498,1361.0,19831.938
1499,1909.0,24578.078
1500,1738.0,28028.434
1501,1628.0,29003.28
1502,1639.0,29563.277
1503,1804.0,32291.545
1504,1976.0,37376.562
1505,1653.0,36887.004
1506,1640.0,35485.727
1507,1610.9999999999998,31723.742
1508,1502.0,33129.457
1509,2021.0,35767.266
1510,1907.0,42437.62
1511,2448.0,34527.266
1512,11320.0,27119.559
1513,5548.0,29987.158
1514,5875.999999999999,27840.688
1515,3226.9999999999995,26262.277
1516,3226.0,25761.959
1517,1680.0,24300.08
1518,1804.0,28224.951
1519,1336.0,19094.27
1520,1968.0,17535.074
1521,2104.0,15721.954
1522,3011.0,23608.404
1523,2139.0,13046.83
1524,736.0,14356.923
1525,0.0,6513.624
1526,0.0,7347.4062
1527,0.0,14668.286
1528,0.0,3979.2842
1529,0.0,350.88727
1530,0.0,-1557.4545
1531,0.0,671.27484
1532,0.0,-2057.8887
1533,0.0,2634.6956
1534,0.0,1609.7413
1535,0.0,2966.9485
1536,0.0,4362.096
1537,0.0,-5025.9785
1538,0.0,-252.27954
1539,0.0,1896.7378
1540,0.0,-1398.6721
1541,0.0,-381.04565
1542,0.0,-1343.237
1543,0.0,6006.735
1544,0.0,-4932.3223
1545,0.0,6977.1826
1546,0.0,5263.898
1547,0.0,7362.9414
1548,0.0,10125.6875
1549,0.0,14088.451
1550,0.0,19253.29
1551,0.0,11650.683
1552,1130.0,15452.535
1553,1361.0,20508.826
1554,1909.0,20958.535
1555,1738.0,25602.395
1556,1628.0,29410.994
1557,1639.0,30155.574
1558,1804.0,30207.57
1559,1976.0,33063.113
1560,1653.0,37694.195
1561,1640.0,36593.336
1562,1610.9999999999998,34865.91
1563,1502.0,30795.84
1564,2021.0,32758.168
1565,1907.0,34865.883
1566,2448.0,40701.797
1567,1375.0,33100.27
1568,5548.0,26366.908
1569,5875.999999999999,28601.316
1570,3226.9999999999995,27099.543
1571,3226.0,25150.633
1572,1680.0,24846.99
1573,1804.0,22212.447
1574,1336.0,27032.877
1575,1968.0,18058.805
1576,2104.0,15993.0625
1577,3011.0,14296.417
1578,2139.0,22310.281
1579,736.0,12068.905
1580,0.0,11984.047
1581,0.0,5287.798
1582,0.0,6193.8433
1583,0.0,13607.232
1584,0.0,2803.056
1585,0.0,-833.3482
1586,0.0,-3159.8862
1587,0.0,81.13272
1588,0.0,-3129.4539
1589,0.0,2174.0312
1590,0.0,453.45932
1591,0.0,2534.7166
1592,0.0,4061.9663
1593,0.0,-5437.3857
1594,0.0,-475.22217
1595,0.0,1936.167
1596,0.0,-425.80405
1597,0.0,778.0495
1598,0.0,-1472.3713
1599,0.0,6733.0625
1600,0.0,-4401.8354
1601,0.0,7612.276
1602,0.0,6837.587
1603,0.0,8170.3545
1604,0.0,11713.058
1605,0.0,15698.751
1606,0.0,20416.936
1607,1130.0,12994.412
1608,1361.0,16321.73
1609,1909.0,22245.008
1610,1738.0,22031.32
1611,1628.0,26898.541
1612,1639.0,31271.34
1613,1804.0,31528.08
1614,1976.0,30716.668
1615,1653.0,33310.67
1616,1640.0,38433.977
1617,1610.9999999999998,37413.227
1618,1502.0,34903.36
1619,2021.0,30882.793
1620,1907.0,31790.975
1621,2448.0,34058.29
1622,1375.0,40305.297
1623,559.0,32579.277
1624,5875.999999999999,24545.363
1625,3226.9999999999995,27092.145
1626,3226.0,24910.66
1627,1680.0,22302.73
1628,1804.0,22679.008
1629,1336.0,19721.574
1630,1968.0,24503.828
1631,2104.0,15000.91
1632,3011.0,14012.479
1633,2139.0,11744.416
1634,736.0,19747.969
1635,0.0,9921.18
1636,0.0,9680.458
1637,0.0,2993.6914
1638,0.0,4862.747
1639,0.0,11988.867
1640,0.0,738.4671
1641,0.0,-2063.5054
1642,0.0,-3898.518
1643,0.0,-695.6016
1644,0.0,-4460.7305
1645,0.0,1374.0939
1646,0.0,320.2274
1647,0.0,2532.1355
1648,0.0,3976.3533
1649,0.0,-4677.4404
1650,0.0,124.358826
1651,0.0,2586.8538
1652,0.0,536.947
1653,0.0,1606.5446
1654,0.0,288.4171
1655,0.0,8752.547
1656,0.0,-2343.6748
1657,0.0,9563.945
1658,0.0,8628.025
1659,0.0,10434.097
1660,0.0,13590.477
1661,0.0,18776.758
1662,1130.0,22483.754
1663,1361.0,15295.424
1664,1909.0,18833.64
1665,1738.0,24774.799
1666,1628.0,24439.846
1667,1639.0,29384.344
1668,1804.0,33129.992
1669,1976.0,33046.21
1670,1653.0,32704.027
1671,1640.0,33843.79
1672,1610.9999999999998,39267.492
1673,1502.0,37904.906
1674,2021.0,35335.754
1675,1907.0,30524.645
1676,2448.0,31703.613
1677,1375.0,33379.42
1678,559.0,39478.125
1679,613.0,31273.547
1680,3226.9999999999995,22945.531
1681,3226.0,25575.705
1682,1680.0,22916.25
1683,1804.0,19898.938
1684,1336.0,20583.113
1685,1968.0,17678.227
1686,2104.0,21675.008
1687,3011.0,12348.705
1688,2139.0,10916.443
1689,736.0,8626.184
1690,0.0,17288.352
1691,0.0,7195.0
1692,0.0,6151.0557
1693,0.0,53.718414
1694,0.0,2197.3276
1695,0.0,9084.952
1696,0.0,-1540.7391
1697,0.0,-4136.429
1698,0.0,-6124.3423
1699,0.0,-2424.571
1700,0.0,-5533.318
1701,0.0,384.4452
1702,0.0,-472.9755
1703,0.0,2127.7437
1704,0.0,3626.9468
1705,0.0,-4811.08
1706,0.0,237.3274
1707,0.0,3610.3757
1708,0.0,591.5988
1709,0.0,2724.3826
1710,0.0,1872.0193
1711,0.0,10370.378
1712,0.0,-624.9751
1713,0.0,11993.097
1714,0.0,10899.4
1715,0.0,13056.962
1716,0.0,16372.234
1717,1130.0,21551.576
1718,1361.0,25771.502
1719,1909.0,18117.646
1720,1738.0,21972.723
1721,1628.0,27423.262
1722,1639.0,27580.848
1723,1804.0,32180.309
1724,1976.0,35181.04
1725,1653.0,35418.16
1726,1640.0,34250.414
1727,1610.9999999999998,35756.062
1728,1502.0,41272.895
1729,2021.0,39513.504
1730,1907.0,36651.344
1731,2448.0,31663.867
1732,1375.0,32171.59
1733,559.0,33851.89
1734,613.0,39199.95
1735,715.0000000000001,30519.969
1736,3226.0,23058.902
1737,1680.0,25662.824
1738,1804.0,22860.168
1739,1336.0,19266.25
1740,1968.0,20017.342
1741,2104.0,17465.564
1742,3011.0,21179.469
1743,2139.0,11534.566
1744,736.0,10033.6
1745,0.0,7310.7905
1746,0.0,16308.52
1747,0.0,6013.588
1748,0.0,5365.8857
1749,0.0,-961.81744
1750,0.0,1137.6837
1751,0.0,8586.803
1752,0.0,-1574.5997
1753,0.0,-4832.538
1754,0.0,-6425.7764
1755,0.0,-2742.3315
1756,0.0,-5128.33
1757,0.0,1036.277
1758,0.0,-298.22552
1759,0.0,3074.8416
1760,0.0,4481.8735
1761,0.0,-3593.8252
1762,0.0,1869.093
1763,0.0,5163.081
1764,0.0,2087.22
1765,0.0,4098.809
1766,0.0,3621.1006
1767,0.0,12120.847
1768,0.0,1289.3303
1769,0.0,13558.064
1770,0.0,12654.908
1771,0.0,14775.88
1772,1130.0,18386.273
1773,1361.0,23933.637
1774,1909.0,27813.994
1775,1738.0,19970.363
1776,1628.0,23893.125
1777,1639.0,28943.498
1778,1804.0,29649.854
1779,1976.0,34323.95
1780,1653.0,36652.46
1781,1640.0,36952.492
1782,1610.9999999999998,35621.574
1783,1502.0,37015.875
1784,2021.0,42058.656
1785,1907.0,40810.21
1786,2448.0,36889.43
1787,1375.0,32772.39
1788,559.0,32589.887
1789,613.0,33637.64
1790,715.0000000000001,39572.727
1791,2626.0,30340.023
1792,1680.0,20110.115
1793,1804.0,22719.68
1794,1336.0,19633.576
1795,1968.0,16775.516
1796,2104.0,16427.33
1797,3011.0,14485.157
1798,2139.0,18101.45
1799,736.0,8890.333
1800,0.0,7299.7256
1801,0.0,5150.8867
1802,0.0,14169.413
1803,0.0,4271.885
1804,0.0,4979.2837
1805,0.0,-2133.67
1806,0.0,-114.16467
1807,0.0,7754.577
1808,0.0,-2578.025
1809,0.0,-5307.484
1810,0.0,-5939.295
1811,0.0,-2580.5054
1812,0.0,-4202.8984
1813,0.0,1964.7863
1814,0.0,1168.0297
1815,0.0,4359.573
1816,0.0,6103.476
1817,0.0,-1581.963
1818,0.0,3735.707
1819,0.0,7286.64
1820,0.0,4687.243
1821,0.0,5970.896
1822,0.0,6366.379
1823,0.0,14179.838
1824,0.0,3808.733
1825,0.0,16140.293
1826,0.0,15182.926
1827,1130.0,17376.213
1828,1361.0,20301.676
1829,1909.0,24937.264
1830,1738.0,29848.273
1831,1628.0,21323.91
1832,1639.0,25015.066
1833,1804.0,30272.473
1834,1976.0,29550.988
1835,1653.0,34149.79
1836,1640.0,36689.227
1837,1610.9999999999998,36563.324
1838,1502.0,34912.414
1839,2021.0,36332.37
1840,1907.0,40881.477
1841,2448.0,38798.723
1842,1375.0,34854.305
1843,559.0,30382.215
1844,613.0,30534.543
1845,715.0000000000001,31241.2
1846,2626.0,36692.023
1847,3902.0,27743.174
1848,1804.0,19087.734
1849,1336.0,20887.094
1850,1968.0,18200.148
1851,2104.0,15085.637
1852,3011.0,15296.549
1853,2139.0,12500.09
1854,736.0,16666.102
1855,0.0,7528.582
1856,0.0,5594.6826
1857,0.0,3674.2026
1858,0.0,13117.787
1859,0.0,3343.6934
1860,0.0,2897.2344
1861,0.0,-2912.3113
1862,0.0,-850.25183
1863,0.0,7368.458
1864,0.0,-3299.1848
1865,0.0,-6305.495
1866,0.0,-6686.999
1867,0.0,-2692.329
1868,0.0,-4503.093
1869,0.0,2097.2012
1870,0.0,877.8484
1871,0.0,4570.903
1872,0.0,6412.813
1873,0.0,-1220.0925
1874,0.0,4108.296
1875,0.0,8193.46
1876,0.0,5689.212
1877,0.0,7537.0747
1878,0.0,7060.528
1879,0.0,15574.714
1880,0.0,4503.135
1881,0.0,17129.053
1882,1130.0,16932.684
1883,1361.0,18460.21
1884,1909.0,22187.207
1885,1738.0,26470.043
1886,1628.0,31060.424
1887,1639.0,22847.824
1888,1804.0,25917.467
1889,1976.0,32173.125
1890,1653.0,30452.998
1891,1640.0,35381.926
1892,1610.9999999999998,37814.66
1893,1502.0,37355.67
1894,2021.0,35364.61
1895,1907.0,36215.293
1896,2448.0,41154.605
1897,1375.0,38998.586
1898,559.0,34504.062
1899,613.0,30169.55
1900,715.0000000000001,29134.29
1901,2626.0,30170.102
1902,3902.0,35652.215
1903,1754.0,26970.5
1904,1336.0,16104.101
1905,1968.0,18316.738
1906,2104.0,15433.711
1907,3011.0,11663.408
1908,2139.0,12612.943
1909,736.0,9691.241
1910,0.0,13726.054
1911,0.0,4399.5747
1912,0.0,3777.916
1913,0.0,1578.6938
1914,0.0,10880.049
1915,0.0,1344.7385
1916,0.0,1330.9911
1917,0.0,-4231.178
1918,0.0,-1275.3024
1919,0.0,6585.3945
1920,0.0,-4284.542
1921,0.0,-6388.4424
1922,0.0,-6511.2324
1923,0.0,-1925.1997
1924,0.0,-4248.775
1925,0.0,2486.2273
1926,0.0,2182.9043
1927,0.0,5923.4873
1928,0.0,7954.35
1929,0.0,987.7265
1930,0.0,6137.92
1931,0.0,10135.539
1932,0.0,8207.123
1933,0.0,9807.856
1934,0.0,10149.008
1935,0.0,18524.88
1936,0.0,7403.3857
1937,1130.0,19574.234
1938,1361.0,19569.506
1939,1909.0,21034.283
1940,1738.0,24392.258
1941,1628.0,29471.416
1942,1639.0,33067.703
1943,1804.0,24289.371
1944,1976.0,27846.617
1945,1653.0,33835.324
1946,1640.0,31457.441
1947,1610.9999999999998,36638.78
1948,1502.0,38296.508
1949,2021.0,37422.305
1950,1907.0,35646.016
1951,2448.0,34964.074
1952,1375.0,40248.684
1953,559.0,37537.36
1954,613.0,33082.15
1955,715.0000000000001,28021.309
1956,2626.0,27139.098
1957,3902.0,27522.367
1958,1754.0,33178.45
1959,1653.0,23913.629
1960,1968.0,13830.844
1961,2104.0,16186.934
1962,3011.0,12749.57
1963,2139.0,8964.427
1964,736.0,9759.225
1965,0.0,7340.923
1966,0.0,10632.912
1967,0.0,1764.2632
1968,0.0,835.84235
1969,0.0,-992.94415
1970,0.0,8513.711
1971,0.0,-979.24225
1972,0.0,-1633.1995
1973,0.0,-6414.776
1974,0.0,-3444.8347
1975,0.0,4529.2197
1976,0.0,-5555.9165
1977,0.0,-7572.5127
1978,0.0,-7552.4507
1979,0.0,-2715.261
1980,0.0,-4272.436
1981,0.0,2643.2927
1982,0.0,2408.6777
1983,0.0,6835.213
1984,0.0,8621.93
1985,0.0,1836.4692
1986,0.0,7318.8335
1987,0.0,12099.26
1988,0.0,9438.557
1989,0.0,12244.878
1990,0.0,12790.572
1991,0.0,21031.48
1992,1130.0,10075.314
1993,1361.0,22603.02
1994,1909.0,22071.945
1995,1738.0,24408.96
1996,1628.0,27409.207
1997,1639.0,32462.047
1998,1804.0,36168.79
1999,1976.0,27044.654
2000,1653.0,30774.305
2001,1640.0,36088.914
2002,1610.9999999999998,34009.023
2003,1502.0,38696.773
2004,2021.0,39683.633
2005,1907.0,38967.04
2006,2448.0,36339.36
2007,1375.0,35776.22
2008,559.0,40793.0
2009,613.0,37993.9
2010,715.0000000000001,32933.0
2011,2626.0,27992.113
2012,3902.0,26213.941
2013,1754.0,26614.303
2014,1653.0,31544.932
2015,1378.0,22172.773
2016,2104.0,13098.371
2017,3011.0,15405.176
2018,2139.0,11942.873
2019,736.0,7580.5176
2020,0.0,8396.721
2021,0.0,6663.6143
2022,0.0,9888.7
2023,0.0,991.3622
2024,0.0,-271.20813
2025,0.0,-2266.301
2026,0.0,7714.717
2027,0.0,-1898.3358
2028,0.0,-2083.8752
2029,0.0,-6986.113
2030,0.0,-3869.6367
2031,0.0,4666.354
2032,0.0,-4805.871
2033,0.0,-7350.4556
2034,0.0,-6818.6235
2035,0.0,-2082.7302
2036,0.0,-3048.961
2037,0.0,4039.6553
2038,0.0,3532.3384
2039,0.0,8477.651
2040,0.0,10306.775
2041,0.0,4035.4219
2042,0.0,9566.771
2043,0.0,14506.329
2044,0.0,11844.546
2045,0.0,14394.468
2046,0.0,15357.032
2047,1130.0,23365.807
2048,1361.0,12202.518
2049,1909.0,25015.44
2050,1738.0,24292.945
2051,1628.0,26590.354
2052,1639.0,29678.113
2053,1804.0,34471.66
2054,1976.0,38323.84
2055,1653.0,28767.002
2056,1640.0,32252.549
2057,1610.9999999999998,37538.17
2058,1502.0,35701.516
2059,2021.0,40412.203
2060,1907.0,40629.453
2061,2448.0,39711.637
2062,1375.0,37065.676
2063,559.0,36116.79
2064,613.0,40985.824
2065,715.0000000000001,38239.383
2066,2626.0,32481.648
2067,3902.0,28025.992
2068,1754.0,25748.787
2069,1653.0,25982.172
2070,1378.0,30858.816
2071,0.0,21348.686
2072,3011.0,10369.518
2073,2139.0,12784.072
2074,736.0,9232.716
2075,0.0,5682.346
2076,0.0,5712.048
2077,0.0,4668.876
2078,0.0,7936.7065
2079,0.0,-424.5818
2080,0.0,-1774.7191
2081,0.0,-2893.3945
2082,0.0,6703.169
2083,0.0,-2267.3997
2084,0.0,-1383.7698
2085,0.0,-6948.5386
2086,0.0,-3617.9297
2087,0.0,5168.8945
2088,0.0,-4334.759
2089,0.0,-6208.8496
2090,0.0,-5186.465
2091,0.0,-629.2919
2092,0.0,-947.13446
2093,0.0,6014.805
2094,0.0,6075.436
2095,0.0,10763.124
2096,0.0,12734.947
2097,0.0,6648.6646
2098,0.0,12064.177
2099,0.0,17022.168
2100,0.0,14622.095
2101,0.0,16489.863
2102,1130.0,17982.816
2103,1361.0,25292.96
2104,1909.0,14421.717
2105,1738.0,27073.188
2106,1628.0,26103.275
2107,1639.0,28274.486
2108,1804.0,30817.871
2109,1976.0,34541.71
2110,1653.0,39024.734
2111,1640.0,28925.45
2112,1610.9999999999998,32105.168
2113,1502.0,37285.656
2114,2021.0,34284.344
2115,1907.0,38982.164
2116,2448.0,39078.3
2117,1375.0,38150.8
2118,559.0,35064.426
2119,613.0,34013.3
2120,715.0000000000001,38775.543
2121,2626.0,35143.305
2122,3902.0,29483.59
2123,1754.0,24713.158
2124,1653.0,22775.3
2125,1378.0,22759.643
2126,0.0,27463.45
2127,413.0,18441.74
2128,2139.0,8941.314
2129,736.0,10897.742
2130,0.0,7818.8403
2131,0.0,3934.5098
2132,0.0,4339.841
2133,0.0,3129.9287
2134,0.0,6519.365
2135,0.0,-1430.056
2136,0.0,-3195.393
2137,0.0,-3961.505
2138,0.0,6075.5474
2139,0.0,-2760.4863
2140,0.0,-2767.7153
2141,0.0,-7107.276
2142,0.0,-3732.8425
2143,0.0,5305.66
2144,0.0,-4331.7554
2145,0.0,-6149.1943
2146,0.0,-5215.218
2147,0.0,-117.01959
2148,0.0,-486.49448
2149,0.0,7037.9746
2150,0.0,6524.54
2151,0.0,11731.518
2152,0.0,13787.168
2153,0.0,7781.0034
2154,0.0,13162.672
2155,0.0,18700.004
2156,0.0,16094.195
2157,1130.0,18553.254
2158,1361.0,19339.975
2159,1909.0,27044.646
2160,1738.0,15410.622
2161,1628.0,28388.75
2162,1639.0,27830.773
2163,1804.0,29475.123
2164,1976.0,32374.928
2165,1653.0,35673.3
2166,1640.0,39741.523
2167,1610.9999999999998,29954.268
2168,1502.0,32526.152
2169,2021.0,38415.844
2170,1907.0,34735.26
2171,2448.0,39412.312
2172,1375.0,39290.465
2173,559.0,37970.77
2174,613.0,34610.594
2175,715.0000000000001,32932.688
2176,2626.0,38182.406
2177,3902.0,34257.867
2178,1754.0,28340.334
2179,1653.0,23559.2
2180,1378.0,20727.104
2181,0.0,21015.887
2182,413.0,25616.04
2183,0.0,16969.21
2184,736.0,5864.1533
2185,0.0,8242.798
2186,0.0,5349.2754
2187,0.0,1186.29
2188,0.0,2195.11
2189,0.0,1120.7152
2190,0.0,4645.3755
2191,0.0,-3556.8428
2192,0.0,-4135.1562
2193,0.0,-5187.081
2194,0.0,4988.326
2195,0.0,-3440.4985
2196,0.0,-2845.1526
2197,0.0,-6935.5405
2198,0.0,-2979.5583
2199,0.0,5763.8867
2200,0.0,-3878.9905
2201,0.0,-4823.9395
2202,0.0,-3622.1145
2203,0.0,1780.0319
2204,0.0,1003.5952
2205,0.0,8579.657
2206,0.0,8796.514
2207,0.0,14051.646
2208,0.0,16228.423
2209,0.0,10826.211
2210,0.0,15888.947
2211,0.0,21278.69
2212,1130.0,18980.23
2213,1361.0,21018.19
2214,1909.0,22436.059
2215,1738.0,29874.406
2216,1628.0,17933.963
2217,1639.0,30369.197
2218,1804.0,29930.951
2219,1976.0,31078.021
2220,1653.0,33540.79
2221,1640.0,37488.92
2222,1610.9999999999998,40463.938
2223,1502.0,29983.383
2224,2021.0,32891.91
2225,1907.0,38410.703
2226,2448.0,33996.492
2227,1375.0,38806.055
2228,559.0,38139.938
2229,613.0,36429.16
2230,715.0000000000001,33064.418
2231,2626.0,30228.57
2232,3902.0,35772.426
2233,1754.0,31409.926
2234,1653.0,25435.633
2235,1378.0,20319.139
2236,0.0,17558.36
2237,413.0,17454.986
2238,0.0,22454.045
2239,0.0,13505.756
2240,0.0,3310.688
2241,0.0,5889.978
2242,0.0,2931.046
2243,0.0,-1088.0471
2244,0.0,-470.31482
2245,0.0,-854.2313
2246,0.0,2262.09
2247,0.0,-5243.9736
2248,0.0,-6053.9014
2249,0.0,-6593.745
2250,0.0,3717.4014
2251,0.0,-4706.8247
2252,0.0,-4229.836
2253,0.0,-7617.2583
2254,0.0,-3773.1953
2255,0.0,5226.31
2256,0.0,-3722.3782
2257,0.0,-4286.2476
2258,0.0,-3128.6655
2259,0.0,2282.288
2260,0.0,2305.0552
2261,0.0,10015.735
2262,0.0,10372.711
2263,0.0,15968.236
2264,0.0,18179.684
2265,0.0,12553.033
2266,0.0,17867.746
2267,1130.0,23869.229
2268,1361.0,21005.855
2269,1909.0,23794.033
2270,1738.0,25096.428
2271,1628.0,32436.29
2272,1639.0,20612.967
2273,1804.0,33042.805
2274,1976.0,31905.902
2275,1653.0,33814.797
2276,1640.0,35705.586
2277,1610.9999999999998,39442.938
2278,1502.0,42506.746
2279,2021.0,31603.422
2280,1907.0,34494.586
2281,2448.0,39250.555
2282,1375.0,35345.07
2283,559.0,39413.73
2284,613.0,38323.203
2285,715.0000000000001,36721.367
2286,2626.0,32380.16
2287,3902.0,29821.64
2288,1754.0,34930.188
2289,1653.0,30645.947
2290,1378.0,24255.38
2291,0.0,18974.287
2292,413.0,15740.182
2293,0.0,15525.975
2294,0.0,20205.652
2295,0.0,11265.297
2296,0.0,2644.8394
2297,0.0,5264.8057
2298,0.0,2443.8252
2299,0.0,-1749.8276
2300,0.0,-1451.9304
2301,0.0,-642.6222
2302,0.0,2398.99
2303,0.0,-4912.4204
2304,0.0,-6004.807
2305,0.0,-6472.6875
2306,0.0,4228.29
2307,0.0,-4242.4976
2308,0.0,-3199.451
2309,0.0,-6815.2236
2310,0.0,-2763.0525
2311,0.0,6524.744
2312,0.0,-1891.414
2313,0.0,-2626.8728
2314,0.0,-1108.6125
2315,0.0,3751.0103
2316,0.0,4304.305
2317,0.0,12197.654
2318,0.0,12248.531
2319,0.0,17807.676
2320,0.0,20216.621
2321,0.0,14665.783
2322,1130.0,19736.385
2323,1361.0,25660.906
2324,1909.0,22792.875
2325,1738.0,24947.93
2326,1628.0,26605.715
2327,1639.0,33490.445
2328,1804.0,21455.18
2329,1976.0,33976.023
2330,1653.0,32384.023
2331,1640.0,34117.883
2332,1610.9999999999998,35779.7
2333,1502.0,39142.71
2334,2021.0,42436.85
2335,1907.0,31303.2
2336,2448.0,33515.06
2337,1375.0,38467.78
2338,559.0,34830.47
2339,613.0,38650.008
2340,715.0000000000001,37306.36
2341,2626.0,35471.76
2342,3902.0,31291.3
2343,1754.0,28680.016
2344,1653.0,33636.31
2345,1378.0,29320.879
2346,0.0,22562.498
2347,413.0,17556.975
2348,0.0,14431.976
2349,0.0,14356.393
2350,0.0,18758.945
2351,0.0,10250.156
2352,0.0,1042.6006
2353,0.0,3725.772
2354,0.0,996.59937
2355,0.0,-2651.342
2356,0.0,-2583.731
2357,0.0,-1349.9464
2358,0.0,1778.2695
2359,0.0,-5383.3906
2360,0.0,-6460.333
2361,0.0,-6324.537
2362,0.0,3843.0078
2363,0.0,-3695.8213
2364,0.0,-1959.4736
2365,0.0,-6273.6196
2366,0.0,-1882.663
2367,0.0,7536.2524
2368,0.0,-639.8489
2369,0.0,-859.9762
2370,0.0,867.2452
2371,0.0,5816.1846
2372,0.0,6929.1943
2373,0.0,14351.4375
2374,0.0,15108.179
2375,0.0,20475.139
2376,0.0,22956.518
2377,1130.0,17595.244
2378,1361.0,22491.22
2379,1909.0,28603.83
2380,1738.0,25945.91
2381,1628.0,27589.598
2382,1639.0,29663.025
2383,1804.0,35966.426
2384,1976.0,24304.033
2385,1653.0,36564.91
2386,1640.0,35071.938
2387,1610.9999999999998,36454.223
2388,1502.0,37944.79
2389,2021.0,40095.242
2390,1907.0,44004.48
2391,2448.0,32449.496
2392,1375.0,34362.812
2393,559.0,39237.137
2394,613.0,34538.797
2395,715.0000000000001,38812.13
2396,2626.0,36957.902
2397,3902.0,35146.12
2398,1754.0,30659.646
2399,1653.0,27657.041
2400,1378.0,32839.66
2401,0.0,27791.953
2402,413.0,21076.463
2403,0.0,15644.5
2404,0.0,12628.385
2405,0.0,12414.787
2406,0.0,16764.062
2407,0.0,8667.912
2408,0.0,-462.14307
2409,0.0,1422.8962
2410,0.0,-197.61084
2411,0.0,-3997.5156
2412,0.0,-2759.1218
2413,0.0,-2352.9277
2414,0.0,800.8889
2415,0.0,-5053.425
2416,0.0,-7131.733
2417,0.0,-6455.184
2418,0.0,5004.517
2419,0.0,-3013.584
2420,0.0,-2228.1394
2421,0.0,-5842.373
2422,0.0,-533.81854
2423,0.0,8683.4
2424,0.0,105.81885
2425,0.0,576.0094
2426,0.0,2324.3623
2427,0.0,7571.5596
2428,0.0,8239.932
2429,0.0,16151.879
2430,0.0,15614.0
2431,0.0,22191.69
2432,1130.0,25325.34
2433,1361.0,18901.7
2434,1909.0,24272.213
2435,1738.0,30671.39
2436,1628.0,28168.244
2437,1639.0,30151.393
2438,1804.0,30142.793
2439,1976.0,36831.207
2440,1653.0,25043.824
2441,1640.0,35974.324
2442,1610.9999999999998,35871.93
2443,1502.0,37499.688
2444,2021.0,38083.477
2445,1907.0,40369.67
2446,2448.0,42902.363
2447,1375.0,31599.873
2448,559.0,33658.105
2449,613.0,38953.805
2450,715.0000000000001,32741.334
2451,2626.0,36717.445
2452,3902.0,35748.223
2453,1754.0,32537.025
2454,1653.0,28603.979
2455,1378.0,24518.977
2456,0.0,29554.31
2457,413.0,24557.385
2458,0.0,18389.46
2459,0.0,12743.806
2460,0.0,8607.963
2461,0.0,7964.37
2462,0.0,14112.701
2463,0.0,5458.629
2464,0.0,-2736.7444
2465,0.0,512.58594
2466,0.0,-1344.3403
2467,0.0,-4213.806
2468,0.0,-2010.5737
2469,0.0,-1545.4213
2470,0.0,951.4739
2471,0.0,-4259.153
2472,0.0,-5451.769
2473,0.0,-6070.9355
2474,0.0,6425.7085
2475,0.0,-1614.7129
2476,0.0,149.72223
2477,0.0,-4042.8452
2478,0.0,964.0917
2479,0.0,9906.972
2480,0.0,1048.4406
2481,0.0,3228.1143
2482,0.0,6141.7666
2483,0.0,9635.433
2484,0.0,9892.231
2485,0.0,18195.652
2486,0.0,18518.586
2487,1130.0,24220.883
2488,1361.0,26761.914
2489,1909.0,20943.832
2490,1738.0,26223.889
2491,1628.0,33096.477
2492,1639.0,30068.215
2493,1804.0,31825.771
2494,1976.0,31662.559
2495,1653.0,38748.668
2496,1640.0,25709.008
2497,1610.9999999999998,36334.277
2498,1502.0,36791.62
2499,2021.0,37472.188
2500,1907.0,37709.89
2501,2448.0,39601.355
2502,1375.0,40752.35
2503,559.0,30422.898
2504,613.0,32273.367
2505,715.0000000000001,37123.445
2506,2626.0,29824.64
2507,3902.0,34087.355
2508,1754.0,33416.05
2509,1653.0,29765.148
2510,1378.0,25614.924
2511,0.0,21397.89
2512,413.0,25634.654
2513,0.0,20842.277
2514,0.0,14684.01
2515,0.0,9092.736
2516,0.0,5827.8228
2517,0.0,4603.245
2518,0.0,10942.0
2519,0.0,3313.084
2520,0.0,-5139.755
2521,0.0,-1776.9177
2522,0.0,-2426.3164
2523,0.0,-5579.834
2524,0.0,-3302.5933
2525,0.0,-3310.2256
2526,0.0,-101.43738
2527,0.0,-4692.202
2528,0.0,-6298.675
2529,0.0,-6563.2944
2530,0.0,6017.231
2531,0.0,-2158.942
2532,0.0,92.33313
2533,0.0,-2687.7578
2534,0.0,1709.5613
2535,0.0,11044.16
2536,0.0,3623.0144
2537,0.0,5218.2227
2538,0.0,6857.6724
2539,0.0,11108.093
2540,0.0,12407.309
2541,0.0,20228.625
2542,1130.0,21386.902
2543,1361.0,26061.39
2544,1909.0,30090.627
2545,1738.0,22978.914
2546,1628.0,28030.354
2547,1639.0,35646.816
2548,1804.0,32229.863
2549,1976.0,34562.434
2550,1653.0,33268.76
2551,1640.0,40691.594
2552,1610.9999999999998,27464.97
2553,1502.0,37586.145
2554,2021.0,37278.96
2555,1907.0,38318.094
2556,2448.0,37874.02
2557,1375.0,40206.414
2558,559.0,40403.543
2559,613.0,30470.41
2560,715.0000000000001,31790.314
2561,2626.0,36174.71
2562,3902.0,29552.207
2563,1754.0,32832.008
2564,1653.0,32163.148
2565,1378.0,27406.45
2566,0.0,23537.07
2567,413.0,19149.676
2568,0.0,22567.805
2569,0.0,18724.21
2570,0.0,12641.109
2571,0.0,6691.736
2572,0.0,2497.828
2573,0.0,1956.1144
2574,0.0,8583.895
2575,0.0,724.1015
2576,0.0,-4406.861
2577,0.0,-1017.85547
2578,0.0,-1352.136
2579,0.0,-5510.392
2580,0.0,-3377.2124
2581,0.0,-1494.2335
2582,0.0,490.53546
2583,0.0,-3785.2283
2584,0.0,-5321.2095
2585,0.0,-5835.887
2586,0.0,6867.052
2587,0.0,-782.23627
2588,0.0,1494.8228
2589,0.0,-2126.5781
2590,0.0,2887.1802
2591,0.0,11309.564
2592,0.0,4357.703
2593,0.0,6906.462
2594,0.0,8900.025
2595,0.0,11661.267
2596,0.0,13648.839
2597,1130.0,21555.797
2598,1361.0,22741.625
2599,1909.0,27258.16
2600,1738.0,31187.666
2601,1628.0,24996.016
2602,1639.0,29456.922
2603,1804.0,37105.234
2604,1976.0,33532.78
2605,1653.0,34365.855
2606,1640.0,34794.582
2607,1610.9999999999998,40719.797
2608,1502.0,28217.992
2609,2021.0,38291.555
2610,1907.0,37221.46
2611,2448.0,38288.426
2612,1375.0,37777.176
2613,559.0,39313.11
2614,613.0,40293.066
2615,715.0000000000001,29926.957
2616,2626.0,31402.803
2617,3902.0,35797.227
2618,1754.0,28477.383
2619,1653.0,32167.574
2620,1378.0,30347.2
2621,0.0,26317.734
2622,413.0,23169.744
2623,0.0,18474.375
2624,0.0,21120.52
2625,0.0,17042.297
2626,0.0,12141.866
2627,0.0,6041.1255
2628,0.0,2428.5208
2629,0.0,1820.6191
2630,0.0,8714.496
2631,0.0,1020.9224
2632,0.0,-4279.504
2633,0.0,-1044.3167
2634,0.0,-1562.5083
2635,0.0,-4922.5337
2636,0.0,-2967.7668
2637,0.0,-1619.3191
2638,0.0,397.1234
2639,0.0,-2666.8926
2640,0.0,-4627.0815
2641,0.0,-4499.5747
2642,0.0,7710.318
2643,0.0,900.54144
2644,0.0,3410.1313
2645,0.0,873.94147
2646,0.0,5368.332
2647,0.0,13607.331
2648,0.0,6808.198
2649,0.0,8713.165
2650,0.0,11155.75
2651,0.0,14573.594
2652,1130.0,16291.707
2653,1361.0,24611.29
2654,1909.0,25188.707
2655,1738.0,30120.234
2656,1628.0,33616.14
2657,1639.0,25986.14
2658,1804.0,31483.719
2659,1976.0,38409.934
2660,1653.0,34901.66
2661,1640.0,34938.27
2662,1610.9999999999998,35643.773
2663,1502.0,39569.695
2664,2021.0,28233.832
2665,1907.0,37916.453
2666,2448.0,36887.633
2667,1375.0,35801.598
2668,559.0,36248.23
2669,613.0,36568.46
2670,715.0000000000001,38938.082
2671,2626.0,27582.94
2672,3902.0,29458.123
2673,1754.0,33123.203
2674,1653.0,24943.809
2675,1378.0,28864.523
2676,0.0,27967.814
2677,413.0,23627.762
2678,0.0,20161.209
2679,0.0,15498.252
2680,0.0,18973.992
2681,0.0,13971.429
2682,0.0,9896.817
2683,0.0,3872.748
2684,0.0,724.3075
2685,0.0,165.18127
2686,0.0,7363.561
2687,0.0,-460.3246
2688,0.0,-4638.854
2689,0.0,-1920.102
2690,0.0,-1731.5459
2691,0.0,-5218.382
2692,0.0,-2243.9553
2693,0.0,-1867.4135
2694,0.0,478.19177
2695,0.0,-2032.2542
2696,0.0,-4086.987
2697,0.0,-3954.6392
2698,0.0,8995.662
2699,0.0,1991.9769
2700,0.0,3728.4595
2701,0.0,1837.3401
2702,0.0,6837.0264
2703,0.0,15292.185
2704,0.0,8381.491
2705,0.0,9682.542
2706,0.0,12421.615
2707,1130.0,16451.81
2708,1361.0,17199.598
2709,1909.0,25830.781
2710,1738.0,25650.533
2711,1628.0,30993.59
2712,1639.0,35351.04
2713,1804.0,26747.086
2714,1976.0,32734.15
2715,1653.0,39230.62
2716,1640.0,35360.355
2717,1610.9999999999998,35776.58
2718,1502.0,34843.492
2719,2021.0,39377.504
2720,1907.0,27395.115
2721,2448.0,35931.42
2722,1375.0,36313.613
2723,559.0,35022.113
2724,613.0,35158.844
2725,715.0000000000001,35778.73
2726,2626.0,36857.176
2727,3902.0,25956.47
2728,1754.0,27694.566
2729,1653.0,31604.775
2730,1378.0,22776.684
2731,0.0,27102.45
2732,413.0,26283.846
2733,0.0,20981.602
2734,0.0,18223.041
2735,0.0,13003.209
2736,0.0,16566.06
2737,0.0,12119.016
2738,0.0,8001.167
2739,0.0,2488.1592
2740,0.0,-1658.511
2741,0.0,-2069.0508
2742,0.0,5875.9053
2743,0.0,-1662.4015
2744,0.0,-5814.9604
2745,0.0,-2427.6904
2746,0.0,-2044.1285
2747,0.0,-4747.041
2748,0.0,-1405.409
2749,0.0,-1304.8345
2750,0.0,910.2787
2751,0.0,-1083.1608
2752,0.0,-2329.648
2753,0.0,-2600.8953
2754,0.0,10252.674
2755,0.0,3806.9807
2756,0.0,5829.535
2757,0.0,3701.2905
2758,0.0,8771.904
2759,0.0,17194.86
2760,0.0,10112.98
2761,0.0,12333.215
2762,1130.0,15972.975
2763,1361.0,19160.322
2764,1909.0,19084.367
2765,1738.0,27944.322
2766,1628.0,27950.062
2767,1639.0,33139.004
2768,1804.0,36848.617
2769,1976.0,28749.414
2770,1653.0,34203.27
2771,1640.0,40465.676
2772,1610.9999999999998,36384.67
2773,1502.0,36095.973
2774,2021.0,35024.035
2775,1907.0,39690.56
2776,2448.0,26557.068
2777,1375.0,34722.242
2778,559.0,35248.277
2779,613.0,32930.574
2780,715.0000000000001,32353.133
2781,2626.0,33170.04
2782,3902.0,33984.625
2783,1754.0,23121.088
2784,1653.0,24612.562
2785,1378.0,28564.877
2786,0.0,19115.312
2787,413.0,23465.64
2788,0.0,23112.885
2789,0.0,17875.441
2790,0.0,15088.58
2791,0.0,9962.31
2792,0.0,13341.852
2793,0.0,8845.221
2794,0.0,5068.532
2795,0.0,-98.255615
2796,0.0,-3094.4092
2797,0.0,-3980.0332
2798,0.0,3702.5737
2799,0.0,-2756.7466
2800,0.0,-7040.1763
2801,0.0,-3708.9907
2802,0.0,-2410.067
2803,0.0,-5426.588
2804,0.0,-1843.7874
2805,0.0,-2040.8496
2806,0.0,601.50574
2807,0.0,-607.92413
2808,0.0,-1880.6107
2809,0.0,-1826.628
2810,0.0,11234.503
2811,0.0,4948.7617
2812,0.0,6751.3467
2813,0.0,5761.1865
2814,0.0,10493.928
2815,0.0,19671.38
2816,0.0,13620.5205
2817,1130.0,15131.674
2818,1361.0,18186.807
2819,1909.0,21781.156
2820,1738.0,22089.85
2821,1628.0,30933.045
2822,1639.0,31069.336
2823,1804.0,35820.37
2824,1976.0,39816.984
2825,1653.0,31019.152
2826,1640.0,36335.652
2827,1610.9999999999998,42623.504
2828,1502.0,38139.02
2829,2021.0,38114.996
2830,1907.0,36166.938
2831,2448.0,40981.824
2832,1375.0,27500.465
2833,559.0,35346.32
2834,613.0,34879.402
2835,715.0000000000001,33269.426
2836,2626.0,31786.645
2837,3902.0,32507.5
2838,1754.0,32696.129
2839,1653.0,22086.762
2840,1378.0,23191.338
2841,0.0,26642.752
2842,413.0,18261.918
2843,0.0,21967.04
2844,0.0,21470.234
2845,0.0,15927.586
2846,0.0,12716.043
2847,0.0,8054.4453
2848,0.0,10854.855
2849,0.0,7280.7666
2850,0.0,3620.8276
2851,0.0,-1853.8857
2852,0.0,-5440.342
2853,0.0,-5593.284
2854,0.0,1858.2715
2855,0.0,-4158.1
2856,0.0,-6775.954
2857,0.0,-3268.5461
2858,0.0,-1350.413
2859,0.0,-5154.011
2860,0.0,-2022.1359
2861,0.0,-651.0023
2862,0.0,1286.2408
2863,0.0,214.69748
2864,0.0,-1100.1039
2865,0.0,-1032.4822
2866,0.0,12307.123
2867,0.0,6386.3687
2868,0.0,8128.925
2869,0.0,6794.5254
2870,0.0,12202.624
2871,0.0,21013.309
2872,1130.0,15219.469
2873,1361.0,17170.375
2874,1909.0,20509.223
2875,1738.0,23468.111
2876,1628.0,23833.148
2877,1639.0,33074.05
2878,1804.0,32853.08
2879,1976.0,37686.92
2880,1653.0,41652.887
2881,1640.0,33164.37
2882,1610.9999999999998,37996.54
2883,1502.0,43941.43
2884,2021.0,39586.664
2885,1907.0,38367.88
2886,2448.0,36955.29
2887,1375.0,41356.09
2888,559.0,27848.777
2889,613.0,35914.754
2890,715.0000000000001,34285.625
2891,2626.0,32962.016
2892,3902.0,31204.258
2893,1754.0,31901.627
2894,1653.0,32281.121
2895,1378.0,21371.586
2896,0.0,22331.61
2897,413.0,25690.98
2898,0.0,17459.797
2899,0.0,21303.186
2900,0.0,20199.355
2901,0.0,15228.186
2902,0.0,12257.392
2903,0.0,7808.5674
2904,0.0,10319.918
2905,0.0,6593.326
2906,0.0,3118.793
2907,0.0,-1990.0469
2908,0.0,-5080.171
2909,0.0,-5323.9277
2910,0.0,1970.9305
2911,0.0,-3809.973
2912,0.0,-6573.4653
2913,0.0,-3071.9314
2914,0.0,-1563.979
2915,0.0,-4166.6387
2916,0.0,-1077.1757
2917,0.0,-228.65405
2918,0.0,1661.7542
2919,0.0,1732.2466
2920,0.0,-30.588867
2921,0.0,527.52094
2922,0.0,14083.725
2923,0.0,8336.486
2924,0.0,10037.995
2925,0.0,9475.791
2926,0.0,14308.871
2927,1130.0,23591.39
2928,1361.0,17841.244
2929,1909.0,19027.453
2930,1738.0,22865.797
2931,1628.0,26038.371
2932,1639.0,26299.906
2933,1804.0,36028.133
2934,1976.0,35294.203
2935,1653.0,39695.53
2936,1640.0,43116.188
2937,1610.9999999999998,33926.918
2938,1502.0,39237.293
2939,2021.0,44747.875
2940,1907.0,39885.89
2941,2448.0,38069.54
2942,1375.0,36484.934
2943,559.0,39980.246
2944,613.0,27002.494
2945,715.0000000000001,34202.734
2946,2626.0,32777.29
2947,3902.0,29851.158
2948,1754.0,29067.15
2949,1653.0,29092.86
2950,1378.0,29922.96
2951,0.0,18930.426
2952,413.0,19615.703
2953,0.0,23085.693
2954,0.0,14329.648
2955,0.0,18017.656
2956,0.0,17582.434
2957,0.0,13212.654
2958,0.0,9528.669
2959,0.0,5881.63
2960,0.0,8747.686
2961,0.0,4389.402
2962,0.0,1669.9442
2963,0.0,-3394.9004
2964,0.0,-5992.665
2965,0.0,-6109.939
2966,0.0,1336.7783
2967,0.0,-3866.4612
2968,0.0,-6285.4707
2969,0.0,-3125.6797
2970,0.0,-1260.6655
2971,0.0,-3923.8042
2972,0.0,13.188599
2973,0.0,83.25427
2974,0.0,2249.154
2975,0.0,2702.655
2976,0.0,883.7512
2977,0.0,1489.4578
2978,0.0,15639.703
2979,0.0,9550.428
2980,0.0,10763.972
2981,0.0,10715.57
2982,1130.0,15828.7
2983,1361.0,25357.74
2984,1909.0,19461.379
2985,1738.0,19840.688
2986,1628.0,23978.057
2987,1639.0,27684.16
2988,1804.0,27113.676
2989,1976.0,36935.977
2990,1653.0,35496.555
2991,1640.0,40159.953
2992,1610.9999999999998,44005.22
2993,1502.0,34225.22
2994,2021.0,39723.793
2995,1907.0,44761.496
2996,2448.0,39505.008
2997,1375.0,37971.11
2998,559.0,34950.664
2999,613.0,38969.04
3000,715.0000000000001,25516.652
3001,2626.0,31585.29
3002,3902.0,31467.033
3003,1754.0,28217.924
3004,1653.0,27234.992
3005,1378.0,27686.871
3006,0.0,27574.58
3007,413.0,16847.16
3008,0.0,17440.113
3009,0.0,21314.537
3010,0.0,12174.262
3011,0.0,16249.729
3012,0.0,15837.57
3013,0.0,11014.376
3014,0.0,8024.785
3015,0.0,4086.2375
3016,0.0,7090.0635
3017,0.0,3150.3015
3018,0.0,457.30597
3019,0.0,-3975.3965
3020,0.0,-7294.9814
3021,0.0,-7186.9214
3022,0.0,691.0006
3023,0.0,-4158.8423
3024,0.0,-6543.356
3025,0.0,-2902.7769
3026,0.0,-985.96387
3027,0.0,-2981.7944
3028,0.0,1310.404
3029,0.0,972.3059
3030,0.0,3112.554
3031,0.0,3941.0454
3032,0.0,2722.9385
3033,0.0,2966.4575
3034,0.0,17234.055
3035,0.0,11471.09
3036,0.0,12828.811
3037,1130.0,12665.096
3038,1361.0,17668.797
3039,1909.0,27247.191
3040,1738.0,20976.703
3041,1628.0,21781.66
3042,1639.0,26748.059
3043,1804.0,29670.781
3044,1976.0,28477.871
3045,1653.0,38360.95
3046,1640.0,36685.125
3047,1610.9999999999998,41249.465
3048,1502.0,44298.312
3049,2021.0,35060.11
3050,1907.0,39969.344
3051,2448.0,44717.523
3052,1375.0,39313.69
3053,559.0,37109.914
3054,613.0,33780.01
3055,715.0000000000001,38128.527
3056,2626.0,23540.129
3057,3902.0,29223.262
3058,1754.0,29324.277
3059,1653.0,25288.678
3060,1378.0,23964.11
3061,0.0,24609.479
3062,413.0,24456.877
3063,0.0,13783.498
3064,0.0,14197.242
3065,0.0,18366.164
3066,0.0,8955.044
3067,0.0,12914.655
3068,0.0,13066.615
3069,0.0,8571.472
3070,0.0,5544.922
3071,0.0,1996.603
3072,0.0,4841.685
3073,0.0,1048.8286
3074,0.0,-1429.2437
3075,0.0,-5451.864
3076,0.0,-7692.6777
3077,0.0,-7990.433
3078,0.0,-337.1894
3079,0.0,-4349.6396
3080,0.0,-6900.9243
3081,0.0,-3264.9634
3082,0.0,-630.49146
3083,0.0,-2806.599
3084,0.0,1605.5701
3085,0.0,1188.3624
3086,0.0,3594.6125
3087,0.0,5175.4414
3088,0.0,3941.1099
3089,0.0,4404.3906
3090,0.0,18980.748
3091,0.0,13205.057
3092,1130.0,14296.984
3093,1361.0,15090.25
3094,1909.0,19860.863
3095,1738.0,29862.807
3096,1628.0,24336.367
3097,1639.0,24433.434
3098,1804.0,28932.082
3099,1976.0,32221.143
3100,1653.0,31038.49
3101,1640.0,41059.58
3102,1610.9999999999998,39005.996
3103,1502.0,43326.953
3104,2021.0,46377.066
3105,1907.0,36618.938
3106,2448.0,41250.797
3107,1375.0,45968.047
3108,559.0,40141.082
3109,613.0,37856.152
3110,715.0000000000001,33834.523
3111,2626.0,38313.96
3112,3902.0,23354.246
3113,1754.0,28630.701
3114,1653.0,28088.814
3115,1378.0,24450.877
3116,0.0,22573.168
3117,413.0,23276.354
3118,0.0,22583.516
3119,0.0,12122.959
3120,0.0,12282.913
3121,0.0,16149.379
3122,0.0,7751.5664
3123,0.0,11289.013
3124,0.0,11382.408
3125,0.0,6845.7134
3126,0.0,3379.7744
3127,0.0,444.28812
3128,0.0,2909.423
3129,0.0,3.6502151
3130,0.0,-2402.7273
3131,0.0,-6391.7666
3132,0.0,-9081.259
3133,0.0,-8657.569
3134,0.0,-1333.2761
3135,0.0,-4811.1304
3136,0.0,-6440.046
3137,0.0,-2520.2725
3138,0.0,436.85376
3139,0.0,-2236.1016
3140,0.0,1847.613
3141,0.0,2775.6216
3142,0.0,4473.181
3143,0.0,6235.6636
3144,0.0,4932.3
3145,0.0,5509.1436
3146,0.0,20434.625
3147,1130.0,14709.678
3148,1361.0,15733.268
3149,1909.0,16319.281
3150,1738.0,21690.04
3151,1628.0,31392.898
3152,1639.0,25983.016
3153,1804.0,26410.139
3154,1976.0,31073.152
3155,1653.0,33886.723
3156,1640.0,32734.844
3157,1610.9999999999998,42884.914
3158,1502.0,40388.152
3159,2021.0,44737.207
3160,1907.0,47686.883
3161,2448.0,38165.066
3162,1375.0,42298.43
3163,559.0,46706.805
3164,613.0,40877.35
3165,715.0000000000001,37686.42
3166,2626.0,33958.543
3167,3902.0,38152.73
3168,1754.0,23004.123
3169,1653.0,28369.447
3170,1378.0,27132.816
3171,0.0,23656.03
3172,413.0,21467.865
3173,0.0,22384.29
3174,0.0,21755.406
3175,0.0,11135.947
3176,0.0,11059.396
3177,0.0,15091.188
3178,0.0,6861.346
3179,0.0,10510.847
3180,0.0,10225.84
3181,0.0,6262.324
3182,0.0,2923.5044
3183,0.0,259.83917
3184,0.0,2614.346
3185,0.0,-345.16168
3186,0.0,-2773.5454
3187,0.0,-6339.5767
3188,0.0,-8487.737
3189,0.0,-8070.646
3190,0.0,-953.60986
3191,0.0,-4179.3857
3192,0.0,-5029.3496
3193,0.0,-819.66943
3194,0.0,2898.503
3195,0.0,1376.8309
3196,0.0,5570.833
3197,0.0,6290.621
3198,0.0,8766.304
3199,0.0,10393.5205
3200,0.0,8211.938
3201,0.0,9648.014
3202,1130.0,24572.625
3203,1361.0,19241.229
3204,1909.0,21113.762
3205,1738.0,21901.295
3206,1628.0,25410.545
3207,1639.0,35762.1
3208,1804.0,30065.127
3209,1976.0,28086.309
3210,1653.0,33688.72
3211,1640.0,35509.367
3212,1610.9999999999998,34908.46
3213,1502.0,44195.324
3214,2021.0,39825.277
3215,1907.0,44091.797
3216,2448.0,46819.75
3217,1375.0,35194.098
3218,559.0,39016.633
3219,613.0,44284.17
3220,715.0000000000001,36855.844
3221,2626.0,33199.855
3222,3902.0,29335.543
3223,1754.0,33300.055
3224,1653.0,17972.506
3225,1378.0,22767.43
3226,0.0,22078.809
3227,413.0,18329.234
3228,0.0,18540.318
3229,0.0,17605.545
3230,0.0,16866.898
3231,0.0,6903.073
3232,0.0,9162.954
3233,0.0,12196.305
3234,0.0,3329.732
3235,0.0,7479.267
3236,0.0,8519.042
3237,0.0,5366.8574
3238,0.0,2199.476
3239,0.0,65.06857
3240,0.0,2744.0508
3241,0.0,-281.8316
3242,0.0,-2077.8975
3243,0.0,-5698.099
3244,0.0,-6889.2305
3245,0.0,-7490.8257
3246,0.0,721.3111
3247,0.0,-2794.4324
3248,0.0,-2074.462
3249,0.0,496.9474
3250,0.0,3913.6787
3251,0.0,3308.5657
3252,0.0,9447.575
3253,0.0,7838.226
3254,0.0,9930.629
3255,0.0,12226.848
3256,0.0,10594.517
3257,1130.0,12515.572
3258,1361.0,27306.602
3259,1909.0,21376.922
3260,1738.0,25140.31
3261,1628.0,24306.023
3262,1639.0,28264.871
3263,1804.0,37691.65
3264,1976.0,31055.105
3265,1653.0,28795.318
3266,1640.0,33636.875
3267,1610.9999999999998,36355.215
3268,1502.0,34864.33
3269,2021.0,44095.848
3270,1907.0,38393.414
3271,2448.0,42984.67
3272,1375.0,45133.24
3273,559.0,33509.766
3274,613.0,37624.625
3275,715.0000000000001,41300.18
3276,2626.0,34504.383
3277,3902.0,30782.797
3278,1754.0,26715.773
3279,1653.0,29038.113
3280,1378.0,15282.857
3281,0.0,18553.768
3282,413.0,19295.059
3283,0.0,15625.63
3284,0.0,15967.152
3285,0.0,14647.395
3286,0.0,16271.492
3287,0.0,5494.939
3288,0.0,7792.648
3289,0.0,11586.589
3290,0.0,1926.6731
3291,0.0,5953.0425
3292,0.0,7388.34
3293,0.0,4649.9277
3294,0.0,1140.0713
3295,0.0,-621.77014
3296,0.0,3357.9658
3297,0.0,805.1725
3298,0.0,-1831.9857
3299,0.0,-4546.1294
3300,0.0,-5479.98
3301,0.0,-7240.2563
3302,0.0,2405.3257
3303,0.0,101.36417
3304,0.0,-1588.3983
3305,0.0,692.48315
3306,0.0,5385.5146
3307,0.0,5538.171
3308,0.0,11095.367
3309,0.0,9906.73
3310,0.0,12138.146
3311,0.0,14482.98
3312,1130.0,13180.588
3313,1361.0,14837.863
3314,1909.0,28961.578
3315,1738.0,24349.328
3316,1628.0,27122.441
3317,1639.0,25783.879
3318,1804.0,30060.355
3319,1976.0,38652.066
3320,1653.0,31759.955
3321,1640.0,29856.95
3322,1610.9999999999998,34787.016
3323,1502.0,34624.7
3324,2021.0,33351.14
3325,1907.0,40908.28
3326,2448.0,37626.23
3327,1375.0,40185.79
3328,559.0,43684.836
3329,613.0,31079.6
3330,715.0000000000001,34179.82
3331,2626.0,37733.6
3332,3902.0,32053.387
3333,1754.0,28158.793
3334,1653.0,23993.922
3335,1378.0,26689.047
3336,0.0,11313.271
3337,413.0,16333.8125
3338,0.0,17332.176
3339,0.0,12720.516
3340,0.0,13984.616
3341,0.0,12677.75
3342,0.0,14018.5
3343,0.0,4201.711
3344,0.0,4685.152
3345,0.0,9405.323
3346,0.0,490.46127
3347,0.0,4550.321
3348,0.0,5789.3403
3349,0.0,2564.4558
3350,0.0,-492.02686
3351,0.0,-782.3958
3352,0.0,2675.872
3353,0.0,-277.0689
3354,0.0,-2237.901
3355,0.0,-5441.872
3356,0.0,-5630.2573
3357,0.0,-6778.474
3358,0.0,3879.979
3359,0.0,854.78973
3360,0.0,-703.5742
3361,0.0,3056.7004
3362,0.0,7462.6406
3363,0.0,8776.32
3364,0.0,13701.589
3365,0.0,12823.602
3366,0.0,15589.496
3367,1130.0,16281.186
3368,1361.0,18064.299
3369,1909.0,19407.234
3370,1738.0,31819.953
3371,1628.0,28782.697
3372,1639.0,32146.787
3373,1804.0,29990.656
3374,1976.0,33161.06
3375,1653.0,41827.07
3376,1640.0,36003.79
3377,1610.9999999999998,33156.04
3378,1502.0,36207.945
3379,2021.0,34964.49
3380,1907.0,34791.027
3381,2448.0,40920.184
3382,1375.0,41107.0
3383,559.0,39613.48
3384,613.0,44227.32
3385,715.0000000000001,30974.518
3386,2626.0,33165.703
3387,3902.0,36915.89
3388,1754.0,30368.238
3389,1653.0,27969.713
3390,1378.0,22999.344
3391,0.0,26996.06
3392,413.0,11424.383
3393,0.0,16490.18
3394,0.0,16625.518
3395,0.0,11406.153
3396,0.0,12786.2295
3397,0.0,11899.266
3398,0.0,13097.974
3399,0.0,4238.118
3400,0.0,3781.8887
3401,0.0,6359.358
3402,0.0,1107.9275
3403,0.0,5786.8115
3404,0.0,5273.135
3405,0.0,2558.8013
3406,0.0,-1485.9159
3407,0.0,-1065.959
3408,0.0,2422.206
3409,0.0,553.18524
3410,0.0,-2201.461
3411,0.0,-5358.981
3412,0.0,-4333.2075
3413,0.0,-4295.214
3414,0.0,4177.923
3415,0.0,2967.4956
3416,0.0,302.66992
3417,0.0,5715.487
3418,0.0,9971.84
3419,0.0,10562.69
3420,0.0,14563.307
3421,0.0,15500.717
3422,1130.0,18501.672
3423,1361.0,19685.402
3424,1909.0,19904.598
3425,1738.0,22300.508
3426,1628.0,33372.375
3427,1639.0,30559.1
3428,1804.0,32638.594
3429,1976.0,31292.473
3430,1653.0,34861.39
3431,1640.0,42029.94
3432,1610.9999999999998,35912.8
3433,1502.0,35362.18
3434,2021.0,33799.473
3435,1907.0,35117.07
3436,2448.0,35181.96
3437,1375.0,41294.723
3438,559.0,40251.75
3439,613.0,37994.27
3440,715.0000000000001,42998.836
3441,2626.0,29377.664
3442,3902.0,31277.195
3443,1754.0,34350.945
3444,1653.0,29118.854
3445,1378.0,26490.16
3446,0.0,22089.219
3447,413.0,24832.082
3448,0.0,10035.404
3449,0.0,16609.996
3450,0.0,14822.908
3451,0.0,11460.47
3452,0.0,13393.83
3453,0.0,11101.439
3454,0.0,13440.302
3455,0.0,2928.6343
3456,0.0,3426.9116
3457,0.0,5782.3975
3458,0.0,1680.1743
3459,0.0,4569.3394
3460,0.0,4207.8765
3461,0.0,2254.3992
3462,0.0,-2275.8286
3463,0.0,-1952.4448
3464,0.0,2140.5427
3465,0.0,733.5619
3466,0.0,-609.2727
3467,0.0,-5017.4272
3468,0.0,-4602.9897
3469,0.0,-2487.644
3470,0.0,5654.134
3471,0.0,3219.927
3472,0.0,2368.4492
3473,0.0,7320.3096
3474,0.0,11331.338
3475,0.0,13114.311
3476,0.0,16626.445
3477,1130.0,18441.26
3478,1361.0,21162.568
3479,1909.0,21663.912
3480,1738.0,22608.236
3481,1628.0,25081.93
3482,1639.0,36152.816
3483,1804.0,33744.3
3484,1976.0,36236.73
3485,1653.0,33702.93
3486,1640.0,36236.023
3487,1610.9999999999998,42842.68
3488,1502.0,35817.74
3489,2021.0,36033.938
3490,1907.0,35967.64
3491,2448.0,35303.55
3492,1375.0,35088.15
3493,559.0,40752.188
3494,613.0,38750.17
3495,715.0000000000001,38147.73
3496,2626.0,40520.65
3497,3902.0,28172.953
3498,1754.0,29470.777
3499,1653.0,33253.723
3500,1378.0,27301.957
3501,0.0,23936.033
3502,413.0,20845.154
3503,0.0,23112.658
3504,0.0,7267.7227
3505,0.0,14674.931
3506,0.0,13066.316
3507,0.0,10213.345
3508,0.0,12059.133
3509,0.0,8041.27
3510,0.0,11677.482
3511,0.0,1192.4683
3512,0.0,3651.4478
3513,0.0,4780.2065
3514,0.0,-173.7207
3515,0.0,3427.9019
3516,0.0,4090.3467
3517,0.0,3511.0688
3518,0.0,-3635.8606
3519,0.0,-1581.53
3520,0.0,3391.819
3521,0.0,498.4291
3522,0.0,106.09885
3523,0.0,-4581.7686
3524,0.0,-2768.907
3525,0.0,-1471.9845
3526,0.0,6905.1367
3527,624.0,5567.779
3528,0.0,3199.5945
3529,0.0,7798.4565
3530,0.0,12983.355
3531,0.0,15441.831
3532,1130.0,19568.504
3533,1361.0,19013.396
3534,1909.0,23580.994
3535,1738.0,24258.508
3536,1628.0,24687.965
3537,1639.0,27365.299
3538,1804.0,38607.242
3539,1976.0,34223.71
3540,1653.0,37477.047
3541,1640.0,35234.79
3542,1610.9999999999998,37396.383
3543,1502.0,44093.887
3544,2021.0,36746.168
3545,1907.0,36023.77
3546,2448.0,34686.008
3547,1375.0,35464.992
3548,559.0,34730.484
3549,613.0,39819.402
3550,715.0000000000001,37261.855
3551,2626.0,36632.73
3552,3902.0,40239.26
3553,1754.0,25647.922
3554,1653.0,26786.703
3555,1378.0,30785.176
3556,0.0,25577.352
3557,413.0,23331.8
3558,0.0,17517.191
3559,0.0,20316.094
3560,0.0,5041.8994
3561,0.0,12364.972
3562,0.0,11084.31
3563,0.0,8295.079
3564,0.0,9988.719
3565,0.0,6796.24
3566,0.0,9978.816
3567,0.0,119.30054
3568,0.0,2177.2378
3569,0.0,3030.1174
3570,0.0,-1572.8715
3571,0.0,1363.9807
3572,0.0,3865.3174
3573,0.0,2200.394
3574,0.0,-4195.8853
3575,0.0,-2927.9229
3576,0.0,3899.7869
3577,0.0,785.4989
3578,0.0,40.2705
3579,0.0,-4302.0557
3580,0.0,-3032.3113
3581,0.0,-2250.4268
3582,624.0,7415.9473
3583,1011.0,6076.918
3584,0.0,4006.6416
3585,0.0,8796.24
3586,0.0,14553.276
3587,1130.0,17281.033
3588,1361.0,21496.037
3589,1909.0,21136.057
3590,1738.0,26605.77
3591,1628.0,25512.672
3592,1639.0,27162.47
3593,1804.0,28831.814
3594,1976.0,39991.293
3595,1653.0,36795.98
3596,1640.0,38249.79
3597,1610.9999999999998,34405.195
3598,1502.0,37431.508
3599,2021.0,44245.926
3600,1907.0,36409.965
3601,2448.0,36378.996
3602,1375.0,34861.785
3603,559.0,34303.902
3604,613.0,31832.523
3605,715.0000000000001,36826.5
3606,2626.0,36148.31
3607,3902.0,34127.63
3608,1754.0,38754.785
3609,1653.0,25004.42
3610,1378.0,24079.283
3611,0.0,28835.14
3612,413.0,23564.01
3613,0.0,21364.572
3614,0.0,16204.824
3615,0.0,20499.996
3616,0.0,2602.6016
3617,0.0,10715.91
3618,0.0,8177.8945
3619,0.0,8059.1284
3620,0.0,7780.543
3621,0.0,6286.2383
3622,0.0,8012.0635
3623,0.0,-856.8192
3624,0.0,-412.13467
3625,0.0,1631.8999
3626,0.0,-2277.1382
3627,0.0,289.03778
3628,0.0,1970.4556
3629,0.0,1123.7778
3630,0.0,-4223.8423
3631,0.0,-2937.6362
3632,0.0,3609.45
3633,0.0,1581.5812
3634,0.0,165.75879
3635,0.0,-4343.6626
3636,0.0,-3201.1616
3637,624.0,-894.0266
3638,1011.0,7802.412
3639,1608.0,7232.217
3640,0.0,6485.5723
3641,0.0,11699.134
3642,1130.0,17881.738
3643,1361.0,20061.982
3644,1909.0,24456.107
3645,1738.0,23941.988
3646,1628.0,30154.832
3647,1639.0,28559.035
3648,1804.0,30517.355
3649,1976.0,31549.67
3650,1653.0,42321.13
3651,1640.0,38742.516
3652,1610.9999999999998,40546.95
3653,1502.0,36380.277
3654,2021.0,38212.164
3655,1907.0,45351.707
3656,2448.0,37706.64
3657,1375.0,37867.777
3658,559.0,35360.0
3659,613.0,33909.887
3660,715.0000000000001,31744.533
3661,2626.0,36608.188
3662,3902.0,37049.336
3663,1754.0,33188.188
3664,1653.0,37745.95
3665,1378.0,24003.723
3666,0.0,23067.264
3667,413.0,27784.32
3668,0.0,22411.584
3669,0.0,20388.373
3670,0.0,14433.107
3671,0.0,19314.45
3672,0.0,2177.0854
3673,0.0,10126.299
3674,0.0,6844.504
3675,0.0,6318.5093
3676,0.0,5899.5376
3677,0.0,4757.809
3678,0.0,6767.0796
3679,0.0,-2062.8088
3680,0.0,-1703.0082
3681,0.0,-774.8275
3682,0.0,-1882.5936
3683,0.0,-113.98328
3684,0.0,1296.0991
3685,0.0,1143.301
3686,0.0,-4272.2803
3687,0.0,-2218.1294
3688,0.0,3802.424
3689,0.0,1776.8085
3690,0.0,1869.1299
3691,0.0,-3660.1277
3692,624.0,-1225.51
3693,1011.0,1723.0793
3694,1608.0,10189.02
3695,1884.0,9137.573
3696,0.0,9441.734
3697,1130.0,16272.174
3698,1361.0,22193.578
3699,1909.0,23276.088
3700,1738.0,26670.043
3701,1628.0,27470.887
3702,1639.0,33810.02
3703,1804.0,31649.055
3704,1976.0,32146.441
3705,1653.0,33820.457
3706,1640.0,43489.043
3707,1610.9999999999998,39268.38
3708,1502.0,40447.164
3709,2021.0,36251.824
3710,1907.0,38231.99
3711,2448.0,44584.543
3712,1375.0,36780.426
3713,559.0,37802.89
3714,613.0,32497.246
3715,715.0000000000001,32742.592
3716,2626.0,31303.957
3717,3902.0,35476.547
3718,1754.0,35698.53
3719,1653.0,31008.787
3720,1378.0,35271.625
3721,0.0,21488.889
3722,413.0,21429.982
3723,0.0,24690.574
3724,0.0,19356.54
3725,0.0,17898.1
3726,0.0,12253.583
3727,0.0,16598.348
3728,0.0,145.8606
3729,0.0,9005.211
3730,0.0,4661.0625
3731,0.0,5263.958
3732,0.0,5374.4434
3733,0.0,3192.928
3734,0.0,5742.6904
3735,0.0,-3229.276
3736,0.0,-2284.109
3737,0.0,-1844.9943
3738,0.0,-1478.7358
3739,0.0,-2.0462952
3740,0.0,603.6967
3741,0.0,1707.4209
3742,0.0,-2524.6594
3743,0.0,-1106.0334
3744,0.0,5623.1978
3745,0.0,4322.1904
3746,0.0,4865.052
3747,624.0,-1002.57605
3748,1011.0,1351.4773
3749,1608.0,6013.836
3750,1884.0,13644.056
3751,2003.0,11751.523
3752,1130.0,11825.305
3753,1361.0,18513.389
3754,1909.0,23788.336
3755,1738.0,25637.898
3756,1628.0,28513.826
3757,1639.0,29721.25
3758,1804.0,35306.594
3759,1976.0,32658.207
3760,1653.0,33403.176
3761,1640.0,34591.414
3762,1610.9999999999998,44578.37
3763,1502.0,40012.69
3764,2021.0,41800.42
3765,1907.0,36374.43
3766,2448.0,37509.957
3767,1375.0,43785.312
3768,559.0,35385.34
3769,613.0,36086.137
3770,715.0000000000001,31614.025
3771,2626.0,31386.13
3772,3902.0,29912.049
3773,1754.0,33816.996
3774,1653.0,33009.33
3775,1378.0,29155.393
3776,0.0,32777.977
3777,413.0,19158.814
3778,0.0,19236.477
3779,0.0,23098.887
3780,0.0,16859.86
3781,0.0,14686.57
3782,0.0,9825.342
3783,0.0,14299.968
3784,0.0,-1903.5793
3785,0.0,6311.2656
3786,0.0,2961.1436
3787,0.0,3440.4707
3788,0.0,4125.26
3789,0.0,1506.9257
3790,0.0,4844.8906
3791,0.0,-3591.1665
3792,0.0,-1443.4224
3793,0.0,-1270.2063
3794,0.0,-2026.7249
3795,0.0,500.42462
3796,0.0,1602.2311
3797,0.0,3049.7493
3798,0.0,-1429.3162
3799,0.0,895.3408
3800,0.0,7703.1743
3801,0.0,6450.8096
3802,624.0,6807.646
3803,1011.0,1232.8066
3804,1608.0,4253.6963
3805,1884.0,7863.167
3806,2003.0,16136.001
3807,2480.0,14282.795
3808,1361.0,14202.777
3809,1909.0,19876.387
3810,1738.0,25295.117
3811,1628.0,27393.5
3812,1639.0,31153.309
3813,1804.0,30302.307
3814,1976.0,36481.016
3815,1653.0,33630.945
3816,1640.0,34127.91
3817,1610.9999999999998,35647.137
3818,1502.0,44895.305
3819,2021.0,39062.523
3820,1907.0,41004.906
3821,2448.0,35905.734
3822,1375.0,36842.023
3823,559.0,43319.78
3824,613.0,33839.816
3825,715.0000000000001,34033.258
3826,2626.0,29369.223
3827,3902.0,29688.35
3828,1754.0,28058.086
3829,1653.0,31419.094
3830,1378.0,30694.396
3831,0.0,26823.209
3832,413.0,30656.29
3833,0.0,16416.674
3834,0.0,16733.654
3835,0.0,20104.49
3836,0.0,14555.298
3837,0.0,13648.781
3838,0.0,7305.784
3839,0.0,11792.238
3840,0.0,-3549.5815
3841,0.0,4604.8994
3842,0.0,2200.1018
3843,0.0,2165.1033
3844,0.0,3001.559
3845,0.0,1425.751
3846,0.0,4553.4487
3847,0.0,-3224.4707
3848,0.0,-1600.3926
3849,0.0,-693.6477
3850,0.0,-1784.3933
3851,0.0,930.24713
3852,0.0,2521.7832
3853,0.0,4125.204
3854,0.0,-156.1449
3855,0.0,2107.9185
3856,0.0,9710.763
3857,624.0,8137.623
3858,1011.0,8397.241
3859,1608.0,3197.9888
3860,1884.0,5689.22
3861,2003.0,9107.197
3862,2480.0,18063.342
3863,2380.0,16343.739
3864,1909.0,16358.502
3865,1738.0,22011.594
3866,1628.0,27564.965
3867,1639.0,28724.422
3868,1804.0,32683.783
3869,1976.0,31206.008
3870,1653.0,38100.13
3871,1640.0,34011.188
3872,1610.9999999999998,35406.957
3873,1502.0,35910.36
3874,2021.0,44378.055
3875,1907.0,39058.156
3876,2448.0,39750.04
3877,1375.0,33993.277
3878,559.0,35884.883
3879,613.0,41526.543
3880,715.0000000000001,31890.3
3881,2626.0,32419.67
3882,3902.0,27574.61
3883,1754.0,27725.465
3884,1653.0,24017.746
3885,1378.0,27355.133
3886,0.0,27524.795
3887,413.0,23813.826
3888,0.0,28002.031
3889,0.0,14201.241
3890,0.0,13734.121
3891,0.0,17488.854
3892,0.0,12305.09
3893,0.0,11719.799
3894,0.0,5784.177
3895,0.0,11403.822
3896,0.0,-5443.4795
3897,0.0,3595.5828
3898,0.0,337.13892
3899,0.0,1912.0513
3900,0.0,1404.5366
3901,0.0,1249.9907
3902,0.0,3712.0298
3903,0.0,-3812.5398
3904,0.0,-2567.1345
3905,0.0,-1057.6653
3906,0.0,-1497.7072
3907,0.0,1579.7231
3908,0.0,3070.1567
3909,0.0,4294.2373
3910,0.0,1285.0072
3911,0.0,3016.6516
3912,624.0,10410.398
3913,1011.0,10583.302
3914,1608.0,10017.332
3915,1884.0,5127.2227
3916,2003.0,7414.99
3917,2480.0,11554.264
3918,2380.0,20010.557
3919,2548.0,17997.523
3920,1738.0,19103.53
3921,1628.0,24732.291
3922,1639.0,30457.012
3923,1804.0,30774.008
3924,1976.0,34840.68
3925,1653.0,33056.42
3926,1640.0,40327.48
3927,1610.9999999999998,35596.492
3928,1502.0,36974.254
3929,2021.0,36942.992
3930,1907.0,45086.258
3931,2448.0,39325.906
3932,1375.0,39900.484
3933,559.0,34078.055
3934,613.0,35066.742
3935,715.0000000000001,41035.316
3936,2626.0,31822.328
3937,3902.0,31821.139
3938,1754.0,26686.75
3939,1653.0,26315.857
3940,1378.0,22550.605
3941,0.0,26049.518
3942,413.0,26893.535
3943,0.0,22446.223
3944,0.0,26087.998
3945,0.0,12712.81
3946,0.0,12631.469
3947,0.0,16273.359
3948,0.0,10957.128
3949,0.0,10331.808
3950,0.0,4188.842
3951,0.0,10366.387
3952,0.0,-5774.9873
3953,0.0,3160.3887
3954,0.0,-583.06635
3955,0.0,638.47705
3956,0.0,217.99683
3957,0.0,773.7237
3958,0.0,3248.6433
3959,0.0,-4089.4746
3960,0.0,-2647.7173
3961,0.0,-1913.8466
3962,0.0,-365.90735
3963,0.0,2419.7644
3964,0.0,3900.436
3965,0.0,5627.464
3966,0.0,2572.8245
3967,624.0,4955.9673
3968,1011.0,12110.211
3969,1608.0,12245.044
3970,1884.0,12755.36
3971,2003.0,7227.6475
3972,2480.0,10294.224
3973,2380.0,14890.194
3974,2548.0,23104.555
3975,3017.0,20594.533
3976,1628.0,22244.785
3977,1639.0,28987.344
3978,1804.0,34191.02
3979,1976.0,33602.438
3980,1653.0,36654.08
3981,1640.0,35921.445
3982,1610.9999999999998,43016.68
3983,1502.0,37650.52
3984,2021.0,37780.305
3985,1907.0,38258.215
3986,2448.0,45258.574
3987,1375.0,38783.688
3988,559.0,39070.605
3989,613.0,33104.8
3990,715.0000000000001,34319.95
3991,2626.0,39556.297
3992,3902.0,30468.525
3993,1754.0,30920.992
3994,1653.0,23847.822
3995,1378.0,24627.422
3996,0.0,21412.438
3997,413.0,24619.78
3998,0.0,24953.852
3999,0.0,20257.717
4000,0.0,23673.984
4001,0.0,10370.925
4002,0.0,11198.665
4003,0.0,13108.689
4004,0.0,8092.4883
4005,0.0,7865.8945
4006,0.0,2288.97
4007,0.0,7848.115
4008,0.0,-7365.2534
4009,0.0,2205.963
4010,0.0,-2284.358
4011,0.0,-295.98395
4012,0.0,-86.8811
4013,0.0,46.380676
4014,0.0,2787.8447
4015,0.0,-4358.176
4016,0.0,-2421.6262
4017,0.0,-1995.2501
4018,0.0,892.40625
4019,0.0,3515.208
4020,0.0,4765.541
4021,0.0,7244.0435
4022,624.0,5303.787
4023,1011.0,7214.171
4024,1608.0,15033.073
4025,1884.0,15783.924
4026,2003.0,16475.52
4027,2480.0,10911.693
4028,2380.0,13940.804
4029,2548.0,19586.834
4030,3017.0,27177.062
4031,3924.0000000000005,23817.312
4032,1639.0,24304.596
4033,1804.0,30758.541
4034,1976.0,34793.94
4035,1653.0,34873.285
4036,1640.0,37423.664
4037,1610.9999999999998,37107.523
4038,1502.0,43357.457
4039,2021.0,37468.21
4040,1907.0,37780.81
4041,2448.0,37466.293
4042,1375.0,45118.773
4043,559.0,38203.73
4044,613.0,38909.312
4045,715.0000000000001,31652.762
4046,2626.0,32473.396
4047,3902.0,37861.797
4048,1754.0,28409.11
4049,1653.0,28309.342
4050,1378.0,22200.58
4051,0.0,22389.488
4052,413.0,19402.15
4053,0.0,22651.223
4054,0.0,21962.727
4055,0.0,17988.895
4056,0.0,21179.846
4057,0.0,8211.236
4058,0.0,9137.851
4059,0.0,11714.881
4060,0.0,5975.39
4061,0.0,5174.81
4062,0.0,433.69843
4063,0.0,6251.352
4064,0.0,-8533.418
4065,0.0,459.54907
4066,0.0,-3255.7178
4067,0.0,-1042.5118
4068,0.0,-385.50238
4069,0.0,-602.89246
4070,0.0,2991.6892
4071,0.0,-3661.915
4072,0.0,-871.02686
4073,0.0,-316.80322
4074,0.0,1619.6282
4075,0.0,4992.3394
4076,0.0,6712.6846
4077,624.0,9186.168
4078,1011.0,7435.211
4079,1608.0,10049.482
4080,1884.0,17679.375
4081,2003.0,18500.422
4082,2480.0,18809.605
4083,2380.0,13379.172
4084,2548.0,16694.09
4085,3017.0,21609.824
4086,3924.0000000000005,29366.031
4087,4652.0,26182.676
4088,1804.0,25955.113
4089,1976.0,31090.223
4090,1653.0,35187.055
4091,1640.0,35099.273
4092,1610.9999999999998,38392.055
4093,1502.0,36410.05
4094,2021.0,42888.406
4095,1907.0,36824.145
4096,2448.0,36656.83
4097,1375.0,36576.266
4098,559.0,43858.5
4099,613.0,36077.926
4100,715.0000000000001,36499.223
4101,2626.0,29874.77
4102,3902.0,30780.035
4103,1754.0,36352.438
4104,1653.0,26143.336
4105,1378.0,25355.879
4106,0.0,19563.248
4107,413.0,20272.379
4108,0.0,17188.936
4109,0.0,20422.799
4110,0.0,19618.604
4111,0.0,15993.878
4112,0.0,19195.531
4113,0.0,6021.968
4114,0.0,7399.4946
4115,0.0,9405.566
4116,0.0,4567.2295
4117,0.0,4755.4517
4118,0.0,-1088.8081
4119,0.0,4974.5337
4120,0.0,-9145.33
4121,0.0,-167.51834
4122,0.0,-2674.4243
4123,0.0,-1276.5032
4124,0.0,-263.67474
4125,0.0,379.21198
4126,0.0,3892.468
4127,0.0,-2225.1558
4128,0.0,214.39404
4129,0.0,1514.5671
4130,0.0,2855.8865
4131,0.0,6639.8994
4132,624.0,8714.28
4133,1011.0,11248.291
4134,1608.0,9527.424
4135,1884.0,11928.666
4136,2003.0,20049.672
4137,2480.0,20486.312
4138,2380.0,20647.248
4139,2548.0,15659.318
4140,3017.0,18190.377
4141,3924.0000000000005,22721.598
4142,4652.0,31016.758
4143,6001.0,27691.48
4144,1976.0,27204.816
4145,1653.0,32057.848
4146,1640.0,35942.258
4147,1610.9999999999998,35038.19
4148,1502.0,38571.55
4149,2021.0,35643.59
4150,1907.0,42811.098
4151,2448.0,35732.562
4152,1375.0,36262.203
4153,559.0,35445.07
4154,613.0,41989.832
4155,715.0000000000001,34463.457
4156,2626.0,34141.066
4157,3902.0,27318.309
4158,1754.0,29022.393
4159,1653.0,33910.516
4160,1378.0,23588.35
4161,0.0,23140.447
4162,413.0,17397.03
4163,0.0,18107.201
4164,0.0,13611.25
4165,0.0,16857.059
4166,0.0,16760.303
4167,0.0,13689.764
4168,0.0,16804.018
4169,0.0,4498.7397
4170,0.0,5391.769
4171,0.0,7521.283
4172,0.0,3226.9768
4173,0.0,3670.3208
4174,0.0,-1934.0089
4175,0.0,5289.6245
4176,0.0,-9745.589
4177,0.0,-310.46667
4178,0.0,-3032.3928
4179,0.0,-776.62384
4180,0.0,-579.9368
4181,0.0,1320.8826
4182,0.0,4238.2593
4183,0.0,-1803.2303
4184,0.0,494.05396
4185,0.0,2333.5737
4186,0.0,4053.1772
4187,624.0,8010.561
4188,1011.0,10292.927
4189,1608.0,12724.062
4190,1884.0,11462.006
4191,2003.0,13511.032
4192,2480.0,21244.02
4193,2380.0,22895.652
4194,2548.0,22150.836
4195,3017.0,17550.924
4196,3924.0000000000005,19766.205
4197,4652.0,24536.82
4198,6001.0,32558.695
4199,5785.000000000001,28737.793
4200,1653.0,29079.967
4201,1640.0,33782.28
4202,1610.9999999999998,37479.76
4203,1502.0,35824.96
4204,2021.0,39191.777
4205,1907.0,36147.11
4206,2448.0,43471.324
4207,1375.0,35794.945
4208,559.0,36172.67
4209,613.0,34721.96
4210,715.0000000000001,41489.676
4211,2626.0,33523.094
4212,3902.0,32862.44
4213,1754.0,26182.04
4214,1653.0,27234.393
4215,1378.0,32551.234
4216,0.0,22637.648
4217,413.0,21490.125
4218,0.0,15977.637
4219,0.0,16173.834
4220,0.0,11653.464
4221,0.0,15338.397
4222,0.0,15597.623
4223,0.0,12213.36
4224,0.0,14920.306
4225,0.0,3006.41
4226,0.0,4366.578
4227,0.0,6567.0977
4228,0.0,2297.408
4229,0.0,2603.8142
4230,0.0,-2953.941
4231,0.0,4871.267
4232,0.0,-9577.625
4233,0.0,-198.07794
4234,0.0,-3180.3357
4235,0.0,-1039.6072
4236,0.0,-763.39557
4237,0.0,2107.2664
4238,0.0,4859.6562
4239,0.0,-965.5061
4240,0.0,1581.4359
4241,0.0,2888.3062
4242,624.0,6133.841
4243,1011.0,9833.603
4244,1608.0,12341.884
4245,1884.0,14880.59
4246,2003.0,13559.544
4247,2480.0,16209.326
4248,2380.0,23708.17
4249,2548.0,25037.34
4250,3017.0,25135.848
4251,3924.0000000000005,19945.16
4252,4652.0,22503.123
4253,6001.0,27488.99
4254,5785.000000000001,35306.062
4255,6949.999999999999,30789.281
4256,1640.0,30896.514
4257,1610.9999999999998,36257.92
4258,1502.0,39289.03
4259,2021.0,36828.207
4260,1907.0,39305.242
4261,2448.0,37167.836
4262,1375.0,43987.766
4263,559.0,35787.336
4264,613.0,35101.086
4265,715.0000000000001,33849.758
4266,2626.0,40172.08
4267,3902.0,31428.113
4268,1754.0,30677.424
4269,1653.0,23578.143
4270,1378.0,25076.396
4271,0.0,29927.77
4272,413.0,20557.414
4273,0.0,19331.184
4274,0.0,12825.092
4275,0.0,13747.537
4276,0.0,9843.41
4277,0.0,13709.245
4278,0.0,13156.865
4279,0.0,10164.11
4280,0.0,12490.677
4281,0.0,1005.64087
4282,0.0,3343.3867
4283,0.0,4040.5415
4284,0.0,177.21265
4285,0.0,783.3699
4286,0.0,-4028.0503
4287,0.0,3262.3694
4288,0.0,-10209.608
4289,0.0,-389.14218
4290,0.0,-3847.1453
4291,0.0,-1094.8197
4292,0.0,-63.882996
4293,0.0,2572.006
4294,0.0,5376.74
4295,0.0,-33.121826
4296,0.0,2883.488
4297,624.0,4205.2393
4298,1011.0,8264.467
4299,1608.0,11883.177
4300,1884.0,14310.652
4301,2003.0,17118.674
4302,2480.0,16769.066
4303,2380.0,18865.34
4304,2548.0,26796.402
4305,3017.0,28503.46
4306,3924.0000000000005,28479.605
4307,4652.0,23474.68
4308,6001.0,25766.809
4309,5785.000000000001,31283.863
4310,6949.999999999999,38472.73
4311,8988.0,33143.83
4312,1610.9999999999998,31341.342
4313,1502.0,36187.805
4314,2021.0,38146.402
4315,1907.0,36341.46
4316,2448.0,38279.656
4317,1375.0,36525.08
4318,559.0,42252.477
4319,613.0,34019.51
4320,715.0000000000001,33550.453
4321,2626.0,31514.79
4322,3902.0,38552.406
4323,1754.0,29461.908
4324,1653.0,29312.725
4325,1378.0,21088.766
4326,0.0,22461.342
4327,413.0,27468.746
4328,0.0,17822.41
4329,0.0,16204.766
4330,0.0,10767.0625
4331,0.0,11160.963
4332,0.0,7867.5303
4333,0.0,12124.767
4334,0.0,10519.535
4335,0.0,8164.246
4336,0.0,10535.104
4337,0.0,-559.97394
4338,0.0,2003.6162
4339,0.0,3544.8608
4340,0.0,-936.72675
4341,0.0,-991.1636
4342,0.0,-4771.1514
4343,0.0,2676.8008
4344,0.0,-10260.75
4345,0.0,-960.04785
4346,0.0,-3741.9539
4347,0.0,-556.57983
4348,0.0,745.1121
4349,0.0,3025.056
4350,0.0,6706.3975
4351,0.0,1448.2682
4352,624.0,4999.733
4353,1011.0,6453.341
4354,1608.0,9603.674
4355,1884.0,13730.334
4356,2003.0,16431.496
4357,2480.0,19228.598
4358,2380.0,18803.643
4359,2548.0,21304.074
4360,3017.0,28787.207
4361,3924.0000000000005,30610.574
4362,4652.0,29858.83
4363,6001.0,24950.814
4364,5785.000000000001,27243.99
4365,6949.999999999999,31877.299
4366,8988.0,39088.74
4367,10123.0,33878.586
4368,1502.0,31762.055
4369,2021.0,35351.67
4370,1907.0,37106.56
4371,2448.0,35251.53
4372,1375.0,37779.387
4373,559.0,34772.348
4374,613.0,40462.812
4375,715.0000000000001,32304.697
4376,2626.0,31331.617
4377,3902.0,29487.742
4378,1754.0,36577.242
4379,1653.0,26974.553
4380,1378.0,26321.74
4381,0.0,19045.043
4382,413.0,20495.836
4383,0.0,25816.14
4384,0.0,15597.006
4385,0.0,13173.148
4386,0.0,8415.281
4387,0.0,9164.287
4388,0.0,6055.4043
4389,0.0,10658.59
4390,0.0,8900.594
4391,0.0,6745.0977
4392,0.0,9379.736
4393,0.0,-1986.4218
4394,0.0,1123.7509
4395,0.0,2277.433
4396,0.0,-1508.0482
4397,0.0,-495.35815
4398,0.0,-5226.866
4399,0.0,2488.7378
4400,0.0,-9826.095
4401,0.0,-593.8676
4402,0.0,-2034.3258
4403,0.0,255.7649
4404,0.0,1948.758
4405,0.0,4911.998
4406,0.0,8571.565
4407,624.0,3765.4402
4408,1011.0,6811.1987
4409,1608.0,9078.108
4410,1884.0,11337.39
4411,2003.0,15909.479
4412,2480.0,18706.217
4413,2380.0,21374.17
4414,2548.0,21033.07
4415,3017.0,23241.746
4416,3924.0000000000005,30821.314
4417,4652.0,32025.744
4418,6001.0,31063.486
4419,5785.000000000001,26660.197
4420,6949.999999999999,28037.754
4421,8988.0,32168.473
4422,10123.0,39712.355
4423,10989.0,34257.777
4424,2021.0,31801.97
4425,1907.0,34958.516
4426,2448.0,36393.117
4427,1375.0,33844.78
4428,559.0,36653.465
4429,613.0,32761.604
4430,715.0000000000001,39040.008
4431,2626.0,30157.574
4432,3902.0,29773.637
4433,1754.0,27424.828
4434,1653.0,33897.668
4435,1378.0,24619.797
4436,0.0,23751.639
4437,413.0,16357.484
4438,0.0,18605.238
4439,0.0,23347.383
4440,0.0,13023.762
4441,0.0,10986.445
4442,0.0,6529.513
4443,0.0,7504.1895
4444,0.0,3464.0906
4445,0.0,7940.054
4446,0.0,6856.1265
4447,0.0,5436.6963
4448,0.0,7788.2676
4449,0.0,-2478.258
4450,0.0,129.3822
4451,0.0,1404.1825
4452,0.0,-1554.9172
4453,0.0,-555.416
4454,0.0,-4891.148
4455,0.0,3613.0955
4456,0.0,-9265.142
4457,0.0,344.8026
4458,0.0,-970.2488
4459,0.0,1599.1353
4460,0.0,2908.8306
4461,0.0,6724.133
4462,624.0,10210.185
4463,1011.0,4935.8613
4464,1608.0,7942.34
4465,1884.0,10902.518
4466,2003.0,13076.398
4467,2480.0,17769.322
4468,2380.0,20722.812
4469,2548.0,23346.184
4470,3017.0,22923.502
4471,3924.0000000000005,24840.39
4472,4652.0,32031.793
4473,6001.0,33893.367
4474,5785.000000000001,31985.205
4475,6949.999999999999,27915.984
4476,8988.0,29030.422
4477,10123.0,33094.082
4478,10989.0,40348.715
4479,11763.000000000002,34342.76
4480,1907.0,32309.137
4481,2448.0,35208.766
4482,1375.0,36314.188
4483,559.0,33228.08
4484,613.0,35873.83
4485,715.0000000000001,31794.836
4486,2626.0,38084.633
4487,3902.0,28968.703
4488,1754.0,28464.121
4489,1653.0,25664.73
4490,1378.0,32517.297
4491,0.0,22994.236
4492,413.0,21669.213
4493,0.0,14741.444
4494,0.0,16512.387
4495,0.0,21634.506
4496,0.0,11592.327
4497,0.0,8982.323
4498,0.0,5021.7266
4499,0.0,5722.083
4500,0.0,1834.9043
4501,0.0,6794.789
4502,0.0,6039.7183
4503,0.0,4521.509
4504,0.0,6475.9546
4505,0.0,-3397.3599
4506,0.0,-255.62177
4507,0.0,1204.8807
4508,0.0,-1524.1217
4509,0.0,-669.5144
4510,0.0,-4934.6353
4511,0.0,4069.662
4512,0.0,-8168.0854
4513,0.0,1361.2712
4514,0.0,108.46655
4515,0.0,2533.281
4516,0.0,4058.5342
4517,624.0,8747.073
4518,1011.0,11958.359
4519,1608.0,6765.8994
4520,1884.0,10159.295
4521,2003.0,12660.086
4522,2480.0,15736.723
4523,2380.0,20192.443
4524,2548.0,23290.613
4525,3017.0,25993.234
4526,3924.0000000000005,25065.912
4527,4652.0,27460.693
4528,6001.0,34490.17
4529,5785.000000000001,35644.133
4530,6949.999999999999,34268.18
4531,8988.0,29734.365
4532,10123.0,30880.312
4533,10989.0,34766.836
4534,11763.000000000002,41992.84
4535,12796.0,35307.81
4536,2448.0,32151.89
4537,1375.0,35301.93
4538,559.0,35966.203
4539,613.0,32299.809
4540,715.0000000000001,33992.016
4541,2626.0,30878.754
4542,3902.0,36402.766
4543,1754.0,27241.39
4544,1653.0,25830.422
4545,1378.0,23225.076
4546,0.0,29812.943
4547,413.0,19932.129
4548,0.0,18796.223
4549,0.0,11277.4
4550,0.0,13713.469
4551,0.0,18374.652
4552,0.0,9011.959
4553,0.0,6369.4907
4554,0.0,1862.8947
4555,0.0,3032.9553
4556,0.0,139.25464
4557,0.0,5409.836
4558,0.0,3919.1646
4559,0.0,2971.3953
4560,0.0,4856.09
4561,0.0,-4592.2275
4562,0.0,-812.36096
4563,0.0,-5.750244
4564,0.0,-2565.7683
4565,0.0,-1475.2891
4566,0.0,-4773.045
4567,0.0,3585.2725
4568,0.0,-7709.468
4569,0.0,2293.556
4570,0.0,545.51807
4571,0.0,3712.4358
4572,624.0,5655.558
4573,1011.0,10108.111
4574,1608.0,13570.582
4575,1884.0,8578.581
4576,2003.0,12035.93
4577,2480.0,14659.498
4578,2380.0,18152.727
4579,2548.0,22498.66
4580,3017.0,25232.64
4581,3924.0000000000005,27923.992
4582,4652.0,27687.674
4583,6001.0,29481.818
4584,5785.000000000001,36724.242
4585,6949.999999999999,37915.41
4586,8988.0,36103.65
4587,10123.0,31801.523
4588,10989.0,32604.895
4589,11763.000000000002,36569.21
4590,12796.0,43072.957
4591,12151.0,35712.93
4592,1375.0,32085.18
4593,559.0,34728.81
4594,613.0,34583.586
4595,715.0000000000001,31411.477
4596,2626.0,32555.809
4597,3902.0,29843.1
4598,1754.0,34449.89
4599,1653.0,25436.494
4600,1378.0,24071.418
4601,0.0,20816.098
4602,413.0,28147.662
4603,0.0,18311.86
4604,0.0,17540.822
4605,0.0,9148.093
4606,0.0,11726.072
4607,0.0,16522.41
4608,0.0,6813.2812
4609,0.0,4082.5327
4610,0.0,363.88647
4611,0.0,1208.5883
4612,0.0,-915.9392
4613,0.0,4768.936
4614,0.0,2438.3394
4615,0.0,1884.7118
4616,0.0,4100.829
4617,0.0,-4994.808
4618,0.0,-1139.3788
4619,0.0,716.72375
4620,0.0,-2546.598
4621,0.0,-1970.585
4622,0.0,-4448.757
4623,0.0,4127.576
4624,0.0,-6806.014
4625,0.0,2994.5095
4626,0.0,1793.0688
4627,624.0,5407.9375
4628,1011.0,7411.6543
4629,1608.0,11429.45
4630,1884.0,15855.128
4631,2003.0,10427.731
4632,2480.0,14488.976
4633,2380.0,17280.404
4634,2548.0,19955.459
4635,3017.0,24546.988
4636,3924.0000000000005,27312.63
4637,4652.0,30041.701
4638,6001.0,29594.008
4639,5785.000000000001,31741.352
4640,6949.999999999999,38277.164
4641,8988.0,39481.9
4642,10123.0,37179.15
4643,10989.0,32738.414
4644,11763.000000000002,33291.83
4645,12796.0,36672.598
4646,12151.0,43121.6
4647,12473.0,35674.14
4648,559.0,31539.797
4649,613.0,33046.008
4650,715.0000000000001,32845.758
4651,2626.0,29569.26
4652,3902.0,31173.232
4653,1754.0,27506.695
4654,1653.0,31959.871
4655,1378.0,23259.404
4656,0.0,21383.75
4657,413.0,18378.969
4658,0.0,25877.371
4659,0.0,15975.9375
4660,0.0,14643.453
4661,0.0,7230.444
4662,0.0,9895.6
4663,0.0,14944.972
4664,0.0,4947.2085
4665,0.0,1461.5991
4666,0.0,-1580.2614
4667,0.0,-293.84985
4668,0.0,-2011.3604
4669,0.0,4112.666
4670,0.0,1814.5726
4671,0.0,1441.9766
4672,0.0,3808.6885
4673,0.0,-5324.274
4674,0.0,-1014.08575
4675,0.0,732.162
4676,0.0,-2011.3695
4677,0.0,-443.83484
4678,0.0,-3615.719
4679,0.0,5064.784
4680,0.0,-5273.163
4681,0.0,4572.3057
4682,624.0,4577.2085
4683,1011.0,7326.2417
4684,1608.0,9635.224
4685,1884.0,13918.1
4686,2003.0,18555.49
4687,2480.0,13320.053
4688,2380.0,16924.008
4689,2548.0,20350.656
4690,3017.0,22099.082
4691,3924.0000000000005,26998.164
4692,4652.0,29572.775
4693,6001.0,32278.863
4694,5785.000000000001,31645.918
4695,6949.999999999999,33372.61
4696,8988.0,39969.793
4697,10123.0,40300.227
4698,10989.0,37824.48
4699,11763.000000000002,33807.016
4700,12796.0,33400.38
4701,12151.0,36254.566
4702,12473.0,42846.137
4703,10565.0,35255.43
4704,613.0,30712.76
4705,715.0000000000001,31934.479
4706,2626.0,31473.52
4707,3902.0,27786.863
4708,1754.0,29560.314
4709,1653.0,25216.39
4710,1378.0,30061.262
4711,0.0,21089.203
4712,413.0,19609.43
4713,0.0,16244.408
4714,0.0,23301.795
4715,0.0,13893.58
4716,0.0,12527.307
4717,0.0,5136.915
4718,0.0,8444.132
4719,0.0,12970.01
4720,0.0,2916.6064
4721,0.0,56.920776
4722,0.0,-2861.1062
4723,0.0,-1248.5579
4724,0.0,-3518.0198
4725,0.0,2454.3296
4726,0.0,863.1682
4727,0.0,1079.6644
4728,0.0,3385.642
4729,0.0,-4928.8257
4730,0.0,-1083.9902
4731,0.0,871.968
4732,0.0,-911.1274
4733,0.0,550.3994
4734,0.0,-2301.237
4735,0.0,6955.8896
4736,0.0,-3725.8218
4737,624.0,6542.6094
4738,1011.0,6730.2734
4739,1608.0,9554.817
4740,1884.0,11584.056
4741,2003.0,16403.094
4742,2480.0,21044.656
4743,2380.0,15142.316
4744,2548.0,18776.674
4745,3017.0,22722.152
4746,3924.0000000000005,24172.363
4747,4652.0,29032.494
4748,6001.0,31742.71
4749,5785.000000000001,34409.887
4750,6949.999999999999,33374.85
4751,8988.0,34808.38
4752,10123.0,41101.844
4753,10989.0,41601.203
4754,11763.000000000002,38263.61
4755,12796.0,34338.984
4756,12151.0,33743.93
4757,12473.0,36391.957
4758,10565.0,42756.375
4759,12606.0,34592.047
4760,715.0000000000001,29464.441
4761,2626.0,30668.906
4762,3902.0,29872.773
4763,1754.0,25914.674
4764,1653.0,27537.559
4765,1378.0,23173.684
4766,0.0,28052.164
4767,413.0,19148.668
4768,0.0,17610.422
4769,0.0,13965.746
4770,0.0,21451.49
4771,0.0,12206.402
4772,0.0,10370.575
4773,0.0,3572.046
4774,0.0,6556.9883
4775,0.0,11335.915
4776,0.0,1613.5752
4777,0.0,-1430.2727
4778,0.0,-3869.8752
4779,0.0,-2513.292
4780,0.0,-4408.9214
4781,0.0,1979.3324
4782,0.0,831.8484
4783,0.0,995.1421
4784,0.0,3131.3528
4785,0.0,-5026.4443
4786,0.0,-755.1997
4787,0.0,1672.9783
4788,0.0,-9.2247925
4789,0.0,1412.641
4790,0.0,-1350.1172
4791,0.0,8201.607
4792,624.0,-2019.7219
4793,1011.0,8204.288
4794,1608.0,8482.146
4795,1884.0,11202.033
4796,2003.0,13348.979
4797,2480.0,18678.111
4798,2380.0,23065.055
4799,2548.0,17165.258
4800,3017.0,20991.16
4801,3924.0000000000005,24491.08
4802,4652.0,26499.033
4803,6001.0,31026.533
4804,5785.000000000001,33547.277
4805,6949.999999999999,36173.49
4806,8988.0,34546.703
4807,10123.0,36167.867
4808,10989.0,42484.78
4809,11763.000000000002,42036.055
4810,12796.0,38944.375
4811,12151.0,34555.926
4812,12473.0,33822.914
4813,10565.0,36160.39
4814,12606.0,42523.195
4815,10399.0,33878.523
4816,2626.0,29003.156
4817,3902.0,30394.78
4818,1754.0,29344.27
4819,1653.0,24767.115
4820,1378.0,25803.643
4821,0.0,22160.168
4822,413.0,26564.246
4823,0.0,17473.379
4824,0.0,15173.229
4825,0.0,11788.58
4826,0.0,19300.773
4827,0.0,9800.828
4828,0.0,8031.1123
4829,0.0,902.47565
4830,0.0,4581.1035
4831,0.0,9178.783
4832,0.0,197.01111
4833,0.0,-2880.4731
4834,0.0,-5802.3354
4835,0.0,-3870.7166
4836,0.0,-4998.601
4837,0.0,1596.495
4838,0.0,0.5873718
4839,0.0,868.7597
4840,0.0,2959.1753
4841,0.0,-4586.4976
4842,0.0,-46.7247
4843,0.0,2048.0894
4844,0.0,300.10016
4845,0.0,2063.514
4846,0.0,105.513855
4847,624.0,9234.501
4848,1011.0,-444.65283
4849,1608.0,10369.189
4850,1884.0,10097.373
4851,2003.0,13361.551
4852,2480.0,15736.648
4853,2380.0,20880.918
4854,2548.0,25404.941
4855,3017.0,19464.441
4856,3924.0000000000005,23363.713
4857,4652.0,26707.447
4858,6001.0,29029.404
4859,5785.000000000001,33426.688
4860,6949.999999999999,35503.996
4861,8988.0,37948.52
4862,10123.0,36848.664
4863,10989.0,37740.523
4864,11763.000000000002,44116.098
4865,12796.0,43797.25
4866,12151.0,40290.695
4867,12473.0,36099.043
4868,10565.0,34998.445
4869,12606.0,37373.98
4870,10399.0,43037.44
4871,7424.0,33869.836
4872,3902.0,28391.926
4873,1754.0,29543.09
4874,1653.0,27759.555
4875,1378.0,23601.707
4876,0.0,24264.648
4877,413.0,21012.158
4878,0.0,24621.008
4879,0.0,15716.964
4880,0.0,13459.302
4881,0.0,9552.092
4882,0.0,17859.682
4883,0.0,8436.141
4884,0.0,6888.586
4885,0.0,-707.01636
4886,0.0,3114.4832
4887,0.0,7924.3
4888,0.0,-1293.6478
4889,0.0,-4219.42
4890,0.0,-6533.1484
4891,0.0,-4857.582
4892,0.0,-5249.2847
4893,0.0,1743.9446
4894,0.0,-394.9378
4895,0.0,842.1931
4896,0.0,3293.3325
4897,0.0,-3839.8904
4898,0.0,788.03546
4899,0.0,3823.8823
4900,0.0,1444.8531
4901,0.0,3014.7097
4902,624.0,1688.3472
4903,1011.0,11076.071
4904,1608.0,1619.5571
4905,1884.0,12410.662
4906,2003.0,12486.064
4907,2480.0,16236.982
4908,2380.0,18535.223
4909,2548.0,23232.72
4910,3017.0,28452.611
4911,3924.0000000000005,22059.76
4912,4652.0,26431.99
4913,6001.0,29568.45
4914,5785.000000000001,31328.414
4915,6949.999999999999,35782.273
4916,8988.0,37703.52
4917,10123.0,40205.273
4918,10989.0,38823.29
4919,11763.000000000002,39745.87
4920,12796.0,45439.21
4921,12151.0,45094.72
4922,12473.0,41116.62
4923,10565.0,36655.79
4924,12606.0,35218.176
4925,10399.0,37058.438
4926,7424.0,42602.12
4927,10688.0,33412.305
4928,1754.0,26654.863
4929,1653.0,26930.127
4930,1378.0,25233.154
4931,0.0,20926.432
4932,413.0,22189.219
4933,0.0,18237.582
4934,0.0,21889.244
4935,0.0,13302.177
4936,0.0,10650.78
4937,0.0,7074.0103
4938,0.0,15708.877
4939,0.0,6397.998
4940,0.0,4429.053
4941,0.0,-2055.5266
4942,0.0,1725.2186
4943,0.0,6893.6646
4944,0.0,-2196.0405
4945,0.0,-5889.29
4946,0.0,-7500.5107
4947,0.0,-5220.914
4948,0.0,-5203.1367
4949,0.0,2180.5005
4950,0.0,339.27127
4951,0.0,1729.2755
4952,0.0,4344.3975
4953,0.0,-2778.8354
4954,0.0,2082.4697
4955,0.0,5384.256
4956,0.0,3159.2637
4957,624.0,5675.6885
4958,1011.0,3902.08
4959,1608.0,13193.145
4960,1884.0,3972.7139
4961,2003.0,14743.359
4962,2480.0,15763.002
4963,2380.0,18676.572
4964,2548.0,21134.514
4965,3017.0,25757.36
4966,3924.0000000000005,31064.137
4967,4652.0,24850.219
4968,6001.0,28627.738
4969,5785.000000000001,32101.012
4970,6949.999999999999,32938.1
4971,8988.0,37563.633
4972,10123.0,38982.766
4973,10989.0,41294.176
4974,11763.000000000002,39722.086
4975,12796.0,40045.438
4976,12151.0,45906.2
4977,12473.0,44664.95
4978,10565.0,40424.035
4979,12606.0,36422.047
4980,10399.0,33956.367
4981,7424.0,35423.418
4982,10688.0,40940.05
4983,6580.999999999999,31746.596
4984,1653.0,24754.438
4985,1378.0,24876.643
4986,0.0,23193.984
4987,413.0,18482.24
4988,0.0,20056.502
4989,0.0,15564.281
4990,0.0,19631.121
4991,0.0,11051.504
4992,0.0,8871.572
4993,0.0,5080.4956
4994,0.0,13313.451
4995,0.0,4538.3604
4996,0.0,2873.2563
4997,0.0,-3429.1562
4998,0.0,857.166
4999,0.0,5603.491
5000,0.0,-3357.1338
5001,0.0,-6255.834
5002,0.0,-7830.4224
5003,0.0,-5111.0015
5004,0.0,-5397.714
5005,0.0,1708.3394
5006,0.0,719.307
5007,0.0,2588.289
5008,0.0,5368.2607
5009,0.0,-1168.5153
5010,0.0,3277.9927
5011,0.0,6763.78
5012,624.0,5542.047
5013,1011.0,7817.633
5014,1608.0,6335.466
5015,1884.0,16043.07
5016,2003.0,6389.375
5017,2480.0,17459.875
5018,2380.0,18665.488
5019,2548.0,21439.05
5020,3017.0,23715.434
5021,3924.0000000000005,28545.285
5022,4652.0,33806.58
5023,6001.0,26754.613
5024,5785.000000000001,30535.32
5025,6949.999999999999,34382.64
5026,8988.0,34706.14
5027,10123.0,39183.133
5028,10989.0,40530.51
5029,11763.000000000002,42754.367
5030,12796.0,40654.957
5031,12151.0,40474.387
5032,12473.0,46219.047
5033,10565.0,44855.36
5034,12606.0,39876.766
5035,10399.0,35763.883
5036,7424.0,33096.086
5037,10688.0,34380.62
5038,6580.999999999999,39744.0
5039,5849.999999999999,29976.215
5040,1378.0,22302.713
5041,0.0,22486.715
5042,413.0,20672.71
5043,0.0,15880.889
5044,0.0,17222.943
5045,0.0,12993.027
5046,0.0,17107.262
5047,0.0,8807.719
5048,0.0,6742.867
5049,0.0,2969.3203
5050,0.0,11497.347
5051,0.0,3028.2495
5052,0.0,1161.2994
5053,0.0,-4534.5073
5054,0.0,-466.01868
5055,0.0,4521.268
5056,0.0,-4094.4248
5057,0.0,-6830.9746
5058,0.0,-7992.305
5059,0.0,-5516.6455
5060,0.0,-5208.788
5061,0.0,2157.2273
5062,0.0,1584.9374
5063,0.0,3437.2095
5064,0.0,6276.8877
5065,0.0,-224.44965
5066,0.0,4435.645
5067,624.0,8572.72
5068,1011.0,7301.588
5069,1608.0,9551.295
5070,1884.0,8213.825
5071,2003.0,17968.055
5072,2480.0,8512.877
5073,2380.0,19398.098
5074,2548.0,20577.773
5075,3017.0,23450.22
5076,3924.0000000000005,25594.898
5077,4652.0,30647.57
5078,6001.0,35593.816
5079,5785.000000000001,28325.824
5080,6949.999999999999,32234.027
5081,8988.0,35611.164
5082,10123.0,36196.566
5083,10989.0,40258.875
5084,11763.000000000002,41212.54
5085,12796.0,43272.72
5086,12151.0,40580.188
5087,12473.0,40326.88
5088,10565.0,46058.17
5089,12606.0,43925.86
5090,10399.0,38980.215
5091,7424.0,34388.59
5092,10688.0,31450.752
5093,6580.999999999999,32440.309
5094,5849.999999999999,37840.86
5095,3432.0,27875.857
5096,0.0,20397.438
5097,413.0,20851.012
5098,0.0,18985.68
5099,0.0,13637.494
5100,0.0,14660.458
5101,0.0,11362.951
5102,0.0,15190.199
5103,0.0,6795.6436
5104,0.0,4120.604
5105,0.0,776.1842
5106,0.0,9463.805
5107,0.0,819.7766
5108,0.0,-705.75916
5109,0.0,-6639.536
5110,0.0,-1942.6865
5111,0.0,3203.637
5112,0.0,-4466.2544
5113,0.0,-7175.071
5114,0.0,-8589.677
5115,0.0,-5583.632
5116,0.0,-4497.71
5117,0.0,2792.6045
5118,0.0,2157.0972
5119,0.0,4784.7163
5120,0.0,7600.806
5121,0.0,1724.4468
5122,624.0,6393.42
5123,1011.0,10551.684
5124,1608.0,9128.696
5125,1884.0,11766.243
5126,2003.0,11118.791
5127,2480.0,20310.723
5128,2380.0,11142.949
5129,2548.0,22474.793
5130,3017.0,23001.176
5131,3924.0000000000005,26279.117
5132,4652.0,28342.395
5133,6001.0,32963.64
5134,5785.000000000001,37872.07
5135,6949.999999999999,30566.969
5136,8988.0,34224.13
5137,10123.0,37378.81
5138,10989.0,37889.355
5139,11763.000000000002,41814.465
5140,12796.0,42102.42
5141,12151.0,43780.07
5142,12473.0,41545.17
5143,10565.0,40340.242
5144,12606.0,46109.402
5145,10399.0,44103.617
5146,7424.0,38563.188
5147,10688.0,34063.57
5148,6580.999999999999,30942.744
5149,5849.999999999999,31917.824
5150,3432.0,36461.445
5151,4204.0,26329.988
5152,413.0,18238.592
5153,0.0,18724.629
5154,0.0,16400.426
5155,0.0,11355.762
5156,0.0,12098.894
5157,0.0,9523.455
5158,0.0,12803.107
5159,0.0,4742.309
5160,0.0,2117.0762
5161,0.0,-1263.8735
5162,0.0,7854.079
5163,0.0,-587.8262
5164,0.0,-1580.2799
5165,0.0,-7833.3423
5166,0.0,-2817.0645
5167,0.0,2562.1306
5168,0.0,-5107.163
5169,0.0,-7245.2954
5170,0.0,-8310.175
5171,0.0,-5280.219
5172,0.0,-3549.9438
5173,0.0,3977.6382
5174,0.0,3123.5352
5175,0.0,6147.285
5176,0.0,9317.157
5177,624.0,3830.3806
5178,1011.0,8629.232
5179,1608.0,13544.395
5180,1884.0,11643.168
5181,2003.0,14122.109
5182,2480.0,14022.652
5183,2380.0,23335.61
5184,2548.0,14050.539
5185,3017.0,25365.732
5186,3924.0000000000005,25932.062
5187,4652.0,29496.117
5188,6001.0,31349.455
5189,5785.000000000001,35405.88
5190,6949.999999999999,40630.312
5191,8988.0,32659.012
5192,10123.0,36556.137
5193,10989.0,39276.594
5194,11763.000000000002,39304.207
5195,12796.0,43006.586
5196,12151.0,42875.08
5197,12473.0,44637.48
5198,10565.0,41778.523
5199,12606.0,40375.906
5200,10399.0,45617.492
5201,7424.0,43655.6
5202,10688.0,37501.754
5203,6580.999999999999,32496.955
5204,5849.999999999999,29181.104
5205,3432.0,29745.77
5206,4204.0,34138.297
5207,3749.0,24036.053
5208,0.0,16098.172
5209,0.0,16051.418
5210,0.0,13872.053
5211,0.0,8702.604
5212,0.0,9932.203
5213,0.0,7233.0615
5214,0.0,10512.305
5215,0.0,2919.8633
5216,0.0,-86.91724
5217,0.0,-3038.8315
5218,0.0,6429.7563
5219,0.0,-1784.1709
5220,0.0,-3045.029
5221,0.0,-8194.981
5222,0.0,-3385.3438
5223,0.0,2375.8833
5224,0.0,-4921.5083
5225,0.0,-7664.017
5226,0.0,-8102.1987
5227,0.0,-4580.7637
5228,0.0,-2378.3582
5229,0.0,5456.483
5230,0.0,5006.2383
5231,0.0,8094.524
5232,624.0,11395.203
5233,1011.0,5883.7734
5234,1608.0,10748.01
5235,1884.0,16082.726
5236,2003.0,14040.853
5237,2480.0,17481.72
5238,2380.0,17007.66
5239,2548.0,26066.113
5240,3017.0,16827.375
5241,3924.0000000000005,27895.299
5242,4652.0,29149.383
5243,6001.0,32054.824
5244,5785.000000000001,33744.184
5245,6949.999999999999,37553.37
5246,8988.0,42568.574
5247,10123.0,34953.914
5248,10989.0,38123.51
5249,11763.000000000002,41005.453
5250,12796.0,40282.793
5251,12151.0,43965.938
5252,12473.0,43137.2
5253,10565.0,44680.406
5254,12606.0,41600.21
5255,10399.0,39597.88
5256,7424.0,45024.344
5257,10688.0,42166.496
5258,6580.999999999999,35861.68
5259,5849.999999999999,31222.035
5260,3432.0,26943.164
5261,4204.0,27368.832
5262,3749.0,31640.203
5263,2473.0,21702.47
5264,0.0,13466.669
5265,0.0,13474.379
5266,0.0,11488.447
5267,0.0,6049.5366
5268,0.0,7546.3154
5269,0.0,4880.9404
5270,0.0,8703.023
5271,0.0,1215.5679
5272,0.0,-1228.5927
5273,0.0,-4248.2886
5274,0.0,4905.146
5275,0.0,-2769.3203
5276,0.0,-3323.0337
5277,0.0,-8361.641
5278,0.0,-3069.6875
5279,0.0,2292.9258
5280,0.0,-4790.717
5281,0.0,-6423.6685
5282,0.0,-7012.5215
5283,0.0,-3043.4397
5284,0.0,-1125.9185
5285,0.0,6424.5327
5286,0.0,6762.6953
5287,624.0,10140.939
5288,1011.0,13683.496
5289,1608.0,8589.66
5290,1884.0,12853.138
5291,2003.0,18499.36
5292,2480.0,17154.588
5293,2380.0,20166.23
5294,2548.0,19936.266
5295,3017.0,29205.406
5296,3924.0000000000005,19190.977
5297,4652.0,30427.656
5298,6001.0,31764.496
5299,5785.000000000001,34171.227
5300,6949.999999999999,35611.203
5301,8988.0,39349.387
5302,10123.0,44304.504
5303,10989.0,35653.51
5304,11763.000000000002,38688.336
5305,12796.0,41935.816
5306,12151.0,40540.79
5307,12473.0,43867.64
5308,10565.0,43016.85
5309,12606.0,44246.223
5310,10399.0,40594.367
5311,7424.0,38185.477
5312,10688.0,43584.805
5313,6580.999999999999,40473.133
5314,5849.999999999999,33664.656
5315,3432.0,28783.53
5316,4204.0,24526.508
5317,3749.0,24947.562
5318,2473.0,29090.174
5319,1881.0,18860.387
5320,0.0,10814.486
5321,0.0,11108.197
5322,0.0,9130.599
5323,0.0,3730.712
5324,0.0,5109.7695
5325,0.0,2930.3682
5326,0.0,6779.849
5327,0.0,-315.8286
5328,0.0,-2568.2886
5329,0.0,-5365.022
5330,0.0,3928.081
5331,0.0,-3276.2876
5332,0.0,-4006.5115
5333,0.0,-8349.639
5334,0.0,-3207.6868
5335,0.0,2296.6465
5336,0.0,-4434.3525
5337,0.0,-5654.2188
5338,0.0,-6039.753
5339,0.0,-2280.4778
5340,0.0,112.194824
5341,0.0,7893.0835
5342,624.0,8593.016
5343,1011.0,11860.025
5344,1608.0,15489.292
5345,1884.0,10246.86
5346,2003.0,14541.504
5347,2480.0,20892.965
5348,2380.0,19365.258
5349,2548.0,22349.707
5350,3017.0,22057.668
5351,3924.0000000000005,31235.05
5352,4652.0,21220.809
5353,6001.0,32176.89
5354,5785.000000000001,33345.805
5355,6949.999999999999,35820.03
5356,8988.0,36992.156
5357,10123.0,40791.24
5358,10989.0,45166.418
5359,11763.000000000002,36425.832
5360,12796.0,39440.47
5361,12151.0,42234.555
5362,12473.0,41020.074
5363,10565.0,43999.113
5364,12606.0,42647.5
5365,10399.0,43616.066
5366,7424.0,39356.035
5367,10688.0,36912.17
5368,6580.999999999999,42357.645
5369,5849.999999999999,38632.984
5370,3432.0,31776.188
5371,4204.0,26530.715
5372,3749.0,21976.014
5373,2473.0,22236.111
5374,1881.0,26438.04
5375,1746.0,16277.034
5376,0.0,8430.307
5377,0.0,9103.061
5378,0.0,7383.8223
5379,0.0,1579.749
5380,0.0,2686.4382
5381,0.0,1724.6895
5382,0.0,5324.006
5383,0.0,-1651.7998
5384,0.0,-4262.4233
5385,0.0,-6550.1157
5386,0.0,2850.5828
5387,0.0,-4381.1045
5388,0.0,-4580.917
5389,0.0,-9034.413
5390,0.0,-3374.7864
5391,0.0,2260.8267
5392,0.0,-3462.4883
5393,0.0,-4346.174
5394,0.0,-5067.062
5395,0.0,-899.6764
5396,0.0,2123.977
5397,624.0,9671.662
5398,1011.0,10491.225
5399,1608.0,14228.733
5400,1884.0,17973.824
5401,2003.0,13139.176
5402,2480.0,17081.646
5403,2380.0,23569.754
5404,2548.0,21945.852
5405,3017.0,24925.594
5406,3924.0000000000005,25252.229
5407,4652.0,33687.824
5408,6001.0,23850.75
5409,5785.000000000001,34992.773
5410,6949.999999999999,35301.89
5411,8988.0,38078.82
5412,10123.0,38851.727
5413,10989.0,42129.13
5414,11763.000000000002,46294.414
5415,12796.0,37514.777
5416,12151.0,40047.62
5417,12473.0,42726.883
5418,10565.0,41267.656
5419,12606.0,44153.703
5420,10399.0,42158.992
5421,7424.0,42576.11
5422,10688.0,38650.68
5423,6580.999999999999,35509.195
5424,5849.999999999999,40996.566
5425,3432.0,37337.105
5426,4204.0,30016.84
5427,3749.0,24753.514
5428,2473.0,20248.56
5429,1881.0,20694.676
5430,1746.0,24094.557
5431,1328.0,14033.238
5432,0.0,5917.7603
5433,0.0,6945.5234
5434,0.0,4945.2207
5435,0.0,-581.8364
5436,0.0,349.09973
5437,0.0,415.95605
5438,0.0,3674.794
5439,0.0,-2890.6948
5440,0.0,-5439.0234
5441,0.0,-7661.6714
5442,0.0,2057.2883
5443,0.0,-4780.7153
5444,0.0,-4408.002
5445,0.0,-9101.407
5446,0.0,-3040.2065
5447,0.0,2696.7473
5448,0.0,-2893.1587
5449,0.0,-2921.1865
5450,0.0,-3421.1277
5451,0.0,747.2073
5452,624.0,4230.0903
5453,1011.0,11867.667
5454,1608.0,12644.762
5455,1884.0,16656.617
5456,2003.0,20646.836
5457,2480.0,15951.846
5458,2380.0,20018.81
5459,2548.0,27061.348
5460,3017.0,25030.85
5461,3924.0000000000005,27737.135
5462,4652.0,28352.068
5463,6001.0,36765.957
5464,5785.000000000001,26656.363
5465,6949.999999999999,37609.195
5466,8988.0,37826.125
5467,10123.0,40609.12
5468,10989.0,41065.87
5469,11763.000000000002,43761.95
5470,12796.0,47867.2
5471,12151.0,38481.086
5472,12473.0,41095.02
5473,10565.0,43360.305
5474,12606.0,41439.305
5475,10399.0,44063.273
5476,7424.0,41580.598
5477,10688.0,42041.46
5478,6580.999999999999,37420.47
5479,5849.999999999999,34162.363
5480,3432.0,39283.68
5481,4204.0,35670.79
5482,3749.0,27905.598
5483,2473.0,22018.842
5484,1881.0,17522.844
5485,1746.0,17757.305
5486,1328.0,21165.312
5487,973.9999999999999,11112.6455
5488,0.0,3939.8208
5489,0.0,4792.063
5490,0.0,3138.0098
5491,0.0,-2435.7358
5492,0.0,-1175.8967
5493,0.0,-860.8579
5494,0.0,2507.9453
5495,0.0,-3594.7417
5496,0.0,-6390.3413
5497,0.0,-8158.363
5498,0.0,1768.402
5499,0.0,-4685.195
5500,0.0,-4511.008
5501,0.0,-8170.282
5502,0.0,-2416.3286
5503,0.0,3649.3823
5504,0.0,-1379.4414
5505,0.0,-1831.8494
5506,0.0,-1952.8623
5507,624.0,2663.0574
5508,1011.0,6391.3594
5509,1608.0,14294.319
5510,1884.0,15545.121
5511,2003.0,19353.662
5512,2480.0,23358.055
5513,2380.0,18543.406
5514,2548.0,22595.875
5515,3017.0,29781.795
5516,3924.0000000000005,27376.525
5517,4652.0,30675.166
5518,6001.0,30955.809
5519,5785.000000000001,38998.574
5520,6949.999999999999,28814.28
5521,8988.0,39307.297
5522,10123.0,39902.01
5523,10989.0,41851.31
5524,11763.000000000002,41979.223
5525,12796.0,44424.895
5526,12151.0,48073.332
5527,12473.0,39069.027
5528,10565.0,40931.156
5529,12606.0,43070.855
5530,10399.0,40820.223
5531,7424.0,43321.957
5532,10688.0,40203.633
5533,6580.999999999999,40592.266
5534,5849.999999999999,35682.19
5535,3432.0,32042.02
5536,4204.0,37381.066
5537,3749.0,33081.004
5538,2473.0,25327.244
5539,1881.0,19788.754
5540,1746.0,14669.56
5541,1328.0,14942.449
5542,973.9999999999999,18287.559
5543,0.0,8634.494
5544,0.0,1640.9302
5545,0.0,2094.9336
5546,0.0,1263.3428
5547,0.0,-4139.7803
5548,0.0,-1885.2307
5549,0.0,-2051.787
5550,0.0,1772.005
5551,0.0,-3723.817
5552,0.0,-6499.59
5553,0.0,-8429.471
5554,0.0,2681.0525
5555,0.0,-4112.5566
5556,0.0,-3634.4363
5557,0.0,-7321.08
5558,0.0,-746.6354
5559,0.0,5171.179
5560,0.0,-5.236328
5561,0.0,620.15466
5562,624.0,749.1139
5563,1011.0,5395.005
5564,1608.0,8571.33
5565,1884.0,16567.945
5566,2003.0,17452.662
5567,2480.0,22020.715
5568,2380.0,26737.957
5569,2548.0,21416.268
5570,3017.0,25267.516
5571,3924.0000000000005,32395.346
5572,4652.0,31038.943
5573,6001.0,33694.664
5574,5785.000000000001,32919.52
5575,6949.999999999999,41226.05
5576,8988.0,30124.355
5577,10123.0,39626.15
5578,10989.0,41315.52
5579,11763.000000000002,43584.105
5580,12796.0,42695.816
5581,12151.0,45446.86
5582,12473.0,47794.43
5583,10565.0,38019.402
5584,12606.0,40152.973
5585,10399.0,42921.2
5586,7424.0,38860.492
5587,10688.0,41126.633
5588,6580.999999999999,38898.766
5589,5849.999999999999,37456.773
5590,3432.0,33268.242
5591,4204.0,28780.207
5592,3749.0,33406.41
5593,2473.0,29395.625
5594,1881.0,21665.164
5595,1746.0,16506.88
5596,1328.0,10551.033
5597,973.9999999999999,10337.735
5598,0.0,15279.664
5599,0.0,5093.0923
5600,0.0,-857.8667
5601,0.0,1037.6624
5602,0.0,46.366943
5603,0.0,-4485.9395
5604,0.0,-1889.4423
5605,0.0,-1682.0427
5606,0.0,1630.737
5607,0.0,-2884.768
5608,0.0,-5381.6177
5609,0.0,-7896.1787
5610,0.0,3826.3796
5611,0.0,-2933.3237
5612,0.0,-1976.536
5613,0.0,-6012.835
5614,0.0,-98.58032
5615,0.0,5953.8516
5616,0.0,841.145
5617,624.0,2861.6987
5618,1011.0,3644.5312
5619,1608.0,6978.9272
5620,1884.0,10227.873
5621,2003.0,18338.25
5622,2480.0,19968.625
5623,2380.0,23509.836
5624,2548.0,28023.334
5625,3017.0,22626.324
5626,3924.0000000000005,26633.672
5627,4652.0,34867.473
5628,6001.0,32810.984
5629,5785.000000000001,35053.363
5630,6949.999999999999,33830.34
5631,8988.0,42382.12
5632,10123.0,30620.785
5633,10989.0,39989.195
5634,11763.000000000002,41752.105
5635,12796.0,43592.55
5636,12151.0,42512.574
5637,12473.0,44328.625
5638,10565.0,45732.18
5639,12606.0,37100.973
5640,10399.0,38835.55
5641,7424.0,41187.062
5642,10688.0,36625.637
5643,6580.999999999999,38853.277
5644,5849.999999999999,36607.383
5645,3432.0,35114.105
5646,4204.0,30331.402
5647,3749.0,26376.562
5648,2473.0,30143.354
5649,1881.0,25956.406
5650,1746.0,18617.17
5651,1328.0,13106.933
5652,973.9999999999999,7881.3867
5653,0.0,7278.9385
5654,0.0,12157.127
5655,0.0,3288.5461
5656,0.0,-2860.9666
5657,0.0,-812.15796
5658,0.0,-481.312
5659,0.0,-5547.116
5660,0.0,-2779.7651
5661,0.0,-2504.3943
5662,0.0,1044.6232
5663,0.0,-2911.9456
5664,0.0,-5907.9595
5665,0.0,-7870.7393
5666,0.0,3748.1313
5667,0.0,-3041.0654
5668,0.0,-1317.6349
5669,0.0,-4425.3096
5670,0.0,994.7149
5671,0.0,7785.1885
5672,624.0,4264.739
5673,1011.0,5550.522
5674,1608.0,4826.622
5675,1884.0,9306.148
5676,2003.0,13239.135
5677,2480.0,20997.885
5678,2380.0,22881.174
5679,2548.0,25544.273
5680,3017.0,31682.332
5681,3924.0000000000005,25336.205
5682,4652.0,28802.326
5683,6001.0,37286.71
5684,5785.000000000001,35089.387
5685,6949.999999999999,37185.105
5686,8988.0,35471.36
5687,10123.0,43888.668
5688,10989.0,32048.426
5689,11763.000000000002,40988.938
5690,12796.0,41501.906
5691,12151.0,43628.61
5692,12473.0,42195.33
5693,10565.0,44298.06
5694,12606.0,44302.06
5695,10399.0,36333.383
5696,7424.0,37158.492
5697,10688.0,39769.824
5698,6580.999999999999,35185.766
5699,5849.999999999999,37089.508
5700,3432.0,34571.496
5701,4204.0,31493.316
5702,3749.0,28157.14
5703,2473.0,23136.164
5704,1881.0,26649.291
5705,1746.0,23777.033
5706,1328.0,16071.612
5707,973.9999999999999,10675.843
5708,0.0,4728.142
5709,0.0,5232.1504
5710,0.0,9730.722
5711,0.0,1180.1053
5712,0.0,-3787.2766
5713,0.0,-1203.1956
5714,0.0,-758.5762
5715,0.0,-6030.296
5716,0.0,-3712.7964
5717,0.0,-1580.8252
5718,0.0,837.9767
5719,0.0,-2517.669
5720,0.0,-5092.0107
5721,0.0,-7170.748
5722,0.0,4247.6943
5723,0.0,-1663.7048
5724,0.0,706.9369
5725,0.0,-3601.4814
5726,0.0,2350.1577
5727,624.0,8572.369
5728,1011.0,4844.6396
5729,1608.0,7729.053
5730,1884.0,7380.053
5731,2003.0,10695.371
5732,2480.0,15265.109
5733,2380.0,22937.729
5734,2548.0,24850.355
5735,3017.0,27616.531
5736,3924.0000000000005,33496.766
5737,4652.0,27899.596
5738,6001.0,30886.568
5739,5785.000000000001,39586.39
5740,6949.999999999999,37159.42
5741,8988.0,37850.5
5742,10123.0,37255.35
5743,10989.0,44947.797
5744,11763.000000000002,33119.348
5745,12796.0,41554.32
5746,12151.0,41621.266
5747,12473.0,43786.56
5748,10565.0,42036.203
5749,12606.0,43263.46
5750,10399.0,43723.125
5751,7424.0,34988.65
5752,10688.0,36262.53
5753,6580.999999999999,38725.004
5754,5849.999999999999,32840.254
5755,3432.0,35129.94
5756,4204.0,31657.771
5757,3749.0,29487.633
5758,2473.0,26422.922
5759,1881.0,20815.645
5760,1746.0,23600.803
5761,1328.0,20928.344
5762,973.9999999999999,14360.117
5763,0.0,8007.2305
5764,0.0,2843.6328
5765,0.0,3007.1548
5766,0.0,8226.505
5767,0.0,-492.62292
5768,0.0,-3350.7312
5769,0.0,-1214.1638
5770,0.0,-780.78
5771,0.0,-5690.6104
5772,0.0,-3263.8447
5773,0.0,-1531.9983
5774,0.0,765.8021
5775,0.0,-1174.0078
5776,0.0,-4426.8896
5777,0.0,-5824.7974
5778,0.0,5021.783
5779,0.0,61.149902
5780,0.0,1646.034
5781,0.0,-339.07935
5782,624.0,4628.208
5783,1011.0,10797.02
5784,1608.0,7886.6543
5785,1884.0,9243.605
5786,2003.0,9494.466
5787,2480.0,13717.237
5788,2380.0,17344.309
5789,2548.0,26091.15
5790,3017.0,27535.555
5791,3924.0000000000005,30329.979
5792,4652.0,35550.848
5793,6001.0,28664.418
5794,5785.000000000001,32680.074
5795,6949.999999999999,40672.574
5796,8988.0,37471.51
5797,10123.0,38150.098
5798,10989.0,37586.812
5799,11763.000000000002,43360.336
5800,12796.0,32238.277
5801,12151.0,40147.047
5802,12473.0,40272.41
5803,10565.0,39955.98
5804,12606.0,39155.133
5805,10399.0,40000.45
5806,7424.0,40766.918
5807,10688.0,31887.248
5808,6580.999999999999,33201.438
5809,5849.999999999999,35091.47
5810,3432.0,29099.9
5811,4204.0,31202.46
5812,3749.0,28532.094
5813,2473.0,26140.82
5814,1881.0,22795.895
5815,1746.0,17111.791
5816,1328.0,20745.68
5817,973.9999999999999,17502.371
5818,0.0,11561.336
5819,0.0,5952.0493
5820,0.0,689.2706
5821,0.0,1389.8483
5822,0.0,6837.666
5823,0.0,-1870.159
5824,0.0,-4421.1807
5825,0.0,-2272.9468
5826,0.0,-1365.6858
5827,0.0,-6100.412
5828,0.0,-2903.0435
5829,0.0,-1888.6104
5830,0.0,913.89233
5831,0.0,-637.99286
5832,0.0,-3264.1594
5833,0.0,-5031.3916
5834,0.0,6420.5786
5835,0.0,1404.1619
5836,0.0,3049.8193
5837,624.0,1326.2607
5838,1011.0,6789.767
5839,1608.0,13137.875
5840,1884.0,10246.145
5841,2003.0,11481.556
5842,2480.0,12143.741
5843,2380.0,16627.064
5844,2548.0,19264.523
5845,3017.0,28034.053
5846,3924.0000000000005,29165.365
5847,4652.0,32171.133
5848,6001.0,38064.04
5849,5785.000000000001,30781.922
5850,6949.999999999999,34501.68
5851,8988.0,42093.88
5852,10123.0,38980.67
5853,10989.0,39146.805
5854,11763.000000000002,37697.41
5855,12796.0,43726.977
5856,12151.0,31383.53
5857,12473.0,38527.086
5858,10565.0,39659.08
5859,12606.0,39044.066
5860,10399.0,37799.6
5861,7424.0,39062.055
5862,10688.0,38764.367
5863,6580.999999999999,29604.648
5864,5849.999999999999,30711.066
5865,3432.0,33049.11
5866,4204.0,26314.092
5867,3749.0,28721.932
5868,2473.0,26362.348
5869,1881.0,22588.094
5870,1746.0,20298.473
5871,1328.0,14079.654
5872,973.9999999999999,17374.62
5873,0.0,14873.008
5874,0.0,8637.011
5875,0.0,4053.6555
5876,0.0,-1826.4628
5877,0.0,-1210.6757
5878,0.0,5103.334
5879,0.0,-3400.304
5880,0.0,-5567.4
5881,0.0,-2827.669
5882,0.0,-1821.1399
5883,0.0,-5921.4307
5884,0.0,-2740.7024
5885,0.0,-1570.678
5886,0.0,1167.335
5887,0.0,330.573
5888,0.0,-2174.851
5889,0.0,-3741.556
5890,0.0,7461.7417
5891,0.0,2749.7175
5892,624.0,4469.455
5893,1011.0,2740.315
5894,1608.0,7963.113
5895,1884.0,14425.069
5896,2003.0,11632.558
5897,2480.0,13643.991
5898,2380.0,14876.504
5899,2548.0,18883.969
5900,3017.0,20962.95
5901,3924.0000000000005,29740.8
5902,4652.0,31211.965
5903,6001.0,33829.46
5904,5785.000000000001,39389.668
5905,6949.999999999999,32206.29
5906,8988.0,35610.617
5907,10123.0,43513.207
5908,10989.0,39936.297
5909,11763.000000000002,39332.633
5910,12796.0,37777.746
5911,12151.0,43696.465
5912,12473.0,30831.016
5913,10565.0,37868.336
5914,12606.0,38980.867
5915,10399.0,37496.457
5916,7424.0,35799.004
5917,10688.0,36806.652
5918,6580.999999999999,36495.777
5919,5849.999999999999,27529.55
5920,3432.0,28346.48
5921,4204.0,30806.879
5922,3749.0,23657.812
5923,2473.0,25946.934
5924,1881.0,23887.744
5925,1746.0,20331.705
5926,1328.0,17500.043
5927,973.9999999999999,11975.253
5928,0.0,15026.533
5929,0.0,12223.174
5930,0.0,6365.073
5931,0.0,1814.3438
5932,0.0,-3176.0066
5933,0.0,-2752.4233
5934,0.0,3084.8132
5935,0.0,-4249.1846
5936,0.0,-6441.898
5937,0.0,-3649.0928
5938,0.0,-1588.5596
5939,0.0,-6168.657
5940,0.0,-2723.4158
5941,0.0,-1442.7511
5942,0.0,1248.0577
5943,0.0,1230.0574
5944,0.0,-1478.7961
5945,0.0,-2634.2498
5946,0.0,8822.854
5947,624.0,4201.5654
5948,1011.0,5921.663
5949,1608.0,4830.2783
5950,1884.0,9983.647
5951,2003.0,17351.56
5952,2480.0,15636.464
5953,2380.0,16803.113
5954,2548.0,17361.543
5955,3017.0,21830.643
5956,3924.0000000000005,23970.537
5957,4652.0,32831.19
5958,6001.0,34035.496
5959,5785.000000000001,36286.008
5960,6949.999999999999,42303.117
5961,8988.0,34472.7
5962,10123.0,37693.24
5963,10989.0,45237.434
5964,11763.000000000002,41221.88
5965,12796.0,40359.344
5966,12151.0,38418.543
5967,12473.0,44096.16
5968,10565.0,31119.072
5969,12606.0,37743.004
5970,10399.0,37748.543
5971,7424.0,36576.78
5972,10688.0,34224.777
5973,6580.999999999999,35231.258
5974,5849.999999999999,34135.453
5975,3432.0,25448.258
5976,4204.0,25682.264
5977,3749.0,28246.418
5978,2473.0,21686.875
5979,1881.0,23840.713
5980,1746.0,21423.766
5981,1328.0,17278.404
5982,973.9999999999999,15184.328
5983,0.0,9466.0
5984,0.0,12225.578
5985,0.0,10437.056
5986,0.0,4621.627
5987,0.0,125.94519
5988,0.0,-5151.073
5989,0.0,-3958.3862
5990,0.0,1606.679
5991,0.0,-5149.625
5992,0.0,-6902.2393
5993,0.0,-3595.1895
5994,0.0,-1132.708
5995,0.0,-5966.422
5996,0.0,-3018.5151
5997,0.0,-326.95044
5998,0.0,1890.2789
5999,0.0,2053.732
6000,0.0,-417.81238
6001,0.0,-1250.4497
6002,624.0,9921.161
6003,1011.0,5860.9404
6004,1608.0,8135.5273
6005,1884.0,6462.4316
6006,2003.0,12138.122
6007,2480.0,19164.809
6008,2380.0,17299.836
6009,2548.0,19296.904
6010,3017.0,20093.857
6011,3924.0000000000005,24077.709
6012,4652.0,26207.643
6013,6001.0,35123.418
6014,5785.000000000001,36093.125
6015,6949.999999999999,38574.53
6016,8988.0,44186.6
6017,10123.0,36568.793
6018,10989.0,39393.164
6019,11763.000000000002,46632.61
6020,12796.0,42518.195
6021,12151.0,40521.383
6022,12473.0,38831.586
6023,10565.0,44404.316
6024,12606.0,31070.986
6025,10399.0,37490.67
6026,7424.0,36714.78
6027,10688.0,35648.25
6028,6580.999999999999,33028.496
6029,5849.999999999999,33770.766
6030,3432.0,32724.152
6031,4204.0,23593.795
6032,3749.0,24033.133
6033,2473.0,26471.53
6034,1881.0,19476.668
6035,1746.0,21913.244
6036,1328.0,19062.982
6037,973.9999999999999,15576.608
6038,0.0,13471.48
6039,0.0,7824.3506
6040,0.0,10346.573
6041,0.0,8704.163
6042,0.0,3240.8003
6043,0.0,-1242.6227
6044,0.0,-5870.3457
6045,0.0,-4831.8926
6046,0.0,877.1799
6047,0.0,-5918.124
6048,0.0,-6276.4326
6049,0.0,-3234.145
6050,0.0,-981.7588
6051,0.0,-5077.8105
6052,0.0,-1936.7748
6053,0.0,126.21448
6054,0.0,2305.437
6055,0.0,3669.188
6056,0.0,496.4878
6057,624.0,125.93591
6058,1011.0,11479.25
6059,1608.0,7611.99
6060,1884.0,9204.489
6061,2003.0,9157.499
6062,2480.0,13753.304
6063,2380.0,21286.348
6064,2548.0,19900.562
6065,3017.0,20289.316
6066,3924.0000000000005,21841.62
6067,4652.0,26146.133
6068,6001.0,27628.062
6069,5785.000000000001,37489.723
6070,6949.999999999999,37952.438
6071,8988.0,39857.62
6072,10123.0,44781.164
6073,10989.0,36592.504
6074,11763.000000000002,39921.414
6075,12796.0,46537.344
6076,12151.0,41424.426
6077,12473.0,39468.15
6078,10565.0,37308.145
6079,12606.0,42103.777
6080,10399.0,29168.418
6081,7424.0,34541.09
6082,10688.0,34335.473
6083,6580.999999999999,31216.031
6084,5849.999999999999,29606.387
6085,3432.0,30386.035
6086,4204.0,29202.19
6087,3749.0,20507.533
6088,2473.0,20581.332
6089,1881.0,23107.37
6090,1746.0,16194.145
6091,1328.0,18365.35
6092,973.9999999999999,15988.37
6093,0.0,13260.15
6094,0.0,10501.404
6095,0.0,5685.922
6096,0.0,8571.406
6097,0.0,6565.184
6098,0.0,1664.3566
6099,0.0,-2314.1353
6100,0.0,-6827.8857
6101,0.0,-5413.7397
6102,0.0,468.87427
6103,0.0,-5839.076
6104,0.0,-6338.1543
6105,0.0,-3238.3672
6106,0.0,-704.40137
6107,0.0,-4650.569
6108,0.0,-827.9763
6109,0.0,610.0375
6110,0.0,3103.916
6111,0.0,4823.879
6112,624.0,2151.4414
6113,1011.0,1484.2114
6114,1608.0,13471.915
6115,1884.0,9303.704
6116,2003.0,10863.316
6117,2480.0,11113.084
6118,2380.0,15998.412
6119,2548.0,23750.777
6120,3017.0,22102.828
6121,3924.0000000000005,22143.322
6122,4652.0,24108.68
6123,6001.0,28452.953
6124,5785.000000000001,29153.734
6125,6949.999999999999,38849.965
6126,8988.0,38754.074
6127,10123.0,40824.492
6128,10989.0,45948.438
6129,11763.000000000002,37490.89
6130,12796.0,40410.82
6131,12151.0,46563.844
6132,12473.0,41364.605
6133,10565.0,39021.855
6134,12606.0,36000.34
6135,10399.0,41000.363
6136,7424.0,26937.453
6137,10688.0,31711.242
6138,6580.999999999999,32387.223
6139,5849.999999999999,29005.43
6140,3432.0,27118.445
6141,4204.0,28402.322
6142,3749.0,26549.701
6143,2473.0,17696.701
6144,1881.0,17562.262
6145,1746.0,20688.713
6146,1328.0,13439.872
6147,973.9999999999999,15862.924
6148,0.0,13758.83
6149,0.0,10275.464
6150,0.0,8497.718
6151,0.0,3499.7998
6152,0.0,6169.047
6153,0.0,4826.072
6154,0.0,-230.18665
6155,0.0,-3271.1917
6156,0.0,-8059.997
6157,0.0,-6642.5464
6158,0.0,-175.89369
6159,0.0,-6154.088
6160,0.0,-6621.214
6161,0.0,-3056.0615
6162,0.0,-569.32544
6163,0.0,-4046.9055
6164,0.0,-104.76819
6165,0.0,1330.3258
6166,0.0,3781.355
6167,624.0,6030.385
6168,1011.0,3329.683
6169,1608.0,2860.869
6170,1884.0,14828.727
6171,2003.0,10808.412
6172,2480.0,12263.096
6173,2380.0,12616.2
6174,2548.0,17211.55
6175,3017.0,25102.889
6176,3924.0000000000005,23366.145
6177,4652.0,23765.172
6178,6001.0,26258.732
6179,5785.000000000001,30280.559
6180,6949.999999999999,30399.771
6181,8988.0,40051.082
6182,10123.0,39923.555
6183,10989.0,41678.664
6184,11763.000000000002,46326.01
6185,12796.0,38145.297
6186,12151.0,40737.668
6187,12473.0,46995.81
6188,10565.0,41377.04
6189,12606.0,38424.81
6190,10399.0,35118.22
6191,7424.0,40296.195
6192,10688.0,25708.018
6193,6580.999999999999,30239.549
6194,5849.999999999999,31045.453
6195,3432.0,26978.727
6196,4204.0,24806.154
6197,3749.0,26042.594
6198,2473.0,24282.479
6199,1881.0,15599.398
6200,1746.0,15278.1045
6201,1328.0,18766.578
6202,973.9999999999999,11358.456
6203,0.0,13557.441
6204,0.0,11816.041
6205,0.0,8807.931
6206,0.0,6503.827
6207,0.0,2325.357
6208,0.0,4748.644
6209,0.0,3371.022
6210,0.0,-1383.6882
6211,0.0,-4453.983
6212,0.0,-8422.418
6213,0.0,-7110.506
6214,0.0,-1061.4739
6215,0.0,-6182.861
6216,0.0,-6749.997
6217,0.0,-3142.3857
6218,0.0,216.87036
6219,0.0,-3497.256
6220,0.0,514.0139
6221,0.0,2239.5884
6222,624.0,4379.6616
6223,1011.0,7444.6655
6224,1608.0,4559.8325
6225,1884.0,4347.923
6226,2003.0,16732.182
6227,2480.0,12649.759
6228,2380.0,13965.434
6229,2548.0,14781.539
6230,3017.0,19376.818
6231,3924.0000000000005,27867.152
6232,4652.0,26881.035
6233,6001.0,26575.29
6234,5785.000000000001,28705.068
6235,6949.999999999999,32880.586
6236,8988.0,32837.14
6237,10123.0,42673.152
6238,10989.0,41983.004
6239,11763.000000000002,43565.195
6240,12796.0,48269.863
6241,12151.0,39614.406
6242,12473.0,42015.26
6243,10565.0,47874.75
6244,12606.0,41836.71
6245,10399.0,38525.117
6246,7424.0,34907.023
6247,10688.0,39874.332
6248,6580.999999999999,25160.074
6249,5849.999999999999,29161.824
6250,3432.0,29370.29
6251,4204.0,25338.512
6252,3749.0,22693.916
6253,2473.0,24146.488
6254,1881.0,21804.018
6255,1746.0,13299.332
6256,1328.0,12525.613
6257,973.9999999999999,16250.135
6258,0.0,9417.147
6259,0.0,11626.773
6260,0.0,9679.926
6261,0.0,6441.882
6262,0.0,4652.019
6263,0.0,568.949
6264,0.0,2765.1433
6265,0.0,2181.8442
6266,0.0,-2552.455
6267,0.0,-5319.633
6268,0.0,-9458.378
6269,0.0,-7502.3867
6270,0.0,-1660.8567
6271,0.0,-6287.471
6272,0.0,-6526.749
6273,0.0,-2512.283
6274,0.0,1049.4655
6275,0.0,-2879.8208
6276,0.0,751.3721
6277,624.0,3628.7346
6278,1011.0,5335.878
6279,1608.0,8573.72
6280,1884.0,5775.8394
6281,2003.0,5904.6543
6282,2480.0,18238.646
6283,2380.0,14214.162
6284,2548.0,15931.455
6285,3017.0,16270.559
6286,3924.0000000000005,21359.56
6287,4652.0,29410.305
6288,6001.0,28094.361
6289,5785.000000000001,28209.953
6290,6949.999999999999,30386.45
6291,8988.0,34220.324
6292,10123.0,34044.38
6293,10989.0,43863.992
6294,11763.000000000002,42500.547
6295,12796.0,44362.92
6296,12151.0,48555.434
6297,12473.0,40054.71
6298,10565.0,42040.95
6299,12606.0,47510.88
6300,10399.0,41403.26
6301,7424.0,37379.305
6302,10688.0,33797.434
6303,6580.999999999999,38736.83
6304,5849.999999999999,23470.605
6305,3432.0,27484.008
6306,4204.0,27250.395
6307,3749.0,23568.447
6308,2473.0,20655.371
6309,1881.0,21975.203
6310,1746.0,19884.412
6311,1328.0,11197.762
6312,973.9999999999999,10596.371
6313,0.0,14481.496
6314,0.0,7462.4062
6315,0.0,9933.718
6316,0.0,7727.801
6317,0.0,5083.7383
6318,0.0,3336.2927
6319,0.0,-352.87607
6320,0.0,1725.1997
6321,0.0,1306.963
6322,0.0,-3192.5864
6323,0.0,-6011.6455
6324,0.0,-9332.369
6325,0.0,-7493.8374
6326,0.0,-1683.6672
6327,0.0,-6208.135
6328,0.0,-4365.8975
6329,0.0,-573.57544
6330,0.0,3430.7012
6331,0.0,534.7815
6332,624.0,4587.953
6333,1011.0,6699.6104
6334,1608.0,9626.535
6335,1884.0,12478.284
6336,2003.0,8503.93
6337,2480.0,9389.008
6338,2380.0,21938.512
6339,2548.0,17945.533
6340,3017.0,19918.438
6341,3924.0000000000005,21492.63
6342,4652.0,24002.746
6343,6001.0,33011.97
6344,5785.000000000001,31412.377
6345,6949.999999999999,28260.379
6346,8988.0,31902.367
6347,10123.0,34632.867
6348,10989.0,34593.44
6349,11763.000000000002,44040.85
6350,12796.0,40845.82
6351,12151.0,42267.258
6352,12473.0,46323.83
6353,10565.0,36074.855
6354,12606.0,37639.72
6355,10399.0,43783.145
6356,7424.0,35753.98
6357,10688.0,32139.492
6358,6580.999999999999,27975.926
6359,5849.999999999999,33018.156
6360,3432.0,17790.746
6361,4204.0,21042.004
6362,3749.0,21982.898
6363,2473.0,17696.158
6364,1881.0,17440.723
6365,1746.0,17508.242
6366,1328.0,14660.694
6367,973.9999999999999,7254.752
6368,0.0,9084.668
6369,0.0,11743.447
6370,0.0,4731.2593
6371,0.0,7862.4336
6372,0.0,6641.143
6373,0.0,4697.441
6374,0.0,3269.3547
6375,0.0,287.76825
6376,0.0,2665.841
6377,0.0,2097.3015
6378,0.0,-1878.3818
6379,0.0,-4302.1074
6380,0.0,-7419.297
6381,0.0,-6486.785
6382,0.0,583.1615
6383,0.0,-4580.662
6384,0.0,-1617.5947
6385,0.0,960.511
6386,0.0,4690.4375
6387,624.0,2804.352
6388,1011.0,8888.461
6389,1608.0,8692.834
6390,1884.0,11010.335
6391,2003.0,14733.335
6392,2480.0,11521.473
6393,2380.0,12807.763
6394,2548.0,25259.354
6395,3017.0,20694.156
6396,3924.0000000000005,24673.973
6397,4652.0,24375.533
6398,6001.0,27543.23
6399,5785.000000000001,35684.332
6400,6949.999999999999,32731.453
6401,8988.0,29821.656
6402,10123.0,32750.783
6403,10989.0,35874.926
6404,11763.000000000002,35000.36
6405,12796.0,44372.387
6406,12151.0,39987.26
6407,12473.0,41542.465
6408,10565.0,44902.375
6409,12606.0,34880.72
6410,10399.0,36176.727
6411,7424.0,40852.156
6412,10688.0,34086.066
6413,6580.999999999999,29769.299
6414,5849.999999999999,25641.188
6415,3432.0,29023.334
6416,4204.0,14455.19
6417,3749.0,16919.352
6418,2473.0,18661.11
6419,1881.0,14786.403
6420,1746.0,14578.947
6421,1328.0,14256.313
6422,973.9999999999999,13850.857
6423,0.0,5280.6357
6424,0.0,6952.0864
6425,0.0,10557.233
6426,0.0,2924.953
6427,0.0,5552.0903
6428,0.0,5127.4834
6429,0.0,3326.123
6430,0.0,1797.2834
6431,0.0,-677.8012
6432,0.0,2634.6785
6433,0.0,2667.327
6434,0.0,-2212.366
6435,0.0,-3559.0544
6436,0.0,-5983.183
6437,0.0,-6402.931
6438,0.0,2413.225
6439,0.0,-1461.103
6440,0.0,-1172.1239
6441,0.0,1155.6715
6442,624.0,5801.753
6443,1011.0,4880.3076
6444,1608.0,10087.36
6445,1884.0,10741.874
6446,2003.0,13224.149
6447,2480.0,17024.332
6448,2380.0,13820.187
6449,2548.0,15208.508
6450,3017.0,27036.04
6451,3924.0000000000005,23618.77
6452,4652.0,26360.502
6453,6001.0,25782.416
6454,5785.000000000001,29187.746
6455,6949.999999999999,36976.668
6456,8988.0,33750.11
6457,10123.0,31513.191
6458,10989.0,34427.395
6459,11763.000000000002,35288.465
6460,12796.0,34340.984
6461,12151.0,42000.31
6462,12473.0,40192.6
6463,10565.0,39495.977
6464,12606.0,44371.344
6465,10399.0,33622.17
6466,7424.0,34209.957
6467,10688.0,38900.594
6468,6580.999999999999,32316.598
6469,5849.999999999999,28360.47
6470,3432.0,24306.004
6471,4204.0,27570.807
6472,3749.0,11861.018
6473,2473.0,16101.498
6474,1881.0,18115.066
6475,1746.0,13009.975
6476,1328.0,13810.446
6477,973.9999999999999,13460.9795
6478,0.0,12467.25
6479,0.0,4972.175
6480,0.0,4748.6216
6481,0.0,9252.449
6482,0.0,2385.2556
6483,0.0,5007.703
6484,0.0,4222.3047
6485,0.0,2104.4497
6486,0.0,395.70135
6487,0.0,-209.42976
6488,0.0,2453.3853
6489,0.0,2161.361
6490,0.0,-2046.9666
6491,0.0,-4186.7334
6492,0.0,-6179.292
6493,0.0,-5710.0166
6494,0.0,3985.5618
6495,400.0,-601.4389
6496,0.0,-537.3855
6497,624.0,3467.625
6498,1011.0,7726.8926
6499,1608.0,7087.7095
6500,1884.0,12305.271
6501,2003.0,12967.912
6502,2480.0,16072.9375
6503,2380.0,17878.695
6504,2548.0,17549.395
6505,3017.0,18671.719
6506,3924.0000000000005,29161.574
6507,4652.0,26874.346
6508,6001.0,29742.34
6509,5785.000000000001,28704.91
6510,6949.999999999999,31054.25
6511,8988.0,39186.0
6512,10123.0,36832.25
6513,10989.0,33305.766
6514,11763.000000000002,34699.48
6515,12796.0,35343.395
6516,12151.0,34946.39
6517,12473.0,41527.766
6518,10565.0,42269.344
6519,12606.0,38518.242
6520,10399.0,43795.133
6521,7424.0,33181.81
6522,10688.0,33205.09
6523,6580.999999999999,38110.258
6524,5849.999999999999,30248.512
6525,3432.0,27691.059
6526,4204.0,23150.312
6527,3749.0,27464.756
6528,2473.0,12301.104
6529,1881.0,16472.379
6530,1746.0,17155.756
6531,1328.0,11121.077
6532,973.9999999999999,11984.571
6533,0.0,12470.65
6534,0.0,11196.32
6535,0.0,4684.508
6536,0.0,3606.498
6537,0.0,6487.3413
6538,0.0,2574.1807
6539,0.0,6314.122
6540,0.0,3431.712
6541,0.0,1829.3419
6542,0.0,-214.77719
6543,0.0,-936.8367
6544,0.0,2354.8147
6545,0.0,2948.3215
6546,0.0,-1775.1415
6547,0.0,-3677.6223
6548,0.0,-4843.6626
6549,0.0,-2893.9868
6550,400.0,4556.439
6551,582.0,1299.8738
6552,624.0,233.00488
6553,1011.0,5604.009
6554,1608.0,9928.8125
6555,1884.0,8452.037
6556,2003.0,13215.206
6557,2480.0,15238.066
6558,2380.0,18695.395
6559,2548.0,20498.283
6560,3017.0,19276.799
6561,3924.0000000000005,21652.312
6562,4652.0,30871.893
6563,6001.0,28578.605
6564,5785.000000000001,30528.441
6565,6949.999999999999,30480.357
6566,8988.0,32704.701
6567,10123.0,39681.816
6568,10989.0,36582.945
6569,11763.000000000002,34543.797
6570,12796.0,31901.111
6571,12151.0,35268.914
6572,12473.0,34798.453
6573,10565.0,41678.875
6574,12606.0,41268.25
6575,10399.0,37026.508
6576,7424.0,42479.047
6577,10688.0,31010.873
6578,6580.999999999999,31392.85
6579,5849.999999999999,35037.918
6580,3432.0,28506.328
6581,4204.0,25501.43
6582,3749.0,22072.209
6583,2473.0,25040.375
6584,1881.0,10239.549
6585,1746.0,15743.484
6586,1328.0,14588.922
6587,973.9999999999999,10875.332
6588,0.0,11935.587
6589,0.0,11276.779
6590,0.0,11442.252
6591,0.0,2616.2412
6592,0.0,3015.4329
6593,0.0,5436.102
6594,0.0,2444.1565
6595,0.0,4897.709
6596,0.0,1856.6858
6597,0.0,1139.7739
6598,0.0,-1643.3689
6599,0.0,-2602.8513
6600,0.0,1653.7964
6601,0.0,3145.7083
6602,0.0,-1015.3635
6603,0.0,-3245.3086
6604,0.0,-5390.6504
6605,400.0,-1502.8185
6606,582.0,5716.8364
6607,840.9999999999999,1560.0297
6608,1011.0,2771.0269
6609,1608.0,7791.8223
6610,1884.0,11243.609
6611,2003.0,11161.234
6612,2480.0,15611.655
6613,2380.0,18486.246
6614,2548.0,21662.36
6615,3017.0,23379.314
6616,3924.0000000000005,22128.738
6617,4652.0,24366.18
6618,6001.0,34151.805
6619,5785.000000000001,31634.443
6620,6949.999999999999,33426.777
6621,8988.0,33233.793
6622,10123.0,33907.668
6623,10989.0,40953.24
6624,11763.000000000002,36433.46
6625,12796.0,34347.992
6626,12151.0,34022.484
6627,12473.0,35049.97
6628,10565.0,34052.504
6629,12606.0,41237.516
6630,10399.0,39653.688
6631,7424.0,36145.152
6632,10688.0,39788.273
6633,6580.999999999999,29066.988
6634,5849.999999999999,28921.898
6635,3432.0,33274.086
6636,4204.0,25371.17
6637,3749.0,22526.86
6638,2473.0,19738.479
6639,1881.0,22168.543
6640,1746.0,6843.9062
6641,1328.0,12588.74
6642,973.9999999999999,12437.227
6643,0.0,8728.762
6644,0.0,9885.224
6645,0.0,7933.7266
6646,0.0,8917.7
6647,0.0,873.69336
6648,0.0,2884.3965
6649,0.0,4020.0393
6650,0.0,415.19904
6651,0.0,3314.337
6652,0.0,1299.7168
6653,0.0,1997.4105
6654,0.0,-2421.092
6655,0.0,-1292.5837
6656,0.0,2852.7502
6657,0.0,2540.5513
6658,0.0,72.07001
6659,0.0,-2426.8008
6660,400.0,-3062.491
6661,582.0,-299.89
6662,840.9999999999999,7483.9326
6663,1230.0,3889.46
6664,1608.0,4445.18
6665,1884.0,8708.289
6666,2003.0,13014.013
6667,2480.0,13711.038
6668,2380.0,19274.455
6669,2548.0,19857.578
6670,3017.0,24224.77
6671,3924.0000000000005,26066.84
6672,4652.0,24379.496
6673,6001.0,26646.2
6674,5785.000000000001,36397.54
6675,6949.999999999999,32168.738
6676,8988.0,35118.75
6677,10123.0,34582.26
6678,10989.0,35475.53
6679,11763.000000000002,42446.234
6680,12796.0,37592.31
6681,12151.0,34482.12
6682,12473.0,33330.086
6683,10565.0,35453.074
6684,12606.0,33697.703
6685,10399.0,40139.668
6686,7424.0,38261.203
6687,10688.0,34615.547
6688,6580.999999999999,39315.52
6689,5849.999999999999,26851.95
6690,3432.0,26539.266
6691,4204.0,30517.219
6692,3749.0,23514.434
6693,2473.0,21138.986
6694,1881.0,16809.12
6695,1746.0,19436.064
6696,1328.0,4052.9976
6697,973.9999999999999,10541.265
6698,0.0,10196.65
6699,0.0,6439.445
6700,0.0,7679.161
6701,0.0,5699.5723
6702,0.0,7322.659
6703,0.0,-856.24646
6704,0.0,582.80835
6705,0.0,2350.3347
6706,0.0,-1193.726
6707,0.0,1148.592
6708,0.0,1201.9479
6709,0.0,569.0226
6710,0.0,-3158.8389
6711,0.0,-2141.4458
6712,0.0,3151.8254
6713,0.0,3073.9668
6714,0.0,-42.756943
6715,400.0,-1512.9565
6716,582.0,-2448.31
6717,840.9999999999999,97.24072
6718,1230.0,8571.064
6719,1517.0,5791.9795
6720,1884.0,5032.9507
6721,2003.0,9595.163
6722,2480.0,14559.746
6723,2380.0,15464.576
6724,2548.0,20969.791
6725,3017.0,21618.125
6726,3924.0000000000005,26973.895
6727,4652.0,27158.566
6728,6001.0,26374.926
6729,5785.000000000001,28137.363
6730,6949.999999999999,37389.11
6731,8988.0,33844.68
6732,10123.0,35458.86
6733,10989.0,33269.72
6734,11763.000000000002,35052.46
6735,12796.0,41981.49
6736,12151.0,36633.938
6737,12473.0,34326.797
6738,10565.0,32623.838
6739,12606.0,33890.0
6740,10399.0,30907.719
6741,7424.0,36504.26
6742,10688.0,36580.125
6743,6580.999999999999,31726.775
6744,5849.999999999999,37553.867
6745,3432.0,25447.775
6746,4204.0,24049.186
6747,3749.0,27985.568
6748,2473.0,21611.785
6749,1881.0,19124.719
6750,1746.0,14633.721
6751,1328.0,19028.393
6752,973.9999999999999,1892.0659
6753,0.0,8987.531
6754,0.0,7964.259
6755,0.0,6391.618
6756,0.0,6211.45
6757,0.0,5369.397
6758,0.0,5371.7563
6759,0.0,-1772.7695
6760,0.0,-1608.7478
6761,0.0,1433.7804
6762,0.0,-1817.134
6763,0.0,6.7712517
6764,0.0,-480.59955
6765,0.0,296.39932
6766,0.0,-3027.3977
6767,0.0,-1921.5695
6768,0.0,2924.9116
6769,0.0,3765.4634
6770,400.0,265.96872
6771,582.0,-1497.9202
6772,840.9999999999999,-2653.3506
6773,1230.0,1118.9922
6774,1517.0,8951.283
6775,2280.0,6796.8574
6776,2003.0,7677.203
6777,2480.0,12828.3125
6778,2380.0,17674.844
6779,2548.0,18138.0
6780,3017.0,23658.467
6781,3924.0000000000005,24641.852
6782,4652.0,30214.424
6783,6001.0,29726.186
6784,5785.000000000001,29507.406
6785,6949.999999999999,30481.828
6786,8988.0,39474.11
6787,10123.0,35446.668
6788,10989.0,37249.484
6789,11763.000000000002,34990.664
6790,12796.0,35488.742
6791,12151.0,43095.113
6792,12473.0,37751.375
6793,10565.0,35181.67
6794,12606.0,33084.848
6795,10399.0,33552.496
6796,7424.0,30903.926
6797,10688.0,36535.355
6798,6580.999999999999,37148.65
6799,5849.999999999999,31134.727
6800,3432.0,35969.516
6801,4204.0,24610.035
6802,3749.0,23180.14
6803,2473.0,27097.203
6804,1881.0,20070.904
6805,1746.0,18161.863
6806,1328.0,13039.777
6807,973.9999999999999,17914.656
6808,0.0,1791.0352
6809,0.0,8675.527
6810,0.0,6220.082
6811,0.0,4362.9385
6812,0.0,4023.7114
6813,0.0,3745.0676
6814,0.0,3757.702
6815,0.0,-2898.413
6816,0.0,-3012.77
6817,0.0,-980.40356
6818,0.0,-1459.384
6819,0.0,-364.546
6820,0.0,-1423.1632
6821,0.0,319.7764
6822,0.0,-2800.3179
6823,0.0,-1316.8038
6824,0.0,3273.427
6825,400.0,4280.6924
6826,582.0,2078.3801
6827,840.9999999999999,-437.7063
6828,1230.0,-282.9165
6829,1517.0,4193.159
6830,2280.0,11386.578
6831,2352.0,8878.902
6832,2480.0,10456.153
6833,2380.0,17361.893
6834,2548.0,22266.102
6835,3017.0,21557.062
6836,3924.0000000000005,25880.578
6837,4652.0,28258.605
6838,6001.0,34276.14
6839,5785.000000000001,32805.64
6840,6949.999999999999,31764.074
6841,8988.0,33357.29
6842,10123.0,41231.863
6843,10989.0,36670.7
6844,11763.000000000002,38259.56
6845,12796.0,35827.766
6846,12151.0,36544.69
6847,12473.0,43258.453
6848,10565.0,37655.957
6849,12606.0,35786.395
6850,10399.0,30842.293
6851,7424.0,33243.5
6852,10688.0,31238.52
6853,6580.999999999999,36067.113
6854,5849.999999999999,36100.875
6855,3432.0,29846.182
6856,4204.0,34327.29
6857,3749.0,22402.957
6858,2473.0,21806.477
6859,1881.0,24332.598
6860,1746.0,17575.904
6861,1328.0,15693.956
6862,973.9999999999999,11109.961
6863,0.0,15413.297
6864,0.0,-518.6636
6865,0.0,6923.148
6866,0.0,3599.475
6867,0.0,3221.7104
6868,0.0,3200.1162
6869,0.0,2175.6655
6870,0.0,2716.4153
6871,0.0,-4881.5977
6872,0.0,-3954.4336
6873,0.0,-2512.8335
6874,0.0,-1910.3429
6875,0.0,-882.6818
6876,0.0,-2481.6519
6877,0.0,257.2589
6878,0.0,-1934.3308
6879,0.0,-1126.5953
6880,400.0,4303.521
6881,582.0,6326.311
6882,840.9999999999999,4467.876
6883,1230.0,2221.6582
6884,1517.0,2023.6278
6885,2280.0,8243.715
6886,2352.0,14732.045
6887,2267.0,10941.797
6888,2380.0,12801.064
6889,2548.0,19368.53
6890,3017.0,23235.227
6891,3924.0000000000005,23673.484
6892,4652.0,27409.281
6893,6001.0,30181.86
6894,5785.000000000001,35350.812
6895,6949.999999999999,33771.33
6896,8988.0,32439.098
6897,10123.0,33532.56
6898,10989.0,41740.746
6899,11763.000000000002,36759.742
6900,12796.0,38259.227
6901,12151.0,35581.633
6902,12473.0,35167.316
6903,10565.0,41819.5
6904,12606.0,35788.28
6905,10399.0,33298.38
6906,7424.0,29500.46
6907,10688.0,31191.6
6908,6580.999999999999,29085.633
6909,5849.999999999999,34148.516
6910,3432.0,33317.25
6911,4204.0,27503.416
6912,3749.0,31627.184
6913,2473.0,19582.66
6914,1881.0,19277.178
6915,1746.0,22481.428
6916,1328.0,14595.984
6917,973.9999999999999,12612.605
6918,0.0,8440.78
6919,0.0,12860.285
6920,0.0,-2484.4956
6921,0.0,4147.177
6922,0.0,2203.7534
6923,0.0,1516.6407
6924,0.0,2103.4202
6925,0.0,689.7206
6926,0.0,1650.0018
6927,0.0,-4783.0645
6928,0.0,-2877.5005
6929,0.0,-2222.4565
6930,0.0,-2349.303
6931,0.0,-623.29736
6932,0.0,-1548.8165
6933,0.0,1732.6953
6934,0.0,-729.2986
6935,400.0,1128.8126
6936,582.0,6275.01
6937,840.9999999999999,7726.1377
6938,1230.0,6217.51
6939,1517.0,4365.6826
6940,2280.0,4710.602
6941,2352.0,9865.035
6942,2267.0,16849.887
6943,2037.0000000000002,12891.536
6944,2548.0,14941.078
6945,3017.0,20457.281
6946,3924.0000000000005,24585.887
6947,4652.0,25330.781
6948,6001.0,30052.27
6949,5785.000000000001,30728.893
6950,6949.999999999999,36150.027
6951,8988.0,34482.773
6952,10123.0,33099.414
6953,10989.0,34090.785
6954,11763.000000000002,41885.68
6955,12796.0,35854.31
6956,12151.0,37859.734
6957,12473.0,35082.688
6958,10565.0,34757.496
6959,12606.0,41226.094
6960,10399.0,34604.434
6961,7424.0,31527.004
6962,10688.0,27313.277
6963,6580.999999999999,29522.287
6964,5849.999999999999,27146.094
6965,3432.0,31745.973
6966,4204.0,30836.672
6967,3749.0,25090.521
6968,2473.0,29645.168
6969,1881.0,16867.793
6970,1746.0,16702.098
6971,1328.0,19461.121
6972,973.9999999999999,12611.109
6973,0.0,11318.216
6974,0.0,6077.259
6975,0.0,10649.042
6976,0.0,-4458.325
6977,0.0,2830.9731
6978,0.0,1544.7681
6979,0.0,248.29675
6980,0.0,963.2106
6981,0.0,-142.09412
6982,0.0,1676.8917
6983,0.0,-4653.5923
6984,0.0,-3490.2793
6985,0.0,-1719.9949
6986,0.0,-2200.7637
6987,0.0,-569.7047
6988,0.0,-310.27393
6989,0.0,2609.775
6990,400.0,411.6134
6991,582.0,2365.0645
6992,840.9999999999999,8144.1113
6993,1230.0,9262.149
6994,1517.0,7570.35
6995,2280.0,6257.1914
6996,2352.0,6304.4336
6997,2267.0,11065.248
6998,2037.0000000000002,18618.156
6999,2303.0,15078.518
7000,3017.0,17386.447
7001,3924.0000000000005,22935.564
7002,4652.0,27308.352
7003,6001.0,27362.39
7004,5785.000000000001,31691.074
7005,6949.999999999999,32345.555
7006,8988.0,38356.758
7007,10123.0,35530.61
7008,10989.0,34933.07
7009,11763.000000000002,35266.047
7010,12796.0,41786.55
7011,12151.0,36422.883
7012,12473.0,37524.273
7013,10565.0,33765.375
7014,12606.0,34486.734
7015,10399.0,39986.957
7016,7424.0,32737.889
7017,10688.0,30686.621
7018,6580.999999999999,25943.807
7019,5849.999999999999,27730.121
7020,3432.0,23798.059
7021,4204.0,27775.734
7022,3749.0,27868.43
7023,2473.0,22076.406
7024,1881.0,27052.604
7025,1746.0,14503.151
7026,1328.0,13685.129
7027,973.9999999999999,16448.928
7028,0.0,10503.5625
7029,0.0,9310.2295
7030,0.0,3975.558
7031,0.0,9852.265
7032,0.0,-6419.0938
7033,0.0,1985.0461
7034,0.0,-72.79346
7035,0.0,318.35278
7036,0.0,129.63385
7037,0.0,-42.222168
7038,0.0,1049.5614
7039,0.0,-4914.2744
7040,0.0,-4096.3267
7041,0.0,-1551.9617
7042,0.0,-1381.9708
7043,0.0,157.75067
7044,0.0,581.7862
7045,400.0,3784.2568
7046,582.0,2497.949
7047,840.9999999999999,4181.08
7048,1230.0,9485.765
7049,1517.0,11928.49
7050,2280.0,9589.658
7051,2352.0,8325.644
7052,2267.0,8219.392
7053,2037.0000000000002,13658.588
7054,2303.0,20904.166
7055,3378.0,17020.562
7056,3924.0000000000005,19979.969
7057,4652.0,25637.037
7058,6001.0,29696.027
7059,5785.000000000001,29109.723
7060,6949.999999999999,33325.137
7061,8988.0,33973.902
7062,10123.0,40025.867
7063,10989.0,36462.254
7064,11763.000000000002,36013.656
7065,12796.0,35518.41
7066,12151.0,41941.445
7067,12473.0,36260.375
7068,10565.0,36910.164
7069,12606.0,33202.215
7070,10399.0,33055.97
7071,7424.0,39135.277
7072,10688.0,32240.389
7073,6580.999999999999,29305.678
7074,5849.999999999999,24566.785
7075,3432.0,25947.137
7076,4204.0,21958.275
7077,3749.0,26333.441
7078,2473.0,26474.332
7079,1881.0,20557.332
7080,1746.0,24353.645
7081,1328.0,12659.154
7082,973.9999999999999,12256.828
7083,0.0,14918.588
7084,0.0,8859.002
7085,0.0,7959.7793
7086,0.0,2152.7905
7087,0.0,8618.358
7088,0.0,-6493.424
7089,0.0,1863.945
7090,0.0,-1285.9961
7091,0.0,-1137.103
7092,0.0,-1102.5928
7093,0.0,-628.6687
7094,0.0,513.89026
7095,0.0,-4922.9814
7096,0.0,-4051.8467
7097,0.0,-2239.6836
7098,0.0,-54.427734
7099,0.0,1381.0975
7100,400.0,1505.8256
7101,582.0,5117.0146
7102,840.9999999999999,4354.916
7103,1230.0,6222.376
7104,1517.0,11618.595
7105,2280.0,13867.93
7106,2352.0,12423.242
7107,2267.0,10417.685
7108,2037.0000000000002,11283.167
7109,2303.0,17075.59
7110,3378.0,23724.135
7111,2585.0,19472.293
7112,4652.0,21817.047
7113,6001.0,28597.887
7114,5785.000000000001,32250.057
7115,6949.999999999999,30624.05
7116,8988.0,33727.59
7117,10123.0,35136.42
7118,10989.0,41438.516
7119,11763.000000000002,36600.77
7120,12796.0,35721.137
7121,12151.0,35561.387
7122,12473.0,40916.555
7123,10565.0,34664.2
7124,12606.0,35312.53
7125,10399.0,31289.027
7126,7424.0,31647.93
7127,10688.0,36646.945
7128,6580.999999999999,30058.201
7129,5849.999999999999,27837.004
7130,3432.0,20793.16
7131,4204.0,23748.533
7132,3749.0,20506.63
7133,2473.0,24325.975
7134,1881.0,23976.275
7135,1746.0,18430.453
7136,1328.0,21897.137
7137,973.9999999999999,10015.599
7138,0.0,10769.972
7139,0.0,11710.256
7140,0.0,6577.4404
7141,0.0,5396.3745
7142,0.0,279.69397
7143,0.0,6422.5547
7144,0.0,-8202.679
7145,0.0,656.7521
7146,0.0,-2876.347
7147,0.0,-1811.4004
7148,0.0,-1246.5077
7149,0.0,-898.47455
7150,0.0,512.35474
7151,0.0,-5568.155
7152,0.0,-3699.0312
7153,0.0,-2339.1287
7154,0.0,672.5449
7155,400.0,2226.706
7156,582.0,2134.9158
7157,840.9999999999999,6355.5874
7158,1230.0,6157.832
7159,1517.0,7465.0713
7160,2280.0,13728.62
7161,2352.0,16507.559
7162,2267.0,15022.677
7163,2037.0000000000002,13353.737
7164,2303.0,13653.454
7165,3378.0,20482.566
7166,2585.0,26727.844
7167,1994.0,21238.43
7168,6001.0,23105.475
7169,5785.000000000001,29608.197
7170,6949.999999999999,31933.389
7171,8988.0,31154.41
7172,10123.0,33619.79
7173,10989.0,35412.35
7174,11763.000000000002,40832.2
7175,12796.0,35971.715
7176,12151.0,34804.15
7177,12473.0,33962.418
7178,10565.0,39971.246
7179,12606.0,33302.945
7180,10399.0,33733.223
7181,7424.0,29509.746
7182,10688.0,29015.887
7183,6580.999999999999,34147.58
7184,5849.999999999999,27516.434
7185,3432.0,24528.31
7186,4204.0,18647.85
7187,3749.0,20855.451
7188,2473.0,17865.688
7189,1881.0,22165.977
7190,1746.0,21104.447
7191,1328.0,15833.274
7192,973.9999999999999,19611.453
7193,0.0,7456.967
7194,0.0,8609.1875
7195,0.0,10479.248
7196,0.0,4313.042
7197,0.0,3147.8853
7198,0.0,-1519.495
7199,0.0,5017.8857
7200,0.0,-8909.888
7201,0.0,-780.58496
7202,0.0,-3183.3218
7203,0.0,-2175.8887
7204,0.0,-1060.4304
7205,0.0,-875.8612
7206,0.0,753.2333
7207,0.0,-4228.6777
7208,0.0,-1667.1759
7209,0.0,-932.0912
7210,400.0,1747.6816
7211,582.0,3703.4746
7212,840.9999999999999,3941.4165
7213,1230.0,8265.902
7214,1517.0,8136.0317
7215,2280.0,10162.065
7216,2352.0,16052.331
7217,2267.0,18212.193
7218,2037.0000000000002,16788.08
7219,2303.0,15271.303
7220,3378.0,15597.279
7221,2585.0,21597.555
7222,1994.0,28008.574
7223,1482.0,22242.498
7224,5785.000000000001,24700.451
7225,6949.999999999999,30018.887
7226,8988.0,32589.193
7227,10123.0,31705.852
7228,10989.0,34796.06
7229,11763.000000000002,34983.555
7230,12796.0,40485.5
7231,12151.0,35466.906
7232,12473.0,34038.66
7233,10565.0,33011.855
7234,12606.0,38954.348
7235,10399.0,31582.512
7236,7424.0,32067.982
7237,10688.0,27991.072
7238,6580.999999999999,27674.158
7239,5849.999999999999,32792.65
7240,3432.0,25854.926
7241,4204.0,22058.04
7242,3749.0,16277.856
7243,2473.0,18906.434
7244,1881.0,15704.899
7245,1746.0,19992.213
7246,1328.0,18768.729
7247,973.9999999999999,13791.778
7248,0.0,17821.873
7249,0.0,5386.4575
7250,0.0,6660.339
7251,0.0,8368.176
7252,0.0,3028.8826
7253,0.0,2392.7378
7254,0.0,-2867.579
7255,0.0,3931.831
7256,0.0,-9888.498
7257,0.0,-1188.0046
7258,0.0,-2823.3079
7259,0.0,-2621.8894
7260,0.0,-1226.7102
7261,0.0,-632.5051
7262,0.0,1869.3439
7263,0.0,-3093.9915
7264,0.0,-1185.8702
7265,400.0,704.57117
7266,582.0,2850.4336
7267,840.9999999999999,5068.6123
7268,1230.0,6052.593
7269,1517.0,10013.881
7270,2280.0,10026.578
7271,2352.0,12157.924
7272,2267.0,18414.514
7273,2037.0000000000002,20137.473
7274,2303.0,18558.879
7275,3378.0,17554.775
7276,2585.0,17343.453
7277,1994.0,22932.582
7278,1482.0,29689.465
7279,1966.0000000000002,24048.8
7280,6949.999999999999,26304.03
7281,8988.0,31419.738
7282,10123.0,33928.953
7283,10989.0,32329.473
7284,11763.000000000002,35124.17
7285,12796.0,34744.266
7286,12151.0,40930.33
7287,12473.0,35002.895
7288,10565.0,34158.695
7289,12606.0,32593.7
7290,10399.0,37382.023
7291,7424.0,30443.254
7292,10688.0,30432.256
7293,6580.999999999999,25837.803
7294,5849.999999999999,26430.121
7295,3432.0,30670.08
7296,4204.0,23228.18
7297,3749.0,20283.18
7298,2473.0,14218.748
7299,1881.0,16797.496
7300,1746.0,12488.339
7301,1328.0,16387.344
7302,973.9999999999999,15857.692
7303,0.0,11328.645
7304,0.0,15428.541
7305,0.0,3494.008
7306,0.0,4426.341
7307,0.0,6037.2925
7308,0.0,1713.755
7309,0.0,1105.5282
7310,0.0,-4299.498
7311,0.0,3832.0232
7312,0.0,-10693.256
7313,0.0,-1346.0382
7314,0.0,-3174.6738
7315,0.0,-1976.201
7316,0.0,-1052.8744
7317,0.0,446.146
7318,0.0,2393.1943
7319,0.0,-2423.7642
7320,400.0,-617.8596
7321,582.0,2059.5896
7322,840.9999999999999,4605.5684
7323,1230.0,6606.231
7324,1517.0,8079.795
7325,2280.0,12308.972
7326,2352.0,12608.275
7327,2267.0,14556.97
7328,2037.0000000000002,20281.117
7329,2303.0,23014.957
7330,3378.0,20621.3
7331,2585.0,19784.938
7332,1994.0,19205.43
7333,1482.0,25019.158
7334,1966.0000000000002,31700.105
7335,1512.0,25427.154
7336,8988.0,28219.664
7337,10123.0,33134.33
7338,10989.0,35205.016
7339,11763.000000000002,33049.92
7340,12796.0,35554.418
7341,12151.0,35167.25
7342,12473.0,41296.16
7343,10565.0,34822.957
7344,12606.0,33930.895
7345,10399.0,31538.637
7346,7424.0,36631.234
7347,10688.0,29359.5
7348,6580.999999999999,28778.795
7349,5849.999999999999,24375.848
7350,3432.0,24355.588
7351,4204.0,29156.838
7352,3749.0,22049.67
7353,2473.0,18250.148
7354,1881.0,12554.045
7355,1746.0,14702.46
7356,1328.0,10292.125
7357,973.9999999999999,14925.319
7358,0.0,14178.33
7359,0.0,9773.449
7360,0.0,13058.425
7361,0.0,1886.2998
7362,0.0,3367.5913
7363,0.0,4887.273
7364,0.0,649.84143
7365,0.0,123.41205
7366,0.0,-5412.171
7367,0.0,3293.25
7368,0.0,-10270.768
7369,0.0,-925.36255
7370,0.0,-3492.7097
7371,0.0,-2324.5015
7372,0.0,-1259.4495
7373,0.0,1065.8439
7374,0.0,3061.5452
7375,400.0,-1321.4636
7376,582.0,562.1554
7377,840.9999999999999,2835.8638
7378,1230.0,6782.52
7379,1517.0,8728.521
7380,2280.0,10160.292
7381,2352.0,14546.097
7382,2267.0,15258.381
7383,2037.0000000000002,17310.947
7384,2303.0,23074.793
7385,3378.0,25546.719
7386,2585.0,23779.531
7387,1994.0,22077.195
7388,1482.0,22211.0
7389,1966.0000000000002,28117.32
7390,1512.0,34252.0
7391,1093.0,27596.88
7392,10123.0,29047.486
7393,10989.0,34542.133
7394,11763.000000000002,36013.25
7395,12796.0,33040.902
7396,12151.0,34771.508
7397,12473.0,34980.996
7398,10565.0,41139.37
7399,12606.0,33599.676
7400,10399.0,32419.44
7401,7424.0,30196.322
7402,10688.0,34878.023
7403,6580.999999999999,26994.02
7404,5849.999999999999,26480.8
7405,3432.0,21688.693
7406,4204.0,22520.996
7407,3749.0,26539.514
7408,2473.0,19739.96
7409,1881.0,16339.846
7410,1746.0,9256.199
7411,1328.0,12412.401
7412,973.9999999999999,8872.693
7413,0.0,13119.241
7414,0.0,11945.266
7415,0.0,8097.84
7416,0.0,11176.424
7417,0.0,-50.263092
7418,0.0,2421.394
7419,0.0,2521.4546
7420,0.0,-930.3401
7421,0.0,-1565.4854
7422,0.0,-6316.839
7423,0.0,2057.4875
7424,0.0,-11080.239
7425,0.0,-1245.6189
7426,0.0,-3934.1333
7427,0.0,-2178.7124
7428,0.0,-452.95343
7429,0.0,1789.8423
7430,400.0,4073.6548
7431,582.0,-790.1008
7432,840.9999999999999,1677.5139
7433,1230.0,3751.822
7434,1517.0,8312.431
7435,2280.0,10542.211
7436,2352.0,11524.506
7437,2267.0,16053.353
7438,2037.0000000000002,17368.594
7439,2303.0,18866.316
7440,3378.0,25259.072
7441,2585.0,27926.213
7442,1994.0,25777.824
7443,1482.0,24519.543
7444,1966.0000000000002,24102.822
7445,1512.0,30526.273
7446,1093.0,36280.625
7447,840.9999999999999,28577.352
7448,10989.0,29189.031
7449,11763.000000000002,34459.453
7450,12796.0,34729.156
7451,12151.0,32260.312
7452,12473.0,33600.66
7453,10565.0,34161.04
7454,12606.0,39539.312
7455,10399.0,32186.182
7456,7424.0,30589.084
7457,10688.0,27973.55
7458,6580.999999999999,33322.24
7459,5849.999999999999,25096.047
7460,3432.0,24407.793
7461,4204.0,19529.443
7462,3749.0,19981.387
7463,2473.0,24213.148
7464,1881.0,17422.225
7465,1746.0,13398.66
7466,1328.0,7414.4873
7467,973.9999999999999,10152.437
7468,0.0,7124.6323
7469,0.0,11727.922
7470,0.0,10116.642
7471,0.0,6476.9746
7472,0.0,10055.651
7473,0.0,-1367.1624
7474,0.0,1495.7273
7475,0.0,2473.2422
7476,0.0,-1944.3794
7477,0.0,-2559.7615
7478,0.0,-6836.8467
7479,0.0,1898.5382
7480,0.0,-10567.936
7481,0.0,-1477.5076
7482,0.0,-3025.5518
7483,0.0,-1481.6125
7484,0.0,727.81213
7485,400.0,2822.3745
7486,582.0,5229.8506
7487,840.9999999999999,959.2368
7488,1230.0,3897.8887
7489,1517.0,5557.8193
7490,2280.0,9810.204
7491,2352.0,12322.229
7492,2267.0,13219.219
7493,2037.0000000000002,17910.02
7494,2303.0,19093.725
7495,3378.0,20914.828
7496,2585.0,27074.16
7497,1994.0,29185.625
7498,1482.0,26642.578
7499,1966.0000000000002,25524.234
7500,1512.0,24943.365
7501,1093.0,30548.986
7502,840.9999999999999,36313.168
7503,859.0000000000001,28361.73
7504,11763.000000000002,30041.27
7505,12796.0,34198.848
7506,12151.0,34591.227
7507,12473.0,32070.559
7508,10565.0,33738.68
7509,12606.0,33113.492
7510,10399.0,38292.145
7511,7424.0,30993.693
7512,10688.0,29052.107
7513,6580.999999999999,26406.291
7514,5849.999999999999,31879.602
7515,3432.0,23352.246
7516,4204.0,22476.71
7517,3749.0,17910.77
7518,2473.0,18473.74
7519,1881.0,22908.879
7520,1746.0,15815.211
7521,1328.0,11060.323
7522,973.9999999999999,5500.426
7523,0.0,8472.351
7524,0.0,5538.085
7525,0.0,10350.373
7526,0.0,8565.355
7527,0.0,5223.3975
7528,0.0,8857.964
7529,0.0,-2469.221
7530,0.0,495.2064
7531,0.0,1406.9896
7532,0.0,-2398.3962
7533,0.0,-2576.5088
7534,0.0,-7060.7344
7535,0.0,1792.9537
7536,0.0,-10542.922
7537,0.0,-950.778
7538,0.0,-1654.7804
7539,0.0,-869.7408
7540,400.0,1546.5181
7541,582.0,4098.5557
7542,840.9999999999999,7211.6006
7543,1230.0,2939.0938
7544,1517.0,5291.151
7545,2280.0,7918.325
7546,2352.0,11579.323
7547,2267.0,14394.98
7548,2037.0000000000002,15670.146
7549,2303.0,20217.18
7550,3378.0,21113.947
7551,2585.0,23097.89
7552,1994.0,29370.654
7553,1482.0,30990.414
7554,1966.0000000000002,28203.88
7555,1512.0,27622.344
7556,1093.0,26334.602
7557,840.9999999999999,31498.176
7558,859.0000000000001,37489.207
7559,1176.0,29567.205
7560,12796.0,30396.531
7561,12151.0,34370.195
7562,12473.0,34511.5
7563,10565.0,31400.18
7564,12606.0,33043.805
7565,10399.0,31671.041
7566,7424.0,37500.285
7567,10688.0,29545.98
7568,6580.999999999999,28005.557
7569,5849.999999999999,24986.414
7570,3432.0,29657.115
7571,4204.0,21559.617
7572,3749.0,20406.957
7573,2473.0,15676.639
7574,1881.0,16966.793
7575,1746.0,20726.252
7576,1328.0,13273.485
7577,973.9999999999999,9209.941
7578,0.0,3598.858
7579,0.0,6703.629
7580,0.0,3067.048
7581,0.0,7548.4346
7582,0.0,6468.092
7583,0.0,3599.0662
7584,0.0,7223.0967
7585,0.0,-3470.2087
7586,0.0,-857.9137
7587,0.0,103.70984
7588,0.0,-2761.4993
7589,0.0,-2814.479
7590,0.0,-7545.5547
7591,0.0,2442.3547
7592,0.0,-10336.512
7593,0.0,-303.52573
7594,0.0,-734.3471
7595,400.0,393.75952
7596,582.0,2676.2573
7597,840.9999999999999,5927.722
7598,1230.0,8612.189
7599,1517.0,4304.697
7600,2280.0,6614.8203
7601,2352.0,10047.148
7602,2267.0,13750.988
7603,2037.0000000000002,16379.982
7604,2303.0,18059.691
7605,3378.0,22704.734
7606,2585.0,23502.074
7607,1994.0,25348.285
7608,1482.0,31191.816
7609,1966.0000000000002,33260.05
7610,1512.0,29686.969
7611,1093.0,29253.416
7612,840.9999999999999,27552.176
7613,859.0000000000001,32687.945
7614,1176.0,38651.926
7615,901.0000000000001,30002.246
7616,12151.0,30950.969
7617,12473.0,34571.223
7618,10565.0,34300.242
7619,12606.0,30728.979
7620,10399.0,32055.594
7621,7424.0,30702.074
7622,10688.0,36368.85
7623,6580.999999999999,28139.092
7624,5849.999999999999,26617.438
7625,3432.0,22897.062
7626,4204.0,28038.78
7627,3749.0,19814.361
7628,2473.0,18185.133
7629,1881.0,13690.045
7630,1746.0,14602.74
7631,1328.0,18808.994
7632,973.9999999999999,11658.86
7633,0.0,7126.7573
7634,0.0,1986.023
7635,0.0,4791.702
7636,0.0,1261.426
7637,0.0,6432.804
7638,0.0,5229.8926
7639,0.0,2687.896
7640,0.0,5548.34
7641,0.0,-4268.4604
7642,0.0,-1086.3689
7643,0.0,-100.506836
7644,0.0,-2719.6333
7645,0.0,-2934.346
7646,0.0,-7366.2676
7647,0.0,3028.8433
7648,0.0,-9073.853
7649,0.0,1088.3774
7650,400.0,118.279175
7651,582.0,1303.402
7652,840.9999999999999,3678.4941
7653,1230.0,7723.2173
7654,1517.0,10494.34
7655,2280.0,6364.541
7656,2352.0,8653.08
7657,2267.0,11870.995
7658,2037.0000000000002,16472.209
7659,2303.0,19027.178
7660,3378.0,20505.947
7661,2585.0,25338.727
7662,1994.0,25990.26
7663,1482.0,27864.434
7664,1966.0000000000002,33733.71
7665,1512.0,35484.785
7666,1093.0,32109.219
7667,840.9999999999999,30847.75
7668,859.0000000000001,29659.732
7669,1176.0,34520.74
7670,901.0000000000001,40024.22
7671,1143.0,31077.977
7672,12473.0,30662.22
7673,10565.0,34637.586
7674,12606.0,33889.18
7675,10399.0,29654.467
7676,7424.0,30441.488
7677,10688.0,29590.45
7678,6580.999999999999,35115.586
7679,5849.999999999999,26226.217
7680,3432.0,24359.98
7681,4204.0,20848.266
7682,3749.0,25902.906
7683,2473.0,17294.863
7684,1881.0,15612.895
7685,1746.0,10882.062
7686,1328.0,12513.874
7687,973.9999999999999,16363.561
7688,0.0,9717.348
7689,0.0,5161.551
7690,0.0,-779.08496
7691,0.0,2848.094
7692,0.0,247.5957
7693,0.0,5214.48
7694,0.0,3645.147
7695,0.0,1865.3159
7696,0.0,4525.248
7697,0.0,-5236.636
7698,0.0,-1211.3717
7699,0.0,-1136.711
7700,0.0,-3352.917
7701,0.0,-3387.292
7702,0.0,-7053.48
7703,0.0,2930.6016
7704,0.0,-8721.735
7705,400.0,1857.9574
7706,582.0,748.1778
7707,840.9999999999999,2314.1445
7708,1230.0,5306.573
7709,1517.0,9327.446
7710,2280.0,12180.896
7711,2352.0,7732.053
7712,2267.0,10296.541
7713,2037.0000000000002,13467.182
7714,2303.0,18335.121
7715,3378.0,21168.73
7716,2585.0,22013.984
7717,1994.0,26675.047
7718,1482.0,27846.77
7719,1966.0000000000002,28996.008
7720,1512.0,35393.91
7721,1093.0,37083.555
7722,840.9999999999999,33257.906
7723,859.0000000000001,32527.21
7724,1176.0,30693.7
7725,901.0000000000001,35745.188
7726,1143.0,40885.855
7727,1411.0,31110.09
7728,10565.0,29450.523
7729,12606.0,33280.13
7730,10399.0,31724.824
7731,7424.0,27860.477
7732,10688.0,28345.918
7733,6580.999999999999,28012.293
7734,5849.999999999999,32850.28
7735,3432.0,24360.836
7736,4204.0,22207.97
7737,3749.0,18477.78
7738,2473.0,24228.514
7739,1881.0,15462.274
7740,1746.0,13844.879
7741,1328.0,9064.301
7742,973.9999999999999,10491.502
7743,0.0,14660.393
7744,0.0,8073.4814
7745,0.0,3152.7603
7746,0.0,-1659.231
7747,0.0,1635.1971
7748,0.0,-362.72345
7749,0.0,4914.593
7750,0.0,3079.0474
7751,0.0,1476.2756
7752,0.0,4757.294
7753,0.0,-5105.438
7754,0.0,-918.0928
7755,0.0,143.75891
7756,0.0,-3083.7905
7757,0.0,-3280.866
7758,0.0,-6120.508
7759,0.0,3990.2837
7760,400.0,-7411.175
7761,582.0,2730.9395
7762,840.9999999999999,2406.483
7763,1230.0,3770.92
7764,1517.0,7127.4707
7765,2280.0,10797.986
7766,2352.0,13818.79
7767,2267.0,9414.055
7768,2037.0000000000002,12178.732
7769,2303.0,15052.086
7770,3378.0,19548.719
7771,2585.0,22561.146
7772,1994.0,23022.795
7773,1482.0,27733.922
7774,1966.0000000000002,28540.113
7775,1512.0,29728.066
7776,1093.0,36099.387
7777,840.9999999999999,37226.12
7778,859.0000000000001,32745.97
7779,1176.0,32094.965
7780,901.0000000000001,30059.238
7781,1143.0,34521.11
7782,1411.0,39492.23
7783,1768.0,29565.443
7784,12606.0,29130.781
7785,10399.0,32112.664
7786,7424.0,30635.951
7787,10688.0,26960.25
7788,6580.999999999999,27575.496
7789,5849.999999999999,26407.654
7790,3432.0,30935.447
7791,4204.0,22799.467
7792,3749.0,20514.238
7793,2473.0,16782.443
7794,1881.0,22610.002
7795,1746.0,13891.691
7796,1328.0,12142.707
7797,973.9999999999999,7685.752
7798,0.0,9232.93
7799,0.0,13661.591
7800,0.0,6823.1533
7801,0.0,1515.7354
7802,0.0,-2906.6958
7803,0.0,465.5677
7804,0.0,-1142.4082
7805,0.0,4388.7827
7806,0.0,2514.0254
7807,0.0,1010.3088
7808,0.0,4582.0386
7809,0.0,-5370.006
7810,0.0,-1180.6263
7811,0.0,51.229004
7812,0.0,-2651.3757
7813,0.0,-2458.4358
7814,0.0,-5404.8154
7815,400.0,4546.93
7816,582.0,-6477.3604
7817,840.9999999999999,3934.956
7818,1230.0,4276.1533
7819,1517.0,5155.867
7820,2280.0,8605.099
7821,2352.0,12487.295
7822,2267.0,16097.38
7823,2037.0000000000002,11701.217
7824,2303.0,13825.676
7825,3378.0,17445.361
7826,2585.0,21289.543
7827,1994.0,24512.53
7828,1482.0,25095.371
7829,1966.0000000000002,29724.938
7830,1512.0,30062.332
7831,1093.0,31353.227
7832,840.9999999999999,37713.094
7833,859.0000000000001,38113.375
7834,1176.0,33408.812
7835,901.0000000000001,33202.664
7836,1143.0,30435.504
7837,1411.0,34427.273
7838,1768.0,39570.57
7839,2555.0,29662.936
7840,10399.0,28374.695
7841,7424.0,31259.578
7842,10688.0,29440.492
7843,6580.999999999999,25341.818
7844,5849.999999999999,26132.545
7845,3432.0,24364.887
7846,4204.0,29563.965
7847,3749.0,20921.996
7848,2473.0,18936.57
7849,1881.0,15085.168
7850,1746.0,20224.523
7851,1328.0,12092.344
7852,973.9999999999999,10303.77
7853,0.0,5786.641
7854,0.0,8022.5317
7855,0.0,12075.476
7856,0.0,4959.1475
7857,0.0,287.2979
7858,0.0,-4037.08
7859,0.0,-359.3269
7860,0.0,-2383.3865
7861,0.0,2772.9028
7862,0.0,1699.3845
7863,0.0,596.29663
7864,0.0,4124.15
7865,0.0,-5016.1646
7866,0.0,-1328.1299
7867,0.0,98.32886
7868,0.0,-1755.3676
7869,0.0,-1374.1704
7870,400.0,-4548.4385
7871,582.0,6201.472
7872,840.9999999999999,-5218.9893
7873,1230.0,5631.418
7874,1517.0,6303.1846
7875,2280.0,7111.3145
7876,2352.0,10553.95
7877,2267.0,14681.172
7878,2037.0000000000002,18118.312
7879,2303.0,13429.479
7880,3378.0,15448.283
7881,2585.0,19902.89
7882,1994.0,23370.096
7883,1482.0,26321.68
7884,1966.0000000000002,27090.268
7885,1512.0,31718.55
7886,1093.0,31794.469
7887,840.9999999999999,32814.574
7888,859.0000000000001,38872.832
7889,1176.0,39368.902
7890,901.0000000000001,33963.973
7891,1143.0,33666.94
7892,1411.0,30704.031
7893,1768.0,34601.566
7894,2555.0,39475.17
7895,2135.0,29161.041
7896,7424.0,27339.469
7897,10688.0,29914.988
7898,6580.999999999999,27883.426
7899,5849.999999999999,23360.043
7900,3432.0,23977.844
7901,4204.0,22154.127
7902,3749.0,27380.709
7903,2473.0,18746.752
7904,1881.0,16780.863
7905,1746.0,12599.408
7906,1328.0,18087.953
7907,973.9999999999999,10095.442
7908,0.0,8025.677
7909,0.0,3778.6643
7910,0.0,5884.175
7911,0.0,10268.377
7912,0.0,3385.9604
7913,0.0,-1231.4216
7914,0.0,-5125.8535
7915,0.0,-1427.7643
7916,0.0,-3262.257
7917,0.0,2383.5876
7918,0.0,1474.033
7919,0.0,751.76776
7920,0.0,3571.0825
7921,0.0,-4626.0483
7922,0.0,-502.29227
7923,0.0,1059.5365
7924,0.0,-328.62433
7925,400.0,-317.14908
7926,582.0,-3092.8362
7927,840.9999999999999,7869.7964
7928,1230.0,-2995.9746
7929,1517.0,7830.8755
7930,2280.0,8236.945
7931,2352.0,9047.715
7932,2267.0,12465.823
7933,2037.0000000000002,17244.715
7934,2303.0,20610.59
7935,3378.0,15632.492
7936,2585.0,17791.934
7937,1994.0,22014.469
7938,1482.0,25772.355
7939,1966.0000000000002,28618.256
7940,1512.0,29050.027
7941,1093.0,33888.93
7942,840.9999999999999,33289.484
7943,859.0000000000001,34106.637
7944,1176.0,40304.36
7945,901.0000000000001,40477.68
7946,1143.0,34928.094
7947,1411.0,33827.414
7948,1768.0,31132.078
7949,2555.0,34567.688
7950,2135.0,39235.03
7951,1769.0,28611.63
7952,10688.0,26063.11
7953,6580.999999999999,28923.254
7954,5849.999999999999,26504.176
7955,3432.0,21508.723
7956,4204.0,21765.129
7957,3749.0,20630.814
7958,2473.0,25497.906
7959,1881.0,16581.66
7960,1746.0,14294.933
7961,1328.0,10462.851
7962,973.9999999999999,16016.211
7963,0.0,7894.71
7964,0.0,5644.57
7965,0.0,1392.3167
7966,0.0,4125.915
7967,0.0,8327.473
7968,0.0,1928.3922
7969,0.0,-2622.5947
7970,0.0,-6940.062
7971,0.0,-2755.456
7972,0.0,-3530.4607
7973,0.0,1946.6725
7974,0.0,820.9304
7975,0.0,1039.7068
7976,0.0,3529.9387
7977,0.0,-4506.556
7978,0.0,235.36945
7979,0.0,1492.4141
7980,400.0,-31.167358
7981,582.0,617.1293
7982,840.9999999999999,-1511.8196
7983,1230.0,8914.443
7984,1517.0,-1498.667
7985,2280.0,9731.749
7986,2352.0,9794.328
7987,2267.0,11018.184
7988,2037.0000000000002,14840.018
7989,2303.0,19514.592
7990,3378.0,22743.129
7991,2585.0,17714.613
7992,1994.0,19906.17
7993,1482.0,23773.818
7994,1966.0000000000002,27798.453
7995,1512.0,30750.523
7996,1093.0,30262.219
7997,840.9999999999999,34929.195
7998,859.0000000000001,34623.984
7999,1176.0,34558.023
8000,901.0000000000001,41209.19
8001,1143.0,41107.46
8002,1411.0,35087.945
8003,1768.0,34402.51
8004,2555.0,31134.979
8005,2135.0,34507.05
8006,1769.0,38834.28
8007,3357.0,27582.805
8008,6580.999999999999,24143.129
8009,5849.999999999999,27028.932
8010,3432.0,24175.55
8011,4204.0,19443.969
8012,3749.0,19389.65
8013,2473.0,19128.588
8014,1881.0,23530.586
8015,1746.0,14893.508
8016,1328.0,12429.843
8017,973.9999999999999,8507.448
8018,0.0,14719.873
8019,0.0,6542.9053
8020,0.0,4704.193
8021,0.0,306.32556
8022,0.0,3016.9058
8023,0.0,7481.0166
8024,0.0,1283.3405
8025,0.0,-3107.4956
8026,0.0,-6752.1807
8027,0.0,-2778.2046
8028,0.0,-2942.1821
8029,0.0,2608.2297
8030,0.0,1525.4258
8031,0.0,1740.1558
8032,0.0,4991.987
8033,0.0,-3126.0315
8034,0.0,1519.7896
8035,400.0,3805.527
8036,582.0,1281.6951
8037,840.9999999999999,1693.9095
8038,1230.0,412.88867
8039,1517.0,10797.149
8040,2280.0,288.0056
8041,2352.0,11226.026
8042,2267.0,11707.151
8043,2037.0000000000002,12750.38
8044,2303.0,16565.654
8045,3378.0,20782.04
8046,2585.0,24276.662
8047,1994.0,18846.422
8048,1482.0,21059.625
8049,1966.0000000000002,24588.496
8050,1512.0,28287.922
8051,1093.0,31305.855
8052,840.9999999999999,30363.807
8053,859.0000000000001,34952.61
8054,1176.0,34215.992
8055,901.0000000000001,34046.6
8056,1143.0,40756.848
8057,1411.0,40254.57
8058,1768.0,33484.91
8059,2555.0,32712.475
8060,2135.0,29386.664
8061,1769.0,32501.512
8062,3357.0,36469.63
8063,2659.0,25147.639
8064,5849.999999999999,21485.443
8065,3432.0,22977.723
8066,4204.0,20424.371
8067,3749.0,16152.678
8068,2473.0,17400.99
8069,1881.0,15556.867
8070,1746.0,20288.75
8071,1328.0,12806.561
8072,973.9999999999999,9546.23
8073,0.0,6118.549
8074,0.0,14071.322
8075,0.0,5072.091
8076,0.0,3074.8335
8077,0.0,-923.6501
8078,0.0,2162.3337
8079,0.0,7232.378
8080,0.0,343.42358
8081,0.0,-3803.9646
8082,0.0,-6193.9844
8083,0.0,-2814.436
8084,0.0,-2480.2969
8085,0.0,3817.7341
8086,0.0,2140.1064
8087,0.0,2659.7424
8088,0.0,7128.7344
8089,0.0,-1992.3915
8090,400.0,2926.1606
8091,582.0,5483.849
8092,840.9999999999999,4309.954
8093,1230.0,5184.7705
8094,1517.0,2218.2246
8095,2280.0,12975.807
8096,2352.0,2421.67
8097,2267.0,11991.571
8098,2037.0000000000002,14580.514
8099,2303.0,16236.617
8100,3378.0,19296.492
8101,2585.0,23354.168
8102,1994.0,26053.68
8103,1482.0,20645.629
8104,1966.0000000000002,22812.816
8105,1512.0,27518.293
8106,1093.0,28632.447
8107,840.9999999999999,31481.861
8108,859.0000000000001,31375.332
8109,1176.0,34099.17
8110,901.0000000000001,33607.42
8111,1143.0,32774.105
8112,1411.0,38493.453
8113,1768.0,37637.707
8114,2555.0,31035.338
8115,2135.0,30613.787
8116,1769.0,25539.332
8117,3357.0,27417.287
8118,2659.0,33375.79
8119,1470.0000000000002,21839.635
8120,3432.0,18379.4
8121,4204.0,20693.795
8122,3749.0,17518.0
8123,2473.0,13667.867
8124,1881.0,15991.129
8125,1746.0,13653.523
8126,1328.0,18250.828
8127,973.9999999999999,11354.993
8128,0.0,8167.4033
8129,0.0,4093.8513
8130,0.0,12226.654
8131,0.0,3262.409
8132,0.0,2021.8485
8133,0.0,-2482.2632
8134,0.0,1012.8528
8135,0.0,5502.3066
8136,0.0,-1737.4635
8137,0.0,-3742.9668
8138,0.0,-5351.374
8139,0.0,-2481.146
8140,0.0,-2936.5122
8141,0.0,3357.3958
8142,0.0,3208.9985
8143,0.0,3123.3535
8144,0.0,7149.3457
8145,400.0,-458.49554
8146,582.0,4134.741
8147,840.9999999999999,7693.269
8148,1230.0,6935.007
8149,1517.0,8159.6104
8150,2280.0,4701.404
8151,2352.0,16302.506
8152,2267.0,4812.9795
8153,2037.0000000000002,15270.313
8154,2303.0,18688.73
8155,3378.0,19799.414
8156,2585.0,22523.178
8157,1994.0,25290.695
8158,1482.0,27625.014
8159,1966.0000000000002,23134.398
8160,1512.0,25087.03
8161,1093.0,30194.531
8162,840.9999999999999,29525.613
8163,859.0000000000001,32272.371
8164,1176.0,32406.55
8165,901.0000000000001,34977.082
8166,1143.0,33679.58
8167,1411.0,32991.176
8168,1768.0,37369.97
8169,2555.0,36331.297
8170,2135.0,29487.86
8171,1769.0,28301.062
8172,3357.0,24054.785
8173,2659.0,25033.52
8174,1470.0000000000002,30542.576
8175,1058.0,20055.85
8176,4204.0,16467.535
8177,3749.0,19313.11
8178,2473.0,16187.8
8179,1881.0,11628.99
8180,1746.0,13461.107
8181,1328.0,11290.357
8182,973.9999999999999,16459.018
8183,0.0,8801.283
8184,0.0,6497.8936
8185,0.0,2483.8848
8186,0.0,8997.723
8187,0.0,1526.3611
8188,0.0,431.07654
8189,0.0,-2217.3489
8190,0.0,48.332703
8191,0.0,4933.118
8192,0.0,-462.86975
8193,0.0,-3338.293
8194,0.0,-7105.35
8195,0.0,-2410.212
8196,0.0,-1811.7223
8197,0.0,3627.7837
8198,0.0,5679.3613
8199,0.0,3847.7441
8200,400.0,8175.8696
8201,582.0,703.4558
8202,840.9999999999999,5240.956
8203,1230.0,9509.41
8204,1517.0,8024.5186
8205,2280.0,9650.145
8206,2352.0,6927.9756
8207,2267.0,19000.518
8208,2037.0000000000002,7617.4307
8209,2303.0,19155.992
8210,3378.0,20192.479
8211,2585.0,20417.512
8212,1994.0,23895.316
8213,1482.0,27889.057
8214,1966.0000000000002,29864.48
8215,1512.0,25614.908
8216,1093.0,26778.105
8217,840.9999999999999,30308.96
8218,859.0000000000001,32459.059
8219,1176.0,34918.9
8220,901.0000000000001,33079.805
8221,1143.0,36301.78
8222,1411.0,34366.746
8223,1768.0,33305.56
8224,2555.0,38856.75
8225,2135.0,37804.867
8226,1769.0,29793.346
8227,3357.0,27985.758
8228,2659.0,23866.89
8229,1470.0000000000002,25825.646
8230,1058.0,29236.9
8231,844.0,19305.697
8232,3749.0,14775.207
8233,2473.0,16716.043
8234,1881.0,14303.686
8235,1746.0,7969.3267
8236,1328.0,8912.053
8237,973.9999999999999,8575.453
8238,0.0,13307.641
8239,0.0,6061.365
8240,0.0,3052.3435
8241,0.0,94.40234
8242,0.0,7896.4517
8243,0.0,-126.78174
8244,0.0,-1446.9999
8245,0.0,-4664.6562
8246,0.0,-1167.576
8247,0.0,3066.6873
8248,0.0,-1634.0281
8249,0.0,-3924.4224
8250,0.0,-8011.0957
8251,0.0,-3727.149
8252,0.0,-1257.4355
8253,0.0,4673.4883
8254,0.0,4639.996
8255,400.0,5456.0586
8256,582.0,10667.51
8257,840.9999999999999,3035.7422
8258,1230.0,7024.3486
8259,1517.0,10803.276
8260,2280.0,10879.913
8261,2352.0,11823.517
8262,2267.0,9810.234
8263,2037.0000000000002,20188.451
8264,2303.0,10127.807
8265,3378.0,19665.957
8266,2585.0,20203.227
8267,1994.0,23289.59
8268,1482.0,25897.299
8269,1966.0000000000002,30455.875
8270,1512.0,31473.832
8271,1093.0,25642.355
8272,840.9999999999999,27809.125
8273,859.0000000000001,32112.45
8274,1176.0,32072.512
8275,901.0000000000001,34182.562
8276,1143.0,31890.113
8277,1411.0,33143.645
8278,1768.0,33973.27
8279,2555.0,29773.588
8280,2135.0,35448.555
8281,1769.0,34618.516
8282,3357.0,28065.617
8283,2659.0,25800.977
8284,1470.0000000000002,19855.514
8285,1058.0,21706.734
8286,844.0,27425.48
8287,1160.0,15018.125
8288,2473.0,13565.924
8289,1881.0,15754.289
8290,1746.0,12070.256
8291,1328.0,7536.27
8292,973.9999999999999,8235.885
8293,0.0,9307.127
8294,0.0,11613.403
8295,0.0,6324.8545
8296,0.0,2802.1472
8297,0.0,-1104.9153
8298,0.0,7988.741
8299,0.0,-65.76318
8300,0.0,-730.92126
8301,0.0,-4526.598
8302,0.0,-1443.287
8303,0.0,2452.395
8304,0.0,-3290.7095
8305,0.0,-3683.2488
8306,0.0,-4113.839
8307,0.0,-2467.4224
8308,0.0,-770.6273
8309,0.0,6779.0757
8310,400.0,6541.629
8311,582.0,8277.12
8312,840.9999999999999,10984.025
8313,1230.0,4681.8057
8314,1517.0,9875.825
8315,2280.0,14532.082
8316,2352.0,12779.224
8317,2267.0,13699.291
8318,2037.0000000000002,13427.643
8319,2303.0,21638.398
8320,3378.0,11483.082
8321,2585.0,21587.428
8322,1994.0,23412.656
8323,1482.0,24655.465
8324,1966.0000000000002,27227.22
8325,1512.0,29044.912
8326,1093.0,31960.918
8327,840.9999999999999,26078.5
8328,859.0000000000001,29263.582
8329,1176.0,31353.09
8330,901.0000000000001,29892.938
8331,1143.0,32549.773
8332,1411.0,31232.871
8333,1768.0,33507.312
8334,2555.0,31277.625
8335,2135.0,28673.805
8336,1769.0,33996.22
8337,3357.0,31134.365
8338,2659.0,25141.064
8339,1470.0000000000002,22592.1
8340,1058.0,18717.191
8341,844.0,19436.73
8342,1160.0,24629.766
8343,1215.0,13623.088
8344,1881.0,9876.514
8345,1746.0,11321.51
8346,1328.0,8749.289
8347,973.9999999999999,5003.8486
8348,0.0,7828.4844
8349,0.0,5163.758
8350,0.0,9983.357
8351,0.0,5282.7295
8352,0.0,1062.685
8353,0.0,-2322.4126
8354,0.0,7851.38
8355,0.0,-1242.6887
8356,0.0,-2185.473
8357,0.0,-2965.2854
8358,0.0,-494.25403
8359,0.0,5279.4785
8360,0.0,631.9385
8361,0.0,-2642.1772
8362,0.0,-4385.096
8363,0.0,242.77075
8364,0.0,1611.542
8365,400.0,9117.019
8366,582.0,8968.918
8367,840.9999999999999,8901.436
8368,1230.0,15647.029
8369,1517.0,5312.6997
8370,2280.0,11325.518
8371,2352.0,16405.008
8372,2267.0,15030.477
8373,2037.0000000000002,17790.625
8374,2303.0,13334.921
8375,3378.0,23251.428
8376,2585.0,12118.692
8377,1994.0,20790.047
8378,1482.0,24891.562
8379,1966.0000000000002,25097.254
8380,1512.0,28197.488
8381,1093.0,30920.637
8382,840.9999999999999,31227.691
8383,859.0000000000001,26667.512
8384,1176.0,28205.12
8385,901.0000000000001,31428.117
8386,1143.0,29581.371
8387,1411.0,31995.402
8388,1768.0,31791.49
8389,2555.0,29749.238
8390,2135.0,29110.828
8391,1769.0,25715.775
8392,3357.0,31009.215
8393,2659.0,29646.125
8394,1470.0000000000002,21249.824
8395,1058.0,20344.62
8396,844.0,13567.556
8397,1160.0,14416.702
8398,1215.0,20649.57
8399,1352.0,9778.865
8400,1746.0,7157.119
8401,1328.0,9552.121
8402,973.9999999999999,6971.5513
8403,0.0,2470.0898
8404,0.0,5448.072
8405,0.0,4303.809
8406,0.0,8199.998
8407,0.0,3621.1992
8408,0.0,213.11743
8409,0.0,-3403.5156
8410,0.0,6273.628
8411,0.0,-2089.3408
8412,0.0,-1626.1405
8413,0.0,-5828.0312
8414,0.0,-1584.9253
8415,0.0,2992.2185
8416,0.0,-1997.3054
8417,0.0,-1696.463
8418,0.0,-2878.2173
8419,0.0,105.68762
8420,400.0,1257.5248
8421,582.0,8285.185
8422,840.9999999999999,9937.953
8423,1230.0,9538.215
8424,1517.0,16034.44
8425,2280.0,9562.542
8426,2352.0,12643.416
8427,2267.0,19061.492
8428,2037.0000000000002,17978.102
8429,2303.0,19092.049
8430,3378.0,16493.414
8431,2585.0,27549.943
8432,1994.0,14876.574
8433,1482.0,24260.607
8434,1966.0000000000002,27751.703
8435,1512.0,29730.764
8436,1093.0,30433.52
8437,840.9999999999999,32959.203
8438,859.0000000000001,33053.78
8439,1176.0,28572.484
8440,901.0000000000001,29411.395
8441,1143.0,34224.953
8442,1411.0,30203.084
8443,1768.0,32510.152
8444,2555.0,30467.504
8445,2135.0,30188.365
8446,1769.0,29997.475
8447,3357.0,25838.465
8448,2659.0,29047.41
8449,1470.0000000000002,28303.977
8450,1058.0,20674.559
8451,844.0,18286.027
8452,1160.0,12535.256
8453,1215.0,12602.893
8454,1352.0,17850.188
8455,707.9999999999999,8546.974
8456,1328.0,6527.292
8457,973.9999999999999,8196.694
8458,0.0,6029.496
8459,0.0,1264.2068
8460,0.0,3560.753
8461,0.0,2353.8237
8462,0.0,6240.972
8463,0.0,2619.079
8464,0.0,-1195.5632
8465,0.0,-4421.8853
8466,0.0,4258.7793
8467,0.0,-2347.1074
8468,0.0,-2547.142
8469,0.0,-3783.767
8470,0.0,-1403.3741
8471,0.0,3975.4253
8472,0.0,140.35071
8473,0.0,-533.9835
8474,0.0,-2123.5344
8475,400.0,1390.6196
8476,582.0,3874.462
8477,840.9999999999999,11238.989
8478,1230.0,13494.055
8479,1517.0,13123.623
8480,2280.0,17995.643
8481,2352.0,10803.014
8482,2267.0,15295.772
8483,2037.0000000000002,21370.031
8484,2303.0,20321.709
8485,3378.0,22022.367
8486,2585.0,19622.53
8487,1994.0,28655.174
8488,1482.0,17773.002
8489,1966.0000000000002,27475.027
8490,1512.0,29072.441
8491,1093.0,29238.428
8492,840.9999999999999,30750.361
8493,859.0000000000001,32924.125
8494,1176.0,34136.836
8495,901.0000000000001,28295.1
8496,1143.0,29894.596
8497,1411.0,32680.28
8498,1768.0,30510.469
8499,2555.0,31733.904
8500,2135.0,30257.805
8501,1769.0,30051.555
8502,3357.0,28192.797
8503,2659.0,24434.816
8504,1470.0000000000002,28559.992
8505,1058.0,26285.625
8506,844.0,19619.81
8507,1160.0,16029.997
8508,1215.0,10764.956
8509,1352.0,11555.676
8510,707.9999999999999,16247.615
8511,665.0,6738.169
8512,973.9999999999999,5274.4893
8513,0.0,7099.6846
8514,0.0,5744.868
8515,0.0,-253.60083
8516,0.0,1277.2827
8517,0.0,2124.309
8518,0.0,5769.3564
8519,0.0,1750.2095
8520,0.0,-2130.8901
8521,0.0,-4647.5967
8522,0.0,4701.556
8523,0.0,-2706.3174
8524,0.0,-2445.4976
8525,0.0,-3597.4995
8526,0.0,-499.6189
8527,0.0,4731.663
8528,0.0,1524.2314
8529,0.0,384.38367
8530,400.0,-1864.3983
8531,582.0,2182.88
8532,840.9999999999999,5229.5703
8533,1230.0,12644.631
8534,1517.0,14100.533
8535,2280.0,14849.686
8536,2352.0,20582.59
8537,2267.0,13216.494
8538,2037.0000000000002,17474.416
8539,2303.0,22275.65
8540,3378.0,21755.574
8541,2585.0,22882.268
8542,1994.0,20658.6
8543,1482.0,29119.46
8544,1966.0000000000002,18501.5
8545,1512.0,27270.582
8546,1093.0,27351.273
8547,840.9999999999999,29841.434
8548,859.0000000000001,31134.281
8549,1176.0,33727.47
8550,901.0000000000001,33224.29
8551,1143.0,27335.428
8552,1411.0,29282.025
8553,1768.0,31394.203
8554,2555.0,28714.576
8555,2135.0,30818.555
8556,1769.0,28220.809
8557,3357.0,26480.988
8558,2659.0,26881.625
8559,1470.0000000000002,21081.213
8560,1058.0,25203.33
8561,844.0,24098.469
8562,1160.0,17157.385
8563,1215.0,14353.219
8564,1352.0,8008.0884
8565,707.9999999999999,9289.327
8566,665.0,15015.875
8567,890.0000000000001,4589.198
8568,0.0,3721.2988
8569,0.0,5918.5537
8570,0.0,3558.0212
8571,0.0,-253.24341
8572,0.0,852.0454
8573,0.0,2118.2073
8574,0.0,4183.253
8575,0.0,2223.0015
8576,0.0,-2680.4348
8577,0.0,-5377.3623
8578,0.0,5085.8047
8579,0.0,-2569.9146
8580,0.0,-1855.3469
8581,0.0,-3678.3733
8582,0.0,-841.8335
8583,0.0,4702.862
8584,0.0,1476.9728
8585,400.0,1058.9768
8586,582.0,1260.0126
8587,840.9999999999999,4217.868
8588,1230.0,6235.029
8589,1517.0,14893.418
8590,2280.0,16149.077
8591,2352.0,16959.771
8592,2267.0,22191.107
8593,2037.0000000000002,15102.975
8594,2303.0,19986.562
8595,3378.0,25622.45
8596,2585.0,23277.15
8597,1994.0,24079.828
8598,1482.0,22956.23
8599,1966.0000000000002,30191.156
8600,1512.0,19343.174
8601,1093.0,27981.963
8602,840.9999999999999,29256.238
8603,859.0000000000001,29225.736
8604,1176.0,31074.934
8605,901.0000000000001,32473.895
8606,1143.0,33199.457
8607,1411.0,27493.553
8608,1768.0,29189.799
8609,2555.0,31141.297
8610,2135.0,26810.113
8611,1769.0,28515.914
8612,3357.0,27234.848
8613,2659.0,26123.541
8614,1470.0000000000002,24592.916
8615,1058.0,20392.096
8616,844.0,24402.236
8617,1160.0,21639.533
8618,1215.0,15025.163
8619,1352.0,12301.103
8620,707.9999999999999,7625.869
8621,665.0,8189.5903
8622,890.0000000000001,13005.287
8623,0.0,3986.3987
8624,0.0,2330.298
8625,0.0,3679.9287
8626,0.0,1884.7754
8627,0.0,-1570.9751
8628,0.0,1630.0454
8629,0.0,236.56396
8630,0.0,3700.266
8631,0.0,2336.083
8632,0.0,-2501.8828
8633,0.0,-5131.414
8634,0.0,6465.2676
8635,0.0,-1852.6293
8636,0.0,-1527.7836
8637,0.0,-1517.4136
8638,0.0,952.54224
8639,0.0,7989.7715
8640,400.0,5167.803
8641,582.0,2505.9136
8642,840.9999999999999,2665.2542
8643,1230.0,6589.5117
8644,1517.0,8673.435
8645,2280.0,17374.424
8646,2352.0,18532.205
8647,2267.0,18129.996
8648,2037.0000000000002,25250.521
8649,2303.0,16244.06
8650,3378.0,21422.914
8651,2585.0,27102.828
8652,1994.0,24642.092
8653,1482.0,26916.082
8654,1966.0000000000002,23010.75
8655,1512.0,30938.871
8656,1093.0,19279.824
8657,840.9999999999999,26392.861
8658,859.0000000000001,30359.03
8659,1176.0,29475.783
8660,901.0000000000001,30933.752
8661,1143.0,32390.39
8662,1411.0,31904.453
8663,1768.0,26587.201
8664,2555.0,27393.096
8665,2135.0,30231.496
8666,1769.0,25597.42
8667,3357.0,27307.809
8668,2659.0,26263.846
8669,1470.0000000000002,23342.52
8670,1058.0,22332.027
8671,844.0,18032.344
8672,1160.0,21650.734
8673,1215.0,19589.93
8674,1352.0,12696.581
8675,707.9999999999999,10076.285
8676,665.0,3708.1584
8677,890.0000000000001,4228.7646
8678,0.0,10381.551
8679,0.0,1809.2772
8680,0.0,1041.5718
8681,0.0,3255.9248
8682,0.0,2187.557
8683,0.0,-2512.3525
8684,0.0,470.91663
8685,0.0,567.94116
8686,0.0,3881.1216
8687,0.0,2249.7783
8688,0.0,-1811.0907
8689,0.0,-4302.1904
8690,0.0,5812.3237
8691,0.0,-1285.9624
8692,0.0,27.545044
8693,0.0,-1794.5874
8694,0.0,2058.1143
8695,400.0,7787.369
8696,582.0,4769.4287
8697,840.9999999999999,4604.821
8698,1230.0,5026.7295
8699,1517.0,8797.2
8700,2280.0,9572.334
8701,2352.0,18031.457
8702,2267.0,19845.398
8703,2037.0000000000002,20157.633
8704,2303.0,26531.088
8705,3378.0,19597.465
8706,2585.0,23019.602
8707,1994.0,29071.113
8708,1482.0,27320.16
8709,1966.0000000000002,27866.15
8710,1512.0,25268.113
8711,1093.0,33777.047
8712,840.9999999999999,20703.373
8713,859.0000000000001,28844.23
8714,1176.0,31456.463
8715,901.0000000000001,31910.316
8716,1143.0,31326.484
8717,1411.0,32873.42
8718,1768.0,32253.223
8719,2555.0,26471.895
8720,2135.0,27416.102
8721,1769.0,30899.559
8722,3357.0,25057.043
8723,2659.0,27049.828
8724,1470.0000000000002,25267.883
8725,1058.0,22320.264
8726,844.0,22472.775
8727,1160.0,17118.967
8728,1215.0,19938.676
8729,1352.0,18763.172
8730,707.9999999999999,11633.625
8731,665.0,9124.27
8732,890.0000000000001,3328.8875
8733,0.0,3500.628
8734,0.0,8810.18
8735,0.0,663.9464
8736,0.0,275.07666
8737,0.0,2062.8467
8738,0.0,1398.7272
8739,0.0,-2617.1274
8740,0.0,66.58362
8741,0.0,-107.569336
8742,0.0,3316.859
8743,0.0,2447.5012
8744,0.0,-1862.8623
8745,0.0,-4066.2317
8746,0.0,5950.282
8747,0.0,-244.82275
8748,0.0,253.34717
8749,0.0,563.776
8750,400.0,2799.407
8751,582.0,9487.039
8752,840.9999999999999,7449.019
8753,1230.0,6382.1934
8754,1517.0,6539.1655
8755,2280.0,10027.851
8756,2352.0,11741.386
8757,2267.0,20713.719
8758,2037.0000000000002,22731.674
8759,2303.0,22418.34
8760,3378.0,27700.9
8761,2585.0,20294.062
8762,1994.0,24381.938
8763,1482.0,30016.396
8764,1966.0000000000002,27849.514
8765,1512.0,28444.426
8766,1093.0,25577.77
8767,840.9999999999999,33147.516
8768,859.0000000000001,21248.408
8769,1176.0,28920.273
8770,901.0000000000001,30142.121
8771,1143.0,29048.885
8772,1411.0,29443.277
8773,1768.0,30663.074
8774,2555.0,30416.3
8775,2135.0,24462.037
8776,1769.0,25259.227
8777,3357.0,27892.307
8778,2659.0,23575.037
8779,1470.0000000000002,24466.404
8780,1058.0,23147.35
8781,844.0,21173.734
8782,1160.0,19270.43
8783,1215.0,15283.181
8784,1352.0,18604.016
8785,707.9999999999999,16426.23
8786,665.0,10163.51
8787,890.0000000000001,6800.5464
8788,0.0,1713.1959
8789,0.0,2519.978
8790,0.0,7356.203
8791,0.0,242.94421
8792,0.0,292.31787
8793,0.0,2304.498
8794,0.0,2105.6533
8795,0.0,-2664.4976
8796,0.0,-302.7633
8797,0.0,971.32166
8798,0.0,4239.0024
8799,0.0,2962.5654
8800,0.0,-1127.917
8801,0.0,-2895.866
8802,0.0,7609.101
8803,0.0,551.0287
8804,0.0,1517.6975
8805,400.0,1634.7229
8806,582.0,4874.2773
8807,840.9999999999999,11300.046
8808,1230.0,9398.662
8809,1517.0,7936.8926
8810,2280.0,7638.457
8811,2352.0,11488.272
8812,2267.0,13433.365
8813,2037.0000000000002,22300.15
8814,2303.0,23352.504
8815,3378.0,23899.54
8816,2585.0,29452.463
8817,1994.0,21831.477
8818,1482.0,25469.898
8819,1966.0000000000002,30116.49
8820,1512.0,28181.762
8821,1093.0,28125.082
8822,840.9999999999999,25296.898
8823,859.0000000000001,32268.605
8824,1176.0,20336.195
8825,901.0000000000001,27318.13
8826,1143.0,27696.318
8827,1411.0,28124.719
8828,1768.0,28117.742
8829,2555.0,29973.807
8830,2135.0,28547.074
8831,1769.0,22484.953
8832,3357.0,23494.887
8833,2659.0,25772.338
8834,1470.0000000000002,21184.973
8835,1058.0,23204.082
8836,844.0,20987.68
8837,1160.0,18002.08
8838,1215.0,17957.3
8839,1352.0,12789.836
8840,707.9999999999999,16114.633
8841,665.0,14963.3125
8842,890.0000000000001,8653.697
8843,0.0,6149.947
8844,0.0,349.87354
8845,0.0,1559.928
8846,0.0,7470.957
8847,0.0,-249.96997
8848,0.0,-471.6682
8849,0.0,1971.8286
8850,0.0,1051.4573
8851,0.0,-2086.4526
8852,0.0,175.99866
8853,0.0,1557.6415
8854,0.0,3755.4863
8855,0.0,4131.755
8856,0.0,-788.6389
8857,0.0,-2537.5903
8858,0.0,8744.663
8859,0.0,1618.9387
8860,400.0,3023.2378
8861,582.0,2413.2988
8862,840.9999999999999,5333.624
8863,1230.0,12026.32
8864,1517.0,9967.68
8865,2280.0,8946.508
8866,2352.0,10300.172
8867,2267.0,13519.764
8868,2037.0000000000002,14471.555
8869,2303.0,24035.832
8870,3378.0,24758.465
8871,2585.0,25167.293
8872,1994.0,30393.752
8873,1482.0,22805.592
8874,1966.0000000000002,26896.805
8875,1512.0,32167.348
8876,1093.0,28683.637
8877,840.9999999999999,28106.258
8878,859.0000000000001,25996.654
8879,1176.0,32277.791
8880,901.0000000000001,20102.322
8881,1143.0,26743.553
8882,1411.0,27981.105
8883,1768.0,26666.19
8884,2555.0,27078.387
8885,2135.0,27807.078
8886,1769.0,27502.877
8887,3357.0,21504.928
8888,2659.0,22385.682
8889,1470.0000000000002,24767.996
8890,1058.0,18882.848
8891,844.0,20764.26
8892,1160.0,19431.697
8893,1215.0,17238.066
8894,1352.0,15830.751
8895,707.9999999999999,11965.368
8896,665.0,15530.081
8897,890.0000000000001,13117.573
8898,0.0,7190.0146
8899,0.0,4550.5737
8900,0.0,144.60938
8901,0.0,1091.9307
8902,0.0,6217.2676
8903,0.0,-425.0454
8904,0.0,-970.7156
8905,0.0,931.3699
8906,0.0,485.7168
8907,0.0,-2414.3867
8908,0.0,1383.2263
8909,0.0,773.7521
8910,0.0,3769.2588
8911,0.0,4690.1216
8912,0.0,-0.45776367
8913,0.0,-1800.317
8914,0.0,10210.814
8915,400.0,2754.6233
8916,582.0,3503.657
8917,840.9999999999999,4498.2783
8918,1230.0,7022.686
8919,1517.0,14545.295
8920,2280.0,12651.781
8921,2352.0,9929.607
8922,2267.0,11593.236
8923,2037.0000000000002,15408.518
8924,2303.0,15895.889
8925,3378.0,25929.59
8926,2585.0,26110.592
8927,1994.0,25616.264
8928,1482.0,32018.414
8929,1966.0000000000002,22871.934
8930,1512.0,27274.527
8931,1093.0,32644.453
8932,840.9999999999999,28870.76
8933,859.0000000000001,28950.205
8934,1176.0,24777.18
8935,901.0000000000001,31695.025
8936,1143.0,18864.855
8937,1411.0,24123.234
8938,1768.0,27474.582
8939,2555.0,25358.629
8940,2135.0,25412.318
8941,1769.0,26668.312
8942,3357.0,25310.912
8943,2659.0,19508.785
8944,1470.0000000000002,19946.877
8945,1058.0,22950.791
8946,844.0,17053.557
8947,1160.0,18887.395
8948,1215.0,17963.322
8949,1352.0,14651.564
8950,707.9999999999999,13618.092
8951,665.0,9945.586
8952,890.0000000000001,13050.335
8953,0.0,11506.852
8954,0.0,5521.9766
8955,0.0,3141.875
8956,0.0,-2501.2837
8957,0.0,-1668.6023
8958,0.0,4527.9004
8959,0.0,-1811.9429
8960,0.0,-2157.6768
8961,0.0,619.34766
8962,0.0,956.23413
8963,0.0,-2973.3535
8964,0.0,717.35077
8965,0.0,879.79663
8966,0.0,3914.398
8967,0.0,4784.574
8968,0.0,817.5571
8969,0.0,-912.40076
8970,400.0,9975.349
8971,582.0,3579.8513
8972,840.9999999999999,4917.33
8973,1230.0,4897.971
8974,1517.0,8241.99
8975,2280.0,15121.947
8976,2352.0,13099.514
8977,2267.0,11957.545
8978,2037.0000000000002,14118.513
8979,2303.0,17819.488
8980,3378.0,17292.268
8981,2585.0,27135.447
8982,1994.0,27764.7
8983,1482.0,27628.912
8984,1966.0000000000002,33456.293
8985,1512.0,25910.088
8986,1093.0,28930.342
8987,840.9999999999999,34225.984
8988,859.0000000000001,30872.441
8989,1176.0,29676.834
8990,901.0000000000001,26131.195
8991,1143.0,33643.703
8992,1411.0,19442.754
8993,1768.0,25192.422
8994,2555.0,27722.027
8995,2135.0,26046.281
8996,1769.0,24686.059
8997,3357.0,26237.06
8998,2659.0,24509.312
8999,1470.0000000000002,18313.174
9000,1058.0,18793.695
9001,844.0,22535.764
9002,1160.0,15838.39
9003,1215.0,17673.646
9004,1352.0,16303.821
9005,707.9999999999999,13009.878
9006,665.0,12896.046
9007,890.0000000000001,8550.374
9008,0.0,10825.078
9009,0.0,10235.498
9010,0.0,3982.19
9011,0.0,1954.9015
9012,0.0,-3033.1948
9013,0.0,-2674.1533
9014,0.0,3238.178
9015,0.0,-2847.8557
9016,0.0,-2768.4148
9017,0.0,-473.1411
9018,0.0,127.30078
9019,0.0,-3120.9336
9020,0.0,110.70227
9021,0.0,310.9828
9022,0.0,3538.4941
9023,0.0,4774.9814
9024,0.0,929.0738
9025,400.0,-729.0117
9026,582.0,10223.529
9027,840.9999999999999,4568.964
9028,1230.0,4993.885
9029,1517.0,6517.0757
9030,2280.0,8836.175
9031,2352.0,16331.01
9032,2267.0,14998.408
9033,2037.0000000000002,13327.475
9034,2303.0,15230.633
9035,3378.0,18944.996
9036,2585.0,18862.348
9037,1994.0,29230.053
9038,1482.0,29586.512
9039,1966.0000000000002,29419.922
9040,1512.0,34280.53
9041,1093.0,26345.148
9042,840.9999999999999,29866.396
9043,859.0000000000001,34847.133
9044,1176.0,31188.398
9045,901.0000000000001,29700.986
9046,1143.0,26182.402
9047,1411.0,32894.066
9048,1768.0,19463.293
9049,2555.0,24877.766
9050,2135.0,26310.703
9051,1769.0,23707.621
9052,3357.0,22804.844
9053,2659.0,24285.52
9054,1470.0000000000002,22972.701
9055,1058.0,16753.807
9056,844.0,16990.424
9057,1160.0,20152.314
9058,1215.0,14403.43
9059,1352.0,15644.934
9060,707.9999999999999,14493.602
9061,665.0,12002.8955
9062,890.0000000000001,10199.265
9063,0.0,7276.287
9064,0.0,9867.693
9065,0.0,8580.262
9066,0.0,2780.5996
9067,0.0,293.09814
9068,0.0,-4217.4463
9069,0.0,-3289.5073
9070,0.0,2002.3933
9071,0.0,-3071.9536
9072,0.0,-2481.2234
9073,0.0,-75.20703
9074,0.0,1028.2756
9075,0.0,-2777.8247
9076,0.0,139.8274
9077,0.0,1587.4551
9078,0.0,4508.173
9079,0.0,5709.817
9080,400.0,1887.3838
9081,582.0,656.3481
9082,840.9999999999999,12215.268
9083,1230.0,5744.7695
9084,1517.0,6354.3916
9085,2280.0,7786.622
9086,2352.0,11088.883
9087,2267.0,18488.361
9088,2037.0000000000002,17229.973
9089,2303.0,15044.308
9090,3378.0,16526.219
9091,2585.0,20576.744
9092,1994.0,20612.041
9093,1482.0,30653.002
9094,1966.0000000000002,30130.191
9095,1512.0,30753.293
9096,1093.0,35725.83
9097,840.9999999999999,27304.373
9098,859.0000000000001,30505.02
9099,1176.0,34567.53
9100,901.0000000000001,30873.928
9101,1143.0,28834.828
9102,1411.0,25334.234
9103,1768.0,31360.107
9104,2555.0,17947.797
9105,2135.0,22695.27
9106,1769.0,23468.469
9107,3357.0,22014.492
9108,2659.0,20652.12
9109,1470.0000000000002,22715.953
9110,1058.0,20647.826
9111,844.0,14437.6455
9112,1160.0,14545.507
9113,1215.0,17577.18
9114,1352.0,11756.72
9115,707.9999999999999,14204.092
9116,665.0,12145.375
9117,890.0000000000001,9009.675
9118,0.0,8913.046
9119,0.0,5224.045
9120,0.0,7776.372
9121,0.0,7342.742
9122,0.0,1384.7744
9123,0.0,-112.65222
9124,0.0,-5087.334
9125,0.0,-3782.6653
9126,0.0,2318.4792
9127,0.0,-2959.639
9128,0.0,-2744.7246
9129,0.0,-123.36218
9130,0.0,504.64624
9131,0.0,-2256.3428
9132,0.0,811.24243
9133,0.0,2194.4253
9134,0.0,4312.68
9135,400.0,6896.7563
9136,582.0,2176.1567
9137,840.9999999999999,1225.6692
9138,1230.0,13413.689
9139,1517.0,6833.9062
9140,2280.0,7823.7583
9141,2352.0,8803.859
9142,2267.0,11686.494
9143,2037.0000000000002,19455.852
9144,2303.0,18046.207
9145,3378.0,15855.425
9146,2585.0,18416.469
9147,1994.0,22403.652
9148,1482.0,21581.43
9149,1966.0000000000002,31929.867
9150,1512.0,31178.014
9151,1093.0,31525.926
9152,840.9999999999999,36539.04
9153,859.0000000000001,27935.766
9154,1176.0,31445.596
9155,901.0000000000001,36000.06
9156,1143.0,31043.688
9157,1411.0,28749.879
9158,1768.0,25448.05
9159,2555.0,31206.168
9160,2135.0,17580.342
9161,1769.0,21833.383
9162,3357.0,23423.01
9163,2659.0,20767.93
9164,1470.0000000000002,19834.148
9165,1058.0,20927.377
9166,844.0,19705.537
9167,1160.0,13616.055
9168,1215.0,13532.9
9169,1352.0,16815.926
9170,707.9999999999999,9942.218
9171,665.0,12382.895
9172,890.0000000000001,10879.964
9173,0.0,8539.781
9174,0.0,7375.414
9175,0.0,4725.3833
9176,0.0,7621.5967
9177,0.0,6157.2983
9178,0.0,456.82422
9179,0.0,-1081.438
9180,0.0,-5241.099
9181,0.0,-3808.7302
9182,0.0,1519.052
9183,0.0,-2981.6016
9184,0.0,-2444.662
9185,0.0,-378.7201
9186,0.0,654.0925
9187,0.0,-1814.9503
9188,0.0,2188.0117
9189,0.0,2120.8193
9190,400.0,4575.6953
9191,582.0,7674.303
9192,840.9999999999999,3139.8992
9193,1230.0,2052.2148
9194,1517.0,14734.525
9195,2280.0,7784.467
9196,2352.0,8219.604
9197,2267.0,10523.996
9198,2037.0000000000002,12887.898
9199,2303.0,21180.98
9200,3378.0,19819.922
9201,2585.0,16178.383
9202,1994.0,19206.537
9203,1482.0,23481.37
9204,1966.0000000000002,22120.79
9205,1512.0,33074.344
9206,1093.0,31613.855
9207,840.9999999999999,31331.496
9208,859.0000000000001,37062.28
9209,1176.0,27324.453
9210,901.0000000000001,30996.434
9211,1143.0,35602.59
9212,1411.0,30380.24
9213,1768.0,28360.635
9214,2555.0,23621.768
9215,2135.0,29870.568
9216,1769.0,15858.3125
9217,3357.0,18860.424
9218,2659.0,22196.223
9219,1470.0000000000002,18777.06
9220,1058.0,17807.676
9221,844.0,19619.602
9222,1160.0,17529.105
9223,1215.0,11567.029
9224,1352.0,11179.601
9225,707.9999999999999,15007.425
9226,665.0,8370.334
9227,890.0000000000001,10773.389
9228,0.0,9692.922
9229,0.0,6708.8105
9230,0.0,5865.736
9231,0.0,3419.2197
9232,0.0,6059.466
9233,0.0,5339.5674
9234,0.0,-504.61267
9235,0.0,-1497.1255
9236,0.0,-6659.779
9237,0.0,-5380.452
9238,0.0,815.50934
9239,0.0,-3445.495
9240,0.0,-3033.2217
9241,0.0,-74.349
9242,0.0,1536.802
9243,0.0,-1599.9471
9244,0.0,2341.8762
9245,400.0,2870.5505
9246,582.0,5359.046
9247,840.9999999999999,8470.826
9248,1230.0,4443.5205
9249,1517.0,3503.6494
9250,2280.0,15325.259
9251,2352.0,9132.1
9252,2267.0,10027.811
9253,2037.0000000000002,11669.957
9254,2303.0,14580.665
9255,3378.0,22531.906
9256,2585.0,20863.133
9257,1994.0,18396.531
9258,1482.0,21946.287
9259,1966.0000000000002,25966.42
9260,1512.0,23831.992
9261,1093.0,34508.29
9262,840.9999999999999,33266.86
9263,859.0000000000001,33139.617
9264,1176.0,38251.984
9265,901.0000000000001,29836.047
9266,1143.0,32289.785
9267,1411.0,36609.02
9268,1768.0,31630.355
9269,2555.0,28756.947
9270,2135.0,24174.344
9271,1769.0,30935.148
9272,3357.0,15700.459
9273,2659.0,18968.941
9274,1470.0000000000002,21732.877
9275,1058.0,18350.588
9276,844.0,16430.889
9277,1160.0,18572.71
9278,1215.0,16131.068
9279,1352.0,9788.576
9280,707.9999999999999,9409.958
9281,665.0,14026.425
9282,890.0000000000001,6949.079
9283,0.0,9144.293
9284,0.0,7871.7476
9285,0.0,5113.736
9286,0.0,4932.349
9287,0.0,2080.162
9288,0.0,4038.1025
9289,0.0,4199.0996
9290,0.0,-1762.3181
9291,0.0,-2511.0608
9292,0.0,-6779.5034
9293,0.0,-5918.485
9294,0.0,190.89087
9295,0.0,-3902.9478
9296,0.0,-3314.6516
9297,0.0,-724.4341
9298,0.0,971.3595
9299,0.0,-1513.6324
9300,400.0,2027.7156
9301,582.0,2691.022
9302,840.9999999999999,5256.3423
9303,1230.0,8584.393
9304,1517.0,4718.3213
9305,2280.0,3727.166
9306,2352.0,15862.974
9307,2267.0,10109.224
9308,2037.0000000000002,10040.959
9309,2303.0,12836.605
9310,3378.0,15066.33
9311,2585.0,23385.64
9312,1994.0,22128.703
9313,1482.0,19294.547
9314,1966.0000000000002,22668.994
9315,1512.0,26786.684
9316,1093.0,24744.291
9317,840.9999999999999,35915.277
9318,859.0000000000001,34145.758
9319,1176.0,34206.746
9320,901.0000000000001,38443.35
9321,1143.0,29742.445
9322,1411.0,32537.576
9323,1768.0,36749.31
9324,2555.0,31510.96
9325,2135.0,28253.191
9326,1769.0,23698.365
9327,3357.0,29952.234
9328,2659.0,15129.883
9329,1470.0000000000002,18187.441
9330,1058.0,20134.73
9331,844.0,16351.227
9332,1160.0,14555.149
9333,1215.0,16817.271
9334,1352.0,14800.29
9335,707.9999999999999,8419.482
9336,665.0,7828.025
9337,890.0000000000001,12095.422
9338,0.0,5785.2744
9339,0.0,7605.0176
9340,0.0,6564.128
9341,0.0,4500.4644
9342,0.0,2878.4756
9343,0.0,1410.9475
9344,0.0,3593.7898
9345,0.0,3272.9395
9346,0.0,-2381.884
9347,0.0,-3446.3809
9348,0.0,-7422.167
9349,0.0,-6016.7188
9350,0.0,-622.28925
9351,0.0,-3749.8796
9352,0.0,-2672.7495
9353,0.0,-46.411133
9354,0.0,2027.4087
9355,400.0,-764.902
9356,582.0,2408.3777
9357,840.9999999999999,4251.0645
9358,1230.0,6417.062
9359,1517.0,9778.092
9360,2280.0,5813.633
9361,2352.0,5203.677
9362,2267.0,17912.164
9363,2037.0000000000002,11338.85
9364,2303.0,11369.517
9365,3378.0,14019.284
9366,2585.0,17074.357
9367,1994.0,25312.258
9368,1482.0,23959.016
9369,1966.0000000000002,20759.549
9370,1512.0,23793.467
9371,1093.0,27989.588
9372,840.9999999999999,26101.945
9373,859.0000000000001,36871.137
9374,1176.0,34325.25
9375,901.0000000000001,35026.164
9376,1143.0,39139.8
9377,1411.0,30046.068
9378,1768.0,32509.77
9379,2555.0,35917.816
9380,2135.0,30653.035
9381,1769.0,27004.031
9382,3357.0,22563.168
9383,2659.0,28071.648
9384,1470.0000000000002,13266.748
9385,1058.0,15801.464
9386,844.0,17334.46
9387,1160.0,14404.418
9388,1215.0,12235.267
9389,1352.0,15060.122
9390,707.9999999999999,12587.273
9391,665.0,6185.96
9392,890.0000000000001,5416.4946
9393,0.0,9776.493
9394,0.0,3447.7825
9395,0.0,6404.992
9396,0.0,4557.597
9397,0.0,2153.376
9398,0.0,1955.5935
9399,0.0,24.970947
9400,0.0,2153.1519
9401,0.0,2401.831
9402,0.0,-3321.4712
9403,0.0,-3618.3105
9404,0.0,-7765.6675
9405,0.0,-6049.999
9406,0.0,24.887573
9407,0.0,-3143.078
