,actual,pred
0,5547.0,5015.528
1,5572.0,4889.5103
2,5603.0,4430.274
3,3052.0,4150.4023
4,2035.0,3295.9146
5,2290.0,2762.5742
6,1853.9999999999998,2730.269
7,2034.0,2824.0266
8,1369.0,2589.9924
9,3155.0000000000005,1877.7141
10,3960.0,2502.55
11,3208.9999999999995,3079.8357
12,4741.0,2992.0955
13,2301.0,3376.1265
14,1139.0,2507.6248
15,2302.0,1520.2173
16,1787.0,2190.35
17,6038.0,3386.1816
18,9109.0,5957.5625
19,13093.999999999998,7552.9346
20,8559.0,8645.452
21,5111.0,7010.6016
22,2488.0,4892.072
23,2427.0,4919.702
24,2893.0,3899.37
25,5519.0,3452.7087
26,3580.0000000000005,2764.3926
27,3258.0,2329.7432
28,1680.0,1841.2223
29,2183.0,759.37305
30,1662.9999999999998,1268.3436
31,1864.0000000000002,1283.4362
32,874.0,751.15173
33,0.0,634.5628
34,0.0,342.02356
35,0.0,260.02994
36,1996.0,267.58618
37,2088.0,489.7975
38,2398.0,1955.9889
39,2344.0,2294.2678
40,2967.0,2123.247
41,3372.0,3120.5427
42,3130.9999999999995,3479.7876
43,4572.0,3671.116
44,4237.0,4310.9653
45,5911.0,5497.036
46,7666.000000000001,6565.106
47,6947.0,6699.8237
48,5718.000000000001,6606.6934
49,7327.000000000001,7782.4067
50,9694.0,9264.082
51,9060.0,10362.765
52,12045.0,10560.764
53,12494.0,12125.675
54,15938.0,13442.054
55,13263.000000000002,15006.601
56,14285.000000000002,13676.354
57,13470.000000000002,12951.427
58,12655.000000000002,14866.053
59,16486.0,15169.002
60,14706.0,15270.641
61,14324.0,15684.035
62,15470.0,15467.14
63,16056.0,15209.951
64,19254.0,14794.59
65,14156.999999999998,14528.876
66,16477.0,13600.897
67,17394.0,13401.31
68,11007.0,11729.139
69,7485.0,10746.704
70,14213.0,11050.52
71,8801.0,10692.382
72,3059.0,7767.248
73,2414.0,6442.4204
74,3637.0,6569.346
75,6798.0,6291.674
76,6303.0,6193.2505
77,8949.0,7048.059
78,10456.0,8098.6567
79,8184.0,7182.9634
80,6667.999999999999,6021.5454
81,5994.0,4622.602
82,3703.0,3311.6934
83,1317.0,2124.2646
84,1051.0,1475.2474
85,1414.0,987.3769
86,1321.0,629.5476
87,934.0000000000001,519.5614
88,770.0,511.96548
89,0.0,517.20917
90,0.0,465.3159
91,0.0,422.70847
92,588.0,396.16315
93,644.0,397.42267
94,706.0000000000001,736.6549
95,785.0,704.5533
96,874.0,1014.33844
97,992.0,1127.3484
98,1155.0,1450.2372
99,1376.0,1959.7408
100,1853.9999999999998,2573.0847
101,2462.0,3516.3538
102,4038.0,4756.713
103,5757.0,6266.1064
104,7485.999999999999,7479.2896
105,10519.0,8947.041
106,13165.0,10472.898
107,14031.0,11400.708
108,14544.0,12369.049
109,14722.0,13348.301
110,12781.999999999998,14489.511
111,17084.0,15371.284
112,15309.0,16660.018
113,18380.0,16356.553
114,18594.0,17193.725
115,18805.0,16950.957
116,18825.0,17105.559
117,18804.0,17654.682
118,18678.0,17661.072
119,18422.0,17585.715
120,18202.0,17753.227
121,17947.0,17207.352
122,17762.0,17143.385
123,17324.0,16601.318
124,16919.0,16365.8955
125,16400.0,15798.004
126,15861.0,15679.37
127,15275.000000000002,14854.051
128,14669.0,14781.312
129,13837.0,14131.919
130,13178.0,13733.098
131,12350.0,13092.519
132,11540.0,12769.655
133,10674.0,11851.386
134,9708.0,11125.286
135,8630.0,10303.048
136,7575.0,9004.986
137,6503.999999999999,7611.5483
138,5477.0,5907.505
139,4458.0,4058.258
140,3485.0,2614.0195
141,2546.0,1626.7366
142,1773.9999999999998,1060.933
143,1052.0,782.0013
144,548.0,628.1829
145,0.0,565.78644
146,0.0,548.42413
147,0.0,593.043
148,1418.0,591.32135
149,1066.0,626.30206
150,1006.0000000000001,1156.8956
151,1144.0,1497.8506
152,1228.0,1780.2522
153,1481.0,1793.1359
154,2836.0,1860.163
155,3288.0,2085.589
156,3298.9999999999995,2164.168
157,3674.0,3019.8027
158,4756.0,4113.9473
159,5920.000000000001,7040.053
160,7372.999999999999,9150.08
161,10234.0,11444.738
162,12437.0,13368.454
163,13201.0,14509.039
164,13719.0,15005.509
165,14643.999999999998,15965.161
166,15398.0,16002.711
167,15992.0,16254.659
168,16571.0,16360.948
169,17098.0,16513.06
170,17466.0,16367.569
171,17724.0,16530.027
172,17686.0,16639.367
173,17748.0,16444.568
174,17684.0,16561.918
175,17561.0,16399.002
176,17402.0,16121.241
177,17035.0,15954.257
178,16778.0,15572.64
179,16488.0,14999.605
180,16055.0,14894.009
181,15449.0,14355.143
182,15022.999999999998,14210.455
183,14454.0,13445.573
184,13755.0,13016.73
185,13201.0,12131.218
186,12382.0,11273.046
187,11686.999999999998,10161.935
188,10784.0,9128.951
189,7185.0,7878.302
190,6172.999999999999,6715.4243
191,7029.0,5862.8213
192,5045.0,5144.827
193,4123.0,4114.767
194,1826.0,2649.27
195,1864.0000000000002,1219.5254
196,1806.0,1086.5242
197,1671.0000000000002,858.5366
198,1648.0,697.365
199,938.0,625.159
200,0.0,447.93393
201,0.0,282.50647
202,0.0,369.365
203,0.0,411.31665
204,1274.0,455.08542
205,1312.0,488.75366
206,1445.0000000000002,969.5982
207,1604.0,1315.7858
208,2088.0,1808.3113
209,2292.0,1964.804
210,2488.0,2169.7437
211,2662.0,2521.2124
212,3152.0,3071.2932
213,3806.0000000000005,3756.2817
214,5059.0,4908.5586
215,6148.0,6089.7666
216,7578.0,7742.8696
217,9964.0,9477.655
218,11485.0,11178.176
219,12285.0,12305.368
220,12854.0,13442.949
221,13456.999999999998,14323.372
222,14057.0,15145.068
223,14706.0,15565.958
224,15243.000000000002,16191.443
225,15621.0,16444.861
226,16217.000000000002,16737.75
227,16670.0,16695.994
228,16766.0,16797.889
229,16440.0,16506.857
230,15341.0,16207.873
231,15773.0,15787.255
232,11576.000000000002,14232.604
233,9263.0,12082.448
234,10481.0,10148.354
235,9274.0,8433.638
236,7742.0,7314.767
237,7334.0,6829.6694
238,6596.0,6495.819
239,4277.0,4810.5205
240,1694.0,3660.2527
241,0.0,2703.4402
242,0.0,1585.3596
243,0.0,870.6364
244,0.0,625.2698
245,0.0,481.65106
246,0.0,413.61768
247,0.0,432.09424
248,0.0,465.9601
249,0.0,502.2781
250,0.0,538.24506
251,0.0,567.70026
252,0.0,584.77167
253,1105.0,589.07477
254,1902.0,572.731
255,1275.0,561.5271
256,531.0,483.26328
257,0.0,437.6932
258,0.0,420.87247
259,0.0,439.23895
260,1851.0,443.1233
261,2037.0,514.26935
262,2733.0,1367.9586
263,3014.0,2031.306
264,2885.0,2393.245
265,2305.0,2375.7275
266,2498.0,2715.6987
267,3274.0,2923.0923
268,2238.0,3361.7085
269,2477.0,3904.5325
270,4009.0,5553.4146
271,5734.0,7292.231
272,7504.0,8253.097
273,10750.0,10011.438
274,13264.0,11649.272
275,13798.000000000002,12705.164
276,14671.0,13552.291
277,14619.000000000002,14834.316
278,15458.0,15486.373
279,16667.0,16313.626
280,17010.0,16899.445
281,18547.0,17121.7
282,20223.0,17090.178
283,17490.0,16457.02
284,10377.0,14499.233
285,12567.0,12448.92
286,13137.0,12429.783
287,9161.0,11159.969
288,15197.999999999998,11456.918
289,4155.0,13510.81
290,10357.0,7298.351
291,14438.0,9365.935
292,9674.0,12614.308
293,6439.000000000001,9433.119
294,9207.0,11876.912
295,11505.0,11084.584
296,3699.9999999999995,6919.447
297,14925.0,8377.904
298,6234.0,12534.68
299,11379.0,10215.492
300,11031.0,6767.086
301,6116.0,7599.969
302,3867.9999999999995,5186.6587
303,5235.0,5472.675
304,7028.0,5482.77
305,6567.0,3828.022
306,5390.0,2819.714
307,4185.0,2456.9338
308,3383.0,1755.1171
309,2524.0,1397.1016
310,2116.0,895.1326
311,1347.0,642.45764
312,0.0,404.8029
313,0.0,297.37704
314,0.0,326.151
315,0.0,330.7187
316,607.0,347.16724
317,611.0,357.2974
318,617.0,560.85547
319,675.0,537.1424
320,743.0000000000001,599.948
321,835.0,575.13385
322,973.0,664.3051
323,1158.0,937.9982
324,1545.9999999999998,1393.0023
325,2095.0,2203.7852
326,3546.0,3521.361
327,5412.0,5468.0537
328,7514.0,7587.014
329,10644.0,9794.322
330,12961.0,11833.84
331,13787.999999999998,12933.662
332,14624.0,13618.846
333,12896.0,13949.096
334,13044.0,13234.61
335,11960.0,13041.696
336,9425.0,11924.514
337,13380.0,12328.596
338,15097.0,13036.8955
339,15672.0,13726.623
340,14386.0,13171.208
341,15550.0,13444.537
342,14580.0,13608.752
343,14653.0,13620.635
344,11514.999999999998,13504.917
345,13942.0,11431.578
346,15550.0,13738.271
347,15765.000000000002,15426.421
348,15439.0,13699.278
349,9749.0,13410.66
350,12033.999999999998,9951.963
351,10094.0,9987.488
352,6955.999999999999,9245.744
353,6760.0,7667.2544
354,9521.0,8622.404
355,7254.0,7621.6587
356,9132.0,6730.874
357,9318.0,6908.1387
358,4356.0,5812.3887
359,5052.0,3976.276
360,4250.0,2766.1917
361,3271.0,2572.907
362,2160.0,1863.2301
363,2450.0,1492.2762
364,1584.0,1089.5138
365,813.9999999999999,648.0964
366,1567.0,515.1897
367,865.0,452.7006
368,0.0,322.69077
369,0.0,182.02423
370,0.0,288.38626
371,0.0,316.87512
372,1922.0,376.77216
373,2208.0,430.08902
374,1283.0,1190.8751
375,2257.0,1917.0308
376,3150.0,2178.564
377,3492.0,2051.841
378,2679.0,2451.7769
379,3483.0,3569.6917
380,5513.0,4075.0532
381,3562.0,4340.8296
382,4015.9999999999995,4320.9365
383,7297.0,5010.7334
384,8103.0,7650.622
385,12152.000000000002,10990.884
386,8146.0,13956.179
387,10331.0,9570.813
388,8187.999999999999,7895.9204
389,11734.0,11477.655
390,12235.000000000002,10365.13
391,7934.0,7510.3613
392,17364.0,11906.263
393,18665.0,16180.198
394,17675.0,18737.562
395,18070.0,17342.57
396,9655.0,16937.13
397,18147.0,11782.222
398,13918.0,18277.984
399,18784.0,16368.959
400,14798.0,11858.426
401,17009.0,16801.441
402,10039.0,14897.713
403,16420.0,9760.383
404,9868.0,14691.573
405,13467.000000000002,15552.296
406,5555.0,8036.4424
407,12998.0,6841.1294
408,14939.999999999998,11843.417
409,7974.0,11288.282
410,5916.0,8496.008
411,7815.0,8808.999
412,6293.999999999999,7940.366
413,2865.9999999999995,5080.5356
414,3888.0000000000005,4144.367
415,3129.0,4239.712
416,2129.0,2871.4739
417,4151.0,2418.3645
418,4834.0,2355.905
419,3383.0,1997.5237
420,2267.0,1637.6897
421,2137.0,1532.8059
422,1582.0,1034.2147
423,1324.0,662.6351
424,996.0,504.87628
425,0.0,385.68857
426,0.0,277.41653
427,0.0,379.78152
428,746.0,414.74515
429,955.0,463.0122
430,1521.0000000000002,994.36505
431,2019.0,1357.1974
432,2565.0,1904.1125
433,2949.0,2262.2905
434,3732.0000000000005,2960.6953
435,4873.0,3593.5725
436,4281.0,4438.793
437,3646.0000000000005,4953.155
438,5187.0,6163.5293
439,7886.999999999999,6642.479
440,6310.000000000001,7068.7876
441,6058.0,7809.6475
442,11265.0,10254.361
443,7886.999999999999,11419.761
444,10570.0,10170.56
445,9962.0,9758.568
446,14655.0,12902.433
447,14860.0,13035.864
448,6412.0,10025.623
449,4239.0,11417.248
450,10887.0,13143.91
451,20339.0,13113.68
452,12248.0,11776.225
453,1555.0,7823.8584
454,9514.0,7277.131
455,10977.0,9771.273
456,13598.0,9732.9795
457,8841.0,9936.038
458,15832.000000000002,11835.442
459,3563.0,11955.055
460,1438.9999999999998,6012.9004
461,3084.0,7047.2007
462,11744.0,9207.269
463,15597.0,8920.118
464,14575.0,7355.5938
465,14109.0,6736.4507
466,3557.0,7873.134
467,4914.0,7957.162
468,12687.000000000002,8874.059
469,8639.0,7536.284
470,5271.0,4178.87
471,1995.0,3406.897
472,3315.0000000000005,3285.8967
473,2232.0,2608.5125
474,1498.0,1710.2711
475,1606.0,1374.8279
476,1687.0,1216.9031
477,1240.0,776.2766
478,1638.0000000000002,794.9772
479,1197.0,603.3716
480,732.0,499.03088
481,0.0,413.92557
482,0.0,359.81262
483,0.0,347.5371
484,995.0,350.7015
485,1247.0,381.758
486,1148.0,784.0786
487,1377.0,1052.6494
488,2272.0,1664.478
489,3964.0,2298.0325
490,4253.0,3188.354
491,5069.0,3987.8987
492,5229.0,4543.003
493,4837.0,5407.362
494,5376.0,5997.7983
495,5297.0,6010.9604
496,5235.0,6187.661
497,7301.0,7883.513
498,10286.0,9171.0625
499,10149.0,10833.569
500,10323.0,10481.464
501,9635.0,9773.0625
502,10091.0,10678.62
503,7281.000000000001,10581.256
504,9125.0,7903.552
505,11288.0,9585.001
506,8519.0,10934.57
507,9500.0,8936.259
508,8203.0,8214.31
509,6210.0,7336.117
510,8774.0,7008.2646
511,7616.0,8213.128
512,12335.0,10389.134
513,4557.0,10754.104
514,9464.0,7034.394
515,12379.0,9077.209
516,14892.0,11675.354
517,12434.999999999998,10095.762
518,10507.0,11027.163
519,10272.0,11641.638
520,13725.0,12082.829
521,12536.999999999998,11211.514
522,8010.0,9039.241
523,8049.0,7369.948
524,3990.0,6358.469
525,3976.9999999999995,4615.838
526,4491.0,4142.1333
527,2260.0,3745.879
528,1612.0,2513.903
529,1028.0,1815.6755
530,1370.0,1300.7926
531,1104.0,698.53375
532,738.9999999999999,450.9494
533,0.0,324.39072
534,0.0,281.32993
535,0.0,340.2785
536,0.0,338.7364
537,0.0,354.76498
538,0.0,366.33212
539,0.0,376.8156
540,719.0,392.1529
541,825.0,412.43417
542,975.0,828.92096
543,1336.0,1028.7395
544,1217.0,1287.8416
545,937.0,1344.9768
546,1132.0,1768.6725
547,2746.0,2425.5083
548,2936.0,3172.073
549,4772.0,4034.6128
550,5434.0,5477.1665
551,7033.999999999999,6830.1606
552,6650.0,7374.5503
553,8964.0,7208.0874
554,11108.000000000002,9471.284
555,7141.0,9628.868
556,5447.0,7593.108
557,5591.0,6018.009
558,3686.0,5529.2046
559,7343.000000000001,4995.0503
560,7610.0,7575.1475
561,8670.0,9414.414
562,14430.999999999998,10969.208
563,7797.0,11740.03
564,8298.0,9385.786
565,13316.0,9270.03
566,5812.0,9641.236
567,6398.999999999999,9410.854
568,17516.0,12369.658
569,9369.0,12867.279
570,5708.0,9769.009
571,10182.0,9767.609
572,14616.000000000002,10740.114
573,8090.0,9156.491
574,6144.0,7842.838
575,6510.0,8675.819
576,9205.0,8331.763
577,9905.0,6529.443
578,5206.0,6352.32
579,4773.0,5891.3677
580,7651.0,6832.6826
581,11081.0,7970.8413
582,9671.0,8361.816
583,8438.0,7248.6304
584,6650.0,6194.1284
585,5506.0,5098.2393
586,1486.0000000000002,2739.2214
587,0.0,766.55133
588,1929.9999999999998,736.8513
589,983.0,446.13
590,689.0,611.33765
591,0.0,765.33276
592,0.0,201.618
593,0.0,267.88318
594,0.0,333.8436
595,0.0,372.34247
596,559.0,396.7006
597,606.0,419.3525
598,683.0,878.1684
599,776.9999999999999,1191.9751
600,880.0,1513.0048
601,1087.0,1521.2391
602,2216.0,1690.0271
603,2338.0,1871.9119
604,2360.0,2130.4834
605,2671.0,3120.4954
606,4531.0,4504.196
607,7254.0,6610.271
608,8462.0,8768.181
609,7670.0,9222.086
610,9175.0,9179.538
611,5897.0,8724.834
612,6062.0,8756.318
613,15367.000000000002,12034.558
614,7469.0,12200.188
615,4875.0,9920.646
616,6209.0,9701.508
617,9556.0,11685.809
618,13526.0,10803.83
619,8112.0,9761.576
620,8548.0,8750.689
621,8959.0,8243.352
622,6920.999999999999,6600.3306
623,5873.0,6095.0356
624,5219.0,5979.33
625,4472.0,6230.1357
626,7781.0,7168.143
627,8345.0,8920.0205
628,11028.0,10519.63
629,11473.0,9995.607
630,13229.0,11919.877
631,14223.0,12285.832
632,6817.0,9863.763
633,8517.0,7938.2764
634,9175.0,7056.468
635,7851.999999999999,7528.395
636,5378.0,5924.127
637,6573.999999999999,6185.237
638,5757.0,5164.0103
639,2544.0,3070.559
640,1419.0,2275.1985
641,1456.0,2024.9421
642,3106.0,1410.128
643,2281.0,1260.7251
644,1459.0,1007.39575
645,1463.0,884.0112
646,1101.0,712.7989
647,0.0,362.05646
648,0.0,217.49785
649,0.0,334.95554
650,0.0,352.00632
651,0.0,384.54642
652,644.0,412.22266
653,734.0,434.4554
654,857.0000000000001,911.7103
655,1167.0,1156.4252
656,1438.9999999999998,1442.511
657,2180.0,1637.8291
658,2066.0,1980.725
659,2914.0,2500.7363
660,3871.0,3649.0576
661,5955.000000000001,4592.0566
662,5424.0,5667.2886
663,5379.0,6162.7036
664,4914.0,6581.6074
665,6395.0,8165.293
666,9556.0,10507.464
667,14022.0,12433.092
668,15570.0,13789.905
669,15770.0,14378.279
670,16932.0,15037.11
671,9374.0,14142.416
672,12837.0,11714.594
673,11942.000000000002,11883.243
674,11330.0,9783.501
675,4240.0,8093.3423
676,0.0,8230.437
677,1359.0,9191.109
678,5593.0,9805.539
679,18125.0,13404.612
680,17388.0,7822.752
681,15586.0,8298.877
682,8846.0,6662.3433
683,3827.0,6530.1006
684,10241.0,6913.0503
685,3246.0,6233.6196
686,0.0,3639.6648
687,0.0,3298.7014
688,1215.0,2921.672
689,1638.0000000000002,2089.6392
690,1570.0,1517.2336
691,2217.0,1188.5776
692,3146.0,1097.5923
693,3898.0,1358.0742
694,3236.0,1675.8091
695,4679.0,2187.0515
696,6528.000000000001,2606.8472
697,6914.0,2643.8513
698,5209.0,2712.2751
699,4177.0,2895.8276
700,3313.0,2758.549
701,2468.0,2258.4805
702,1609.0,1734.0652
703,936.0,1342.4641
704,508.0,899.8219
705,0.0,560.52094
706,0.0,350.9709
707,0.0,337.33572
708,663.0,325.6337
709,736.9999999999999,369.94638
710,816.0000000000001,497.08817
711,889.9999999999999,432.70093
712,1173.0,632.2901
713,1221.0,704.05786
714,1216.0,1053.6466
715,1424.0,1664.5176
716,1810.9999999999998,2526.777
717,2250.0,3763.3538
718,3532.0,5510.589
719,5591.0,7784.7993
720,7979.0,9405.295
721,10764.0,10704.16
722,12796.0,11714.066
723,12407.0,12240.684
724,12872.0,12907.854
725,13225.000000000002,13678.013
726,15842.0,14644.758
727,16840.0,15346.757
728,18193.0,16483.877
729,17910.0,16409.863
730,17521.0,16925.08
731,18510.0,17353.182
732,19172.0,16916.828
733,12127.0,16245.488
734,19411.0,16029.953
735,18963.0,16343.912
736,18812.0,14767.748
737,18527.0,13926.469
738,6766.0,14002.421
739,13984.0,12833.931
740,17451.0,15080.817
741,16893.0,13935.812
742,16023.000000000002,11572.046
743,15228.0,12150.01
744,14568.000000000002,11338.112
745,13739.0,11032.096
746,12943.0,10785.302
747,11265.0,10182.443
748,7814.000000000001,9105.141
749,8802.0,8005.337
750,4911.0,6609.3047
751,6616.999999999999,4915.5796
752,7095.999999999999,4992.2534
753,5962.0,4393.8584
754,4009.0,3152.98
755,2707.0,2197.0603
756,1325.0,1530.8599
757,1385.0,781.0558
758,1022.0,411.90002
759,0.0,272.63992
760,0.0,226.36732
761,0.0,334.08322
762,0.0,356.26196
763,0.0,384.36014
764,827.0,415.18195
765,2186.0,457.5985
766,1949.0,1063.1222
767,2381.0,1608.2158
768,2346.0,1836.4862
769,1892.0,1865.6687
770,3242.0,2163.8809
771,4320.0,3060.7144
772,4282.0,3861.3774
773,4802.0,4583.146
774,5743.0,5639.54
775,7028.0,7187.3774
776,8856.0,8594.547
777,9497.0,9983.015
778,11995.0,11366.832
779,13833.000000000002,12576.309
780,9561.0,12180.734
781,8634.0,11748.751
782,4883.0,11577.644
783,5346.0,10852.225
784,5634.999999999999,10584.633
785,14575.0,9641.273
786,12208.0,8607.641
787,2336.0,6451.731
788,4267.0,6328.5737
789,11358.0,7239.382
790,6822.0,6133.7974
791,2213.0,4458.439
792,0.0,5190.2114
793,9855.0,6260.077
794,10850.0,5954.4365
795,2460.0,7307.31
796,2592.0,4283.774
797,3037.0,7181.7627
798,4975.0,6299.1157
799,7331.0,4988.6797
800,3258.0,4429.548
801,2739.0,3486.247
802,2312.0,3250.0703
803,3021.0,2706.4954
804,2403.0,1990.6844
805,1657.0,1580.9949
806,1242.0,1313.5747
807,2511.0,1224.1395
808,2394.0,1012.3975
809,867.0,823.7099
810,1223.0,663.2594
811,1277.0,589.9695
812,831.0,414.04968
813,0.0,277.12534
814,0.0,268.80057
815,0.0,334.6326
816,0.0,330.51013
817,0.0,359.75873
818,0.0,376.14975
819,0.0,392.84982
820,545.0,409.91217
821,566.0,425.30713
822,654.0,869.89856
823,764.0,1073.3743
824,1368.0,1225.8218
825,1725.0,1413.8296
826,1413.0,1602.8612
827,2060.0,2334.6436
828,3098.0,2994.1365
829,4396.0,4064.049
830,3944.0,4937.236
831,8282.0,5927.326
832,7840.999999999999,8156.12
833,11548.0,12196.649
834,3494.0000000000005,11384.734
835,14172.0,5816.665
836,8863.0,12971.576
837,13803.999999999998,14882.22
838,9184.0,9588.412
839,13908.999999999998,12900.73
840,18854.0,16615.107
841,19338.0,15513.824
842,15223.0,16655.42
843,17947.0,18197.217
844,19577.0,17334.654
845,11669.0,15671.816
846,17763.0,13900.47
847,17933.0,16414.535
848,17474.0,16948.916
849,10543.0,12930.6045
850,8015.999999999999,8744.305
851,8283.0,7263.3687
852,4798.0,5679.7036
853,6021.0,4527.412
854,16571.0,11202.24
855,4798.0,13399.463
856,11955.0,7755.495
857,7423.999999999999,5518.618
858,4359.0,6500.6616
859,3430.0,6114.379
860,6881.0,5793.9136
861,8100.0,5403.125
862,4379.0,3661.442
863,7409.0,3770.5881
864,3733.0,4894.8296
865,3839.0,3336.2544
866,2049.0,1327.7596
867,946.0,932.6327
868,0.0,490.80215
869,0.0,294.10156
870,0.0,355.21747
871,0.0,373.64246
872,0.0,391.6285
873,0.0,396.72653
874,0.0,400.3203
875,0.0,408.36758
876,1002.9999999999999,421.4861
877,1291.0,443.4821
878,1516.0,975.08356
879,2287.0,1270.1292
880,2263.0,1838.9371
881,2417.0,2157.4136
882,2066.0,2461.4998
883,2494.0,2643.8386
884,3246.0,3138.6418
885,3660.9999999999995,4286.1777
886,5691.0,5330.1963
887,7526.000000000001,6902.78
888,7376.0,8137.274
889,10961.0,9526.278
890,9730.0,11493.168
891,7980.0,10883.574
892,7358.0,10018.134
893,8301.0,10747.191
894,12291.0,11152.204
895,11094.999999999998,12583.967
896,13158.000000000002,13239.203
897,16789.0,14730.261
898,12196.0,14397.613
899,16491.0,14375.366
900,15165.0,15822.158
901,17626.0,17126.627
902,18542.0,16411.129
903,17360.0,17442.035
904,15931.0,17635.387
905,14309.0,16598.582
906,16449.0,15603.4375
907,4798.0,12345.134
908,3050.0000000000005,6930.605
909,3617.0,5086.1914
910,6285.999999999999,4219.0615
911,1549.9999999999998,2607.248
912,0.0,2450.4092
913,0.0,1370.2919
914,0.0,661.06903
915,0.0,392.60324
916,2875.0,632.95264
917,5996.0,892.7706
918,8395.0,1904.2546
919,1092.0,2910.2666
920,0.0,3290.3362
921,2252.0,2534.867
922,4847.0,887.27686
923,4131.0,79.83623
924,3134.0,540.88934
925,1980.0,427.4829
926,826.0,535.67596
927,0.0,522.0178
928,0.0,415.87277
929,0.0,304.6421
930,0.0,252.54144
931,0.0,288.217
932,1578.0,339.0132
933,1644.0,411.65958
934,1510.9999999999998,1249.5236
935,2102.0,1948.1371
936,3602.0,2359.5085
937,4279.0,2389.6787
938,3809.0,2791.4182
939,3770.0,3751.0234
940,3889.0,5017.916
941,4666.0,6090.7017
942,6502.0,7253.151
943,7458.999999999999,7920.5854
944,9505.0,7717.6353
945,6056.0,7494.8457
946,7079.0,6541.182
947,6584.0,6486.8
948,7012.000000000001,7679.2705
949,6799.0,7989.4624
950,8306.0,7884.2
951,7399.999999999999,8056.5503
952,6480.0,7475.38
953,7251.0,7575.843
954,10937.0,8346.479
955,7729.0,8803.268
956,7368.0,6664.2197
957,5930.0,4294.752
958,5926.0,5128.33
959,2887.0,5726.7046
960,0.0,3007.9976
961,1986.0,2250.123
962,2886.0000000000005,2151.011
963,2762.0,2600.872
964,2477.0,1541.1285
965,439.0,2103.2312
966,0.0,2225.7686
967,1522.0,2619.2566
968,4202.0,2082.471
969,6403.0,2886.362
970,4232.0,2726.7305
971,2969.0,2253.4905
972,2664.0,1926.2739
973,1983.0,1600.6675
974,2177.0,1121.9489
975,1260.0,1344.0032
976,0.0,815.7168
977,0.0,376.68423
978,0.0,358.78415
979,0.0,212.79347
980,0.0,225.77417
981,0.0,254.2437
982,0.0,282.80743
983,0.0,305.46628
984,0.0,324.34476
985,0.0,341.5909
986,0.0,363.60205
987,0.0,390.9522
988,1807.0,423.1727
989,1933.9999999999998,465.90988
990,2185.0,1421.8748
991,2197.0,2064.2207
992,2251.0,2244.462
993,2745.0,2324.7793
994,3137.0,2363.1184
995,2014.0000000000002,2404.7114
996,1773.9999999999998,2534.598
997,3033.0,2781.7283
998,3325.0,3054.4814
999,2473.0,3208.513
1000,2248.0,2869.433
1001,2351.0,2587.3936
1002,2120.0,2316.127
1003,2873.9999999999995,2632.145
1004,2057.0,3163.1829
1005,2074.0,2653.2888
1006,2567.0,2361.143
1007,2620.0,3079.1768
1008,3133.0,3148.3203
1009,2953.0,3336.0396
1010,3654.0000000000005,3408.6487
1011,3519.0,3279.322
1012,2955.9999999999995,2771.634
1013,2777.0000000000005,2766.0083
1014,1726.0,2951.1475
1015,2337.0,3136.4946
1016,6186.0,3795.061
1017,4704.0,4842.3423
1018,6382.0,4984.5234
1019,5048.0,4401.484
1020,6869.999999999999,5398.002
1021,8004.0,6467.7744
1022,9050.0,5771.234
1023,4938.0,6051.2026
1024,5294.0,6986.4263
1025,13484.0,8875.158
1026,8316.0,10850.012
1027,10338.0,9613.046
1028,4830.0,5624.8857
1029,5451.0,4176.5864
1030,6466.000000000001,5541.168
1031,3179.0,3696.882
1032,4647.0,2414.1274
1033,2611.0,2194.0999
1034,2864.0,1983.8846
1035,1214.0,1159.0897
1036,0.0,607.7447
1037,0.0,459.55927
1038,0.0,266.84662
1039,0.0,210.35344
1040,0.0,298.85587
1041,0.0,336.31485
1042,0.0,362.84415
1043,0.0,375.0243
1044,0.0,374.05118
1045,0.0,374.03546
1046,0.0,649.20917
1047,1404.0000000000002,723.10535
1048,2488.0,860.25525
1049,2783.0,1826.298
1050,3863.9999999999995,2917.1592
1051,3924.0,3802.43
1052,3021.9999999999995,3611.1824
1053,3142.0,3332.3513
1054,4746.0,3778.0347
1055,7333.0,5389.66
1056,5606.0,6872.1377
1057,8920.0,7087.6533
1058,6903.0,7263.44
1059,4454.0,7565.044
1060,9298.0,10250.851
1061,11885.0,12720.277
1062,16611.0,13161.223
1063,12891.0,11342.969
1064,2651.0,7155.118
1065,4235.0,1815.283
1066,3333.0,1868.3807
1067,5244.0,2997.8687
1068,4202.0,6000.0044
1069,3962.0000000000005,4161.1055
1070,6022.000000000001,3986.9941
1071,6156.999999999999,7029.1626
1072,8022.0,8674.201
1073,6140.0,7964.598
1074,9205.0,6996.113
1075,7310.0,8223.752
1076,12112.0,9918.675
1077,15595.999999999998,11462.298
1078,14098.0,12034.026
1079,7890.0,10567.783
1080,13403.000000000002,9314.587
1081,5711.0,8754.789
1082,0.0,4546.028
1083,0.0,3232.5293
1084,4749.0,3085.8538
1085,6594.0,2733.2373
1086,1881.0,2085.1365
1087,1152.0,1826.913
1088,2359.0,1914.3402
1089,2828.0,1067.3762
1090,1154.0,612.62225
1091,4300.0,999.36206
1092,2681.0,1595.3468
1093,637.0,1198.4287
1094,0.0,730.9837
1095,0.0,767.066
1096,0.0,236.60887
1097,0.0,204.61664
1098,0.0,282.2875
1099,0.0,312.5621
1100,937.0,341.17426
1101,1013.0,371.0755
1102,990.0,708.66394
1103,1447.0000000000002,1237.1476
1104,3754.0,2049.6267
1105,3675.0,2695.4248
1106,2912.9999999999995,2911.589
1107,3815.0,3331.4033
1108,4652.0,4152.3096
1109,5898.0,5023.2925
1110,5434.0,5377.351
1111,5236.0,6280.786
1112,5724.0,7458.433
1113,8205.0,6935.261
1114,3441.0,6544.701
1115,10693.0,7091.6846
1116,12379.0,10052.956
1117,13114.0,11971.988
1118,11389.0,12387.638
1119,14933.0,14267.929
1120,12323.0,13380.364
1121,8350.0,10978.254
1122,15034.0,11225.948
1123,12240.999999999998,14374.143
1124,18127.0,15622.314
1125,9979.0,13982.082
1126,20938.0,12857.707
1127,20136.0,18285.838
1128,15884.0,17127.836
1129,16522.0,15496.187
1130,19108.0,19648.047
1131,19224.0,17286.408
1132,16114.999999999998,15928.253
1133,16394.0,15704.346
1134,7477.999999999999,14046.006
1135,6876.0,8348.997
1136,12770.0,9359.37
1137,6888.0,10192.369
1138,6998.0,8230.938
1139,12284.0,8718.968
1140,11608.000000000002,9431.935
1141,10376.0,8293.2
1142,10058.0,8009.2285
1143,9026.0,7520.627
1144,5443.0,5681.5176
1145,6226.999999999999,4925.1694
1146,5263.0,4575.288
1147,4133.0,3763.1377
1148,2859.0000000000005,2773.4287
1149,1496.0,2213.16
1150,847.0,1515.0143
1151,700.9999999999999,813.86346
1152,0.0,465.95663
1153,0.0,334.68976
1154,0.0,412.4046
1155,0.0,423.4434
1156,708.0,450.73605
1157,776.9999999999999,469.24432
1158,794.0,850.4872
1159,1579.0,978.2745
1160,2666.0,1265.873
1161,3239.0,1551.0485
1162,4345.0,2269.8003
1163,3827.0,3266.5527
1164,1569.0,3009.575
1165,1972.0,2850.737
1166,3428.0000000000005,3502.6206
1167,4697.0,3841.1777
1168,4837.0,5156.236
1169,12329.0,8499.909
1170,10947.0,12557.116
1171,13042.999999999998,12891.346
1172,14164.000000000002,13111.299
1173,13352.000000000002,14181.47
1174,11406.999999999998,13159.586
1175,14546.000000000002,13243.308
1176,15886.000000000002,14133.511
1177,13161.000000000002,15051.255
1178,15636.0,15819.684
1179,18699.0,16179.892
1180,7118.0,14040.017
1181,4274.0,11693.277
1182,20489.0,11442.592
1183,19759.0,19176.887
1184,20330.0,20575.904
1185,0.0,12686.843
1186,535.0,-1285.5039
1187,1553.0,3743.9236
1188,11285.999999999998,3008.8516
1189,15538.0,2958.1697
1190,9865.0,8561.621
1191,8640.0,7895.172
1192,4617.0,9054.817
1193,5772.000000000001,8592.582
1194,9303.0,7007.7373
1195,2721.0,4341.705
1196,4499.0,5251.9556
1197,10467.0,7845.244
1198,9084.0,8089.83
1199,5739.999999999999,5727.1157
1200,7463.0,4360.2896
1201,6061.0,4065.132
1202,4984.0,2493.7048
1203,3133.0,1793.1803
1204,2745.0,1595.7567
1205,2088.0,1159.5201
1206,1920.0,684.9437
1207,750.0,583.1018
1208,0.0,404.51318
1209,0.0,227.68864
1210,0.0,261.37424
1211,0.0,271.55264
1212,0.0,308.62723
1213,0.0,326.14603
1214,0.0,540.70526
1215,0.0,569.81964
1216,0.0,589.9178
1217,0.0,631.4735
1218,0.0,700.0974
1219,885.0,800.4835
1220,1869.0,954.8241
1221,1857.9999999999998,1909.788
1222,2130.0,2187.153
1223,1920.0,2205.902
1224,2243.0,2458.5024
1225,3052.9999999999995,2814.9514
1226,2549.0,2834.3
1227,1947.0,2846.8816
1228,3461.0,2951.9602
1229,2817.0,3232.779
1230,2358.0,3110.923
1231,2687.0,2799.169
1232,2166.0,2940.6829
1233,2318.0,2721.8127
1234,1600.0,2681.6738
1235,2447.0,2457.4956
1236,2955.0,2774.1091
1237,2371.0,2922.9575
1238,2317.0,2770.445
1239,3707.9999999999995,2975.2917
1240,3319.0000000000005,3400.6968
1241,3358.0,3369.1672
1242,2759.0,3046.403
1243,2344.0,2479.445
1244,2674.0,2715.95
1245,2323.0,2545.3196
1246,3027.0,2497.1853
1247,2576.0,2503.1343
1248,2662.0,2569.161
1249,2194.0,1857.6938
1250,1136.0,1495.867
1251,2146.0,1723.1246
1252,3214.0,1659.6602
1253,1886.0,1603.3643
1254,1185.0,1467.9513
1255,1085.0,1399.4567
1256,2373.0,1345.5327
1257,1098.0,1078.1038
1258,833.0,747.4285
1259,625.0,722.5151
1260,0.0,418.65656
1261,0.0,184.68968
1262,0.0,234.47823
1263,0.0,200.84503
1264,0.0,295.3502
1265,0.0,321.25555
1266,0.0,333.63055
1267,0.0,347.96844
1268,1250.0,361.578
1269,1051.0,375.31598
1270,1133.0,957.2134
1271,1635.0,1230.6768
1272,2754.0,1325.8882
1273,2968.0000000000005,1378.1503
1274,2647.0,1535.1625
1275,1699.0,1741.0337
1276,2640.0,1933.2476
1277,1648.0,2079.3
1278,1553.0,2062.0999
1279,2081.0,2282.602
1280,2130.0,2697.933
1281,2082.0,2915.405
1282,2429.0,3288.8486
1283,2032.0,3857.8486
1284,3060.9999999999995,4022.107
1285,3020.0,4531.914
1286,1910.0,4932.6606
1287,2922.0,5765.147
1288,5445.0,7715.198
1289,10267.0,9346.166
1290,11751.000000000002,10622.657
1291,11129.999999999998,12077.269
1292,14191.0,13165.09
1293,19265.0,15433.693
1294,19099.0,16218.729
1295,18445.0,15664.768
1296,18100.0,16135.091
1297,17451.0,15299.409
1298,11756.0,13360.038
1299,15618.0,12834.199
1300,16490.0,13788.646
1301,13478.0,13655.243
1302,14430.0,12141.612
1303,10820.0,11921.366
1304,12429.000000000002,10241.411
1305,9881.0,10452.208
1306,13209.000000000002,10334.428
1307,11437.0,10581.415
1308,10254.0,9892.384
1309,6919.0,7513.6455
1310,8552.0,6252.907
1311,2973.0,4735.314
1312,4207.0,2585.6772
1313,5634.999999999999,3112.8367
1314,3267.0,2697.7776
1315,2137.0,1577.5464
1316,1269.0,1313.5931
1317,1081.0,1008.478
1318,0.0,319.8754
1319,0.0,114.80908
1320,0.0,310.7886
1321,0.0,321.49356
1322,0.0,362.3865
1323,0.0,378.99304
1324,930.0000000000001,402.249
1325,1508.0,451.7427
1326,2312.0,1266.6903
1327,2734.0,1910.3174
1328,2026.0,2284.304
1329,2704.0,2623.9622
1330,3157.0,2996.738
1331,3703.0,2901.4702
1332,2060.0,3092.481
1333,2610.0,3737.0818
1334,3867.9999999999995,4721.4893
1335,6904.0,5830.6226
1336,8538.0,6137.2944
1337,9253.0,6719.45
1338,5528.0,6813.3853
1339,6981.0,6845.343
1340,6920.999999999999,6474.665
1341,4195.0,5574.74
1342,11794.999999999998,8079.834
1343,10860.0,12049.49
1344,12138.999999999998,13850.037
1345,7662.0,9380.004
1346,6946.0,7673.9326
1347,3169.9999999999995,6717.767
1348,7688.0,4548.094
1349,9307.0,5427.4565
1350,3477.9999999999995,6797.1
1351,5120.0,4011.1594
1352,4171.0,2173.8315
1353,2089.0,2286.8308
1354,1959.0,3125.0076
1355,5660.0,4311.1807
1356,13806.999999999998,8027.0327
1357,13722.0,13464.552
1358,15693.0,14067.564
1359,10824.0,11179.446
1360,4645.0,6502.5103
1361,11398.0,8470.093
1362,13494.0,9695.51
1363,11004.0,11491.1875
1364,11877.999999999998,8616.679
1365,9992.0,7374.0615
1366,9330.0,6119.3755
1367,7696.0,6740.887
1368,4877.0,4220.2476
1369,4854.0,3513.4517
1370,4103.0,2916.9966
1371,954.0,1598.7024
1372,0.0,578.843
1373,2150.0,908.5906
1374,1000.9999999999999,586.27026
1375,0.0,294.31973
1376,0.0,438.4427
1377,0.0,326.13
1378,0.0,287.00708
1379,0.0,351.46686
1380,2112.0,418.53824
1381,2236.0,500.85992
1382,2060.0,1565.2213
1383,2120.0,2241.5652
1384,2340.0,2404.1855
1385,2316.0,2001.6052
1386,2781.0000000000005,2378.866
1387,4528.0,3297.5142
1388,4452.0,4060.642
1389,4068.0,4570.5635
1390,5828.0,4671.437
1391,4898.0,5898.2695
1392,7939.0,6754.558
1393,9178.0,7874.057
1394,5948.0,8346.176
1395,7926.0,7842.173
1396,11374.0,8707.058
1397,10370.0,9695.756
1398,7914.0,9556.41
1399,13397.0,11132.307
1400,15897.0,12568.675
1401,13123.000000000002,11417.7
1402,11180.0,11357.981
1403,11061.0,12420.615
1404,18345.0,14470.181
1405,15703.999999999998,16242.761
1406,17053.0,16568.615
1407,9217.0,13531.517
1408,14400.0,10890.171
1409,15155.0,13996.38
1410,6556.0,11400.867
1411,14021.0,7084.5386
1412,10229.0,10050.362
1413,9501.0,12614.76
1414,2709.0,4855.3306
1415,7594.0,-498.87918
1416,8183.0,7131.713
1417,6388.000000000001,8024.431
1418,14591.0,6703.0186
1419,6511.0,10334.676
1420,2261.0,5279.002
1421,2769.0,3116.067
1422,3902.9999999999995,3491.7642
1423,3203.0,1730.2759
1424,3017.9999999999995,-59.354298
1425,2430.0,345.5886
1426,1885.0,-19.170847
1427,1816.9999999999998,-33.085155
1428,977.0,222.10753
1429,0.0,200.01059
1430,0.0,245.62593
1431,0.0,386.5807
1432,0.0,393.90988
1433,0.0,434.86893
1434,0.0,453.70163
1435,0.0,458.33
1436,871.0,453.2898
1437,968.0000000000001,430.4103
1438,779.0000000000001,1032.5219
1439,0.0,949.752
1440,0.0,897.7815
1441,1002.9999999999999,721.07
1442,1155.0,816.53406
1443,1871.0,1713.6211
1444,1368.0,1900.602
1445,1459.0,1705.1396
1446,2138.0,2214.2139
1447,1777.0,2538.0117
1448,1866.0000000000002,2442.6987
1449,2482.0,2606.0752
1450,2432.0,2844.193
1451,2589.0,2865.2234
1452,3317.0,3284.396
1453,3812.0,3668.889
1454,3401.0,3805.4055
1455,3172.0,3913.3762
1456,4092.0,3944.2307
1457,4013.0,3853.997
1458,2984.0,3815.518
1459,3191.0,3891.4507
1460,4168.0,4086.9216
1461,5250.0,4139.4194
1462,4085.9999999999995,3980.8977
1463,2922.0,3695.621
1464,1957.0,3026.8013
1465,1860.0000000000002,2601.45
1466,2112.0,2080.1292
1467,2285.0,1842.9462
1468,1459.0,1956.6812
1469,4610.0,2462.0576
1470,4015.9999999999995,3032.7805
1471,1883.0,2538.1658
1472,1089.0,1903.945
1473,0.0,1974.5028
1474,0.0,1196.9164
1475,673.0,404.30826
1476,916.0,358.42368
1477,851.9999999999999,204.23518
1478,0.0,135.18607
1479,0.0,194.70018
1480,0.0,260.10663
1481,0.0,252.50409
1482,0.0,314.85934
1483,0.0,346.27313
1484,0.0,367.0175
1485,0.0,378.65573
1486,0.0,383.12823
1487,0.0,384.84106
1488,0.0,386.64978
1489,0.0,388.14728
1490,0.0,385.3901
1491,0.0,382.12042
1492,731.0,383.4538
1493,951.0,394.65573
1494,3333.9999999999995,1138.8599
1495,2768.0,2324.5112
1496,1383.0,2820.8406
1497,1863.0,1852.2665
1498,1874.0,1991.9486
1499,2557.0,2151.062
1500,4414.0,3218.5552
1501,4568.0,4042.1562
1502,5930.0,5091.3286
1503,7590.999999999999,5926.2246
1504,4636.0,6860.364
1505,6605.0,6446.983
1506,3753.0,6445.348
1507,11657.0,7005.389
1508,10422.0,11821.032
1509,11717.0,13614.194
1510,16321.0,12580.777
1511,7356.999999999999,12164.361
1512,7005.0,8586.97
1513,10493.0,8028.7666
1514,3878.0,7079.565
1515,3980.9999999999995,8399.772
1516,18358.0,11756.496
1517,13818.0,14604.417
1518,13782.000000000002,10215.39
1519,8659.0,9742.867
1520,16885.0,11922.412
1521,8619.0,12006.532
1522,7356.0,10708.316
1523,11842.0,11700.691
1524,7352.0,10142.2295
1525,5665.0,9964.084
1526,11995.0,9595.731
1527,7366.0,10420.927
1528,6495.999999999999,8982.51
1529,8966.0,6881.241
1530,3452.0,6700.545
1531,2709.0,3404.833
1532,1888.0,1024.908
1533,2218.0,2714.7236
1534,6844.0,4755.406
1535,2030.0,4063.5684
1536,1372.0,2833.3098
1537,1738.0,1932.2207
1538,2384.0,2161.5293
1539,2102.0,915.8948
1540,1155.0,708.2603
1541,902.0,931.873
1542,0.0,662.9493
1543,0.0,-20.57745
1544,0.0,186.0705
1545,0.0,260.73926
1546,0.0,333.39044
1547,0.0,365.68658
1548,860.0,395.21765
1549,587.0,412.82605
1550,0.0,1045.21
1551,1497.0,1315.9576
1552,1058.0,841.40485
1553,0.0,1069.908
1554,0.0,1211.5721
1555,971.0000000000001,788.68427
1556,1619.0,902.3826
1557,978.0,1766.4225
1558,1937.0,1687.4233
1559,1397.9999999999998,2197.1965
1560,1301.0,2040.5198
1561,3538.0,2612.7573
1562,3693.0000000000005,3164.552
1563,2933.0000000000005,3297.3914
1564,2100.0,2961.9014
1565,1479.0,2523.5383
1566,2468.0,2612.031
1567,2614.0,2896.5813
1568,4541.0,3365.8513
1569,2709.0,3748.493
1570,6639.0,2560.0176
1571,6371.0,3377.6072
1572,3755.0000000000005,4015.1472
1573,6589.0,3179.0652
1574,2772.0,3720.2327
1575,835.0,3108.5676
1576,0.0,1766.8467
1577,0.0,1119.342
1578,0.0,942.2288
1579,8342.0,2105.647
1580,10136.0,4599.794
1581,15231.0,11787.848
1582,10293.0,13765.87
1583,11425.0,10138.195
1584,6839.0,7303.9717
1585,1996.0,5961.932
1586,4505.0,5645.1
1587,9497.0,5522.2573
1588,3335.0,7058.1445
1589,2707.0,3500.7937
1590,1605.0,1065.2905
1591,2302.0,1453.0312
1592,2059.0,1282.169
1593,713.0,792.5353
1594,3551.0,1447.1174
1595,3567.0,1629.5629
1596,2435.0,1455.1007
1597,1417.0,1214.3564
1598,1069.0,1108.801
1599,0.0,377.29407
1600,0.0,28.57431
1601,0.0,197.6532
1602,0.0,217.0118
1603,0.0,294.86908
1604,0.0,328.8733
1605,498.0,345.81433
1606,0.0,602.0562
1607,1809.0,930.4264
1608,1262.0,888.1174
1609,0.0,1477.1239
1610,714.0,1285.0591
1611,935.0,618.9768
1612,798.0,1206.8267
1613,3068.0,1590.8555
1614,2608.0,2960.8774
1615,3255.0,3842.9658
1616,4077.0,4832.7134
1617,7176.0,5641.0093
1618,6312.999999999999,5854.9824
1619,5335.0,5816.8193
1620,8055.0,6502.894
1621,8895.0,8641.269
1622,10138.0,9835.034
1623,9478.0,9235.7
1624,8267.0,9605.6
1625,12000.0,10499.915
1626,14311.0,10365.611
1627,5217.0,9454.191
1628,13602.0,10970.978
1629,19694.0,14346.043
1630,5786.0,14185.15
1631,12240.999999999998,8722.947
1632,2622.0,7963.9146
1633,12239.0,6176.2676
1634,6988.000000000001,10485.317
1635,3555.9999999999995,6287.476
1636,5881.0,3719.9375
1637,2900.0,5021.3975
1638,1116.0,2821.4275
1639,1795.0,3653.0403
1640,3838.0,3803.0706
1641,2529.0,3265.3967
1642,2389.0,2816.3442
1643,3377.0000000000005,2730.3691
1644,1217.0,2564.5884
1645,1762.0,1490.8542
1646,1716.0000000000002,1353.7635
1647,1625.0,1505.3213
1648,2215.0,1300.4724
1649,1863.0,1427.6433
1650,2350.0,1233.3286
1651,1393.0,1164.4082
1652,619.0,999.53094
1653,435.0,760.515
1654,0.0,592.7761
1655,0.0,389.17474
1656,0.0,383.92828
1657,0.0,377.50464
1658,0.0,430.46667
1659,0.0,468.91116
1660,1098.0,510.6924
1661,1331.0,561.5737
1662,2108.0,1454.0491
1663,2419.0,1883.2955
1664,2985.0,2281.083
1665,2177.0,2666.3818
1666,2248.0,2723.5608
1667,2237.0,1846.7765
1668,4736.0,2539.306
1669,4005.0,4850.352
1670,6475.0,5898.593
1671,6252.0,6163.4824
1672,9562.0,8895.605
1673,6776.0,11034.396
1674,6651.0,9307.428
1675,5372.0,6801.0537
1676,9690.0,9005.619
1677,12592.0,10800.986
1678,13098.0,12727.013
1679,16585.0,12760.63
1680,12479.0,13082.415
1681,13611.0,10559.502
1682,7255.0,12188.688
1683,8254.0,11589.983
1684,3647.0,8868.047
1685,18836.0,9695.1455
1686,18267.0,19519.31
1687,17491.0,17295.533
1688,16638.0,14850.725
1689,15646.999999999998,19078.055
1690,10769.0,13302.097
1691,10841.0,11066.772
1692,8168.0,11571.639
1693,6099.0,9879.84
1694,7814.000000000001,8462.503
1695,10709.0,8670.406
1696,10074.0,7908.6406
1697,6115.0,6837.963
1698,5936.000000000001,7288.895
1699,11074.0,8898.064
1700,8446.0,9666.461
1701,7257.000000000001,8752.614
1702,6775.0,6812.1855
1703,2877.0,4724.365
1704,2155.0,1165.6342
1705,2819.0,1704.6349
1706,2241.0,1524.1034
1707,2233.0,856.0858
1708,0.0,955.0894
1709,0.0,221.28117
1710,0.0,244.51599
1711,0.0,270.0401
1712,0.0,313.44498
1713,0.0,349.86127
1714,0.0,383.37497
1715,0.0,418.0216
1716,1618.0,455.1965
1717,2059.0,499.65662
1718,2889.0,1435.9564
1719,3346.0000000000005,2168.6045
1720,3718.0,2711.7854
1721,4116.0,3088.9
1722,3768.0,3695.1467
1723,4728.0,4239.141
1724,2861.0,4202.0044
1725,1067.0,3405.5186
1726,4630.0,3720.2544
1727,6971.0,5275.0786
1728,8528.0,6778.8135
1729,10311.0,7982.0645
1730,10111.0,9578.924
1731,12683.0,10437.348
1732,14235.0,11185.483
1733,12337.0,11101.703
1734,11248.000000000002,10640.697
1735,12036.0,11151.0205
1736,5535.0,9559.064
1737,8687.0,7073.616
1738,9219.0,7931.4243
1739,6460.999999999999,8991.013
1740,12010.0,8827.065
1741,6662.0,10461.531
1742,7563.999999999999,7883.4795
1743,13473.000000000002,9072.598
1744,5168.0,9132.493
1745,3693.0000000000005,4982.9077
1746,4502.0,3361.672
1747,2842.9999999999995,2827.2126
1748,0.0,1643.6031
1749,0.0,1443.7238
1750,0.0,1274.2839
1751,1070.0,969.42303
1752,1080.0,752.9594
1753,0.0,832.53503
1754,0.0,732.1978
1755,943.0,419.80502
1756,0.0,382.84314
1757,0.0,483.5401
1758,0.0,373.8525
1759,0.0,301.60825
1760,0.0,327.19763
1761,0.0,344.28
1762,0.0,378.26636
1763,1229.0,421.56976
1764,1260.0,447.63892
1765,769.0,574.82697
1766,0.0,595.90454
1767,0.0,434.00623
1768,0.0,296.05142
1769,0.0,245.98044
1770,0.0,293.01907
1771,0.0,327.60684
1772,1532.0,367.0218
1773,2049.0,414.4389
1774,2348.0,1239.2917
1775,3021.0,1965.0979
1776,3025.0,2306.617
1777,2741.0,2530.0742
1778,2605.0,3056.2825
1779,2484.0,3286.082
1780,3304.0,3504.9448
1781,4807.0,3850.3445
1782,5187.0,4305.849
1783,4362.0,4922.158
1784,7501.999999999999,5744.9673
1785,6435.0,6983.2617
1786,5792.0,6447.1245
1787,5551.0,6126.6777
1788,5852.0,6175.76
1789,6437.0,5509.6016
1790,6094.999999999999,5793.136
1791,8407.0,6964.0034
1792,6295.0,8755.229
1793,6396.000000000001,7146.1865
1794,5906.0,4731.6772
1795,8937.0,7247.838
1796,7756.0,9151.252
1797,4249.0,6805.9766
1798,2425.0,6053.581
1799,3598.9999999999995,6116.7383
1800,4514.0,5096.255
1801,4516.0,5351.566
1802,5413.0,5035.4624
1803,5782.999999999999,5112.899
1804,8899.0,4817.784
1805,0.0,4424.618
1806,0.0,3424.4246
1807,0.0,2990.8303
1808,0.0,2938.5833
1809,0.0,1316.522
1810,136.0,620.7417
1811,275.0,421.96606
1812,334.0,374.8481
1813,0.0,491.41513
1814,364.0,532.86755
1815,0.0,485.06683
1816,0.0,391.17416
1817,0.0,406.43954
1818,0.0,353.7299
1819,0.0,369.83072
1820,0.0,379.13254
1821,0.0,384.01276
1822,0.0,398.0178
1823,0.0,412.9386
1824,0.0,431.60287
1825,0.0,451.177
1826,0.0,471.70602
1827,0.0,489.52463
1828,1584.0,503.90054
1829,1943.0,512.6948
1830,2157.0,1385.98
1831,1283.0,1699.3308
1832,1379.0,1885.2377
1833,2967.0,2151.707
1834,3190.0000000000005,2623.387
1835,3753.0,3064.7002
1836,5228.0,3907.005
1837,4462.0,5111.5073
1838,4362.0,5416.1304
1839,5180.0,6910.7354
1840,6440.0,6850.451
1841,9259.0,6824.067
1842,11109.0,7309.443
1843,4560.0,8222.528
1844,15285.0,8979.566
1845,12461.000000000002,12486.355
1846,9585.0,12148.461
1847,15912.0,11391.515
1848,8022.0,12563.595
1849,4713.0,9041.771
1850,11085.0,11367.687
1851,11966.999999999998,11943.53
1852,16315.0,11324.64
1853,11553.0,11625.733
1854,7289.0,11734.665
1855,10380.0,12626.492
1856,20552.0,15821.81
1857,13013.0,15926.833
1858,13548.0,12500.558
1859,13242.0,11482.073
1860,13405.0,11150.319
1861,11330.0,9967.559
1862,6016.999999999999,8028.4365
1863,14728.0,9818.512
1864,11451.0,10650.817
1865,4840.0,8110.7827
1866,3397.0,6858.567
1867,6143.000000000001,8089.599
1868,11062.0,7791.298
1869,5621.0,6460.3623
1870,4336.0,5064.007
1871,7702.0,5174.791
1872,6871.0,4390.012
1873,5668.0,3085.5466
1874,4050.9999999999995,2702.6006
1875,3279.0,2234.9724
1876,2078.0,1332.0875
1877,1412.0000000000002,945.58765
1878,685.0,623.0605
1879,0.0,449.40646
1880,0.0,305.00485
1881,0.0,327.2332
1882,0.0,318.22205
1883,0.0,363.25632
1884,1103.0,404.16727
1885,1133.0,444.72375
1886,1248.0,1193.3313
1887,910.0,1582.439
1888,1510.9999999999998,1882.1475
1889,1927.9999999999998,1974.7079
1890,2638.0,2122.2788
1891,2812.0000000000005,2268.1082
1892,3214.0,2649.0674
1893,2876.0,3512.556
1894,4445.0,4417.6396
1895,6583.0,5838.7715
1896,6393.0,6482.853
1897,7625.999999999999,6136.8926
1898,6885.0,6101.9014
1899,8280.0,6473.074
1900,7663.0,7349.1045
1901,4406.0,5455.3755
1902,5940.0,4795.42
1903,3146.0,4948.5005
1904,5631.0,6436.549
1905,5341.0,5737.229
1906,2077.0,5251.944
1907,3547.0,7905.74
1908,7210.0,11832.153
1909,19964.0,14140.746
1910,8983.0,15477.236
1911,10376.0,10660.191
1912,13144.0,9808.647
1913,9372.0,11481.185
1914,13811.0,11194.633
1915,4515.0,12716.188
1916,8428.0,2594.585
1917,6285.999999999999,2566.8818
1918,6406.0,10077.453
1919,8122.0,7985.8486
1920,2068.0,1936.7213
1921,8768.0,5788.8906
1922,2670.0,6269.89
1923,7044.0,4725.0044
1924,3633.0,3412.1855
1925,3711.0,4223.64
1926,1315.0,2091.6665
1927,482.99999999999994,377.64032
1928,3008.0,1595.9044
1929,1662.9999999999998,1157.8694
1930,0.0,763.7432
1931,1084.0,585.166
1932,0.0,408.64227
1933,0.0,277.14368
1934,0.0,418.052
1935,0.0,383.05585
1936,0.0,382.0044
1937,0.0,390.09216
1938,0.0,396.16315
1939,0.0,406.46103
1940,955.0,419.55396
1941,1291.0,436.71414
1942,1413.0,1075.7123
1943,1604.0,1425.4791
1944,1827.0000000000002,1652.0442
1945,2451.0,1955.2457
1946,2485.0,2246.7925
1947,2939.0,2921.5312
1948,2459.0,3027.7373
1949,4014.0,3747.03
1950,3494.0000000000005,5000.771
1951,4869.0,5895.34
1952,8311.0,6982.6245
1953,9231.0,9760.617
1954,11412.999999999998,11392.148
1955,12889.0,13006.872
1956,14321.0,13329.244
1957,12185.0,13569.872
1958,12407.0,13375.997
1959,12452.0,13539.439
1960,12455.0,12956.209
1961,10868.0,12784.404
1962,12881.000000000002,12286.409
1963,8637.0,12316.642
1964,12316.0,10253.718
1965,10177.0,9904.304
1966,7932.0,9017.99
1967,3682.0,9188.948
1968,4564.0,10462.342
1969,16971.0,11348.976
1970,7988.0,10725.686
1971,1802.0,7113.729
1972,1056.0,8323.125
1973,1692.0,10841.688
1974,5247.0,11406.51
1975,15158.0,11709.267
1976,14035.0,10525.517
1977,11802.000000000002,7411.7705
1978,6367.0,6757.7407
1979,6495.999999999999,6649.4956
1980,5364.0,6235.226
1981,6635.999999999999,5510.264
1982,5323.0,6731.6226
1983,6519.999999999999,5134.509
1984,5743.0,3923.8337
1985,4357.0,4318.045
1986,4539.0,3074.0251
1987,3068.0,2411.8054
1988,2093.0,1511.7997
1989,1309.0,1017.17694
1990,614.0,525.379
1991,0.0,333.8813
1992,0.0,237.30447
1993,0.0,305.95465
1994,0.0,337.21707
1995,0.0,377.86014
1996,1017.0,403.472
1997,1259.0,423.86716
1998,896.0000000000001,891.1894
1999,686.0,1115.9525
2000,1786.0000000000002,1372.9762
2001,2965.0,1807.5117
2002,3136.0,2401.0754
2003,3968.9999999999995,3161.5874
2004,4348.0,3840.7678
2005,4322.0,4252.231
2006,5071.0,4978.347
2007,4808.0,5373.7847
2008,4279.0,5148.901
2009,5180.0,5375.1094
2010,4461.0,5866.174
2011,4571.0,6091.05
2012,4877.0,6108.425
2013,5603.0,6335.5996
2014,5665.0,6619.6104
2015,7021.0,7359.0073
2016,6676.000000000001,8215.167
2017,7864.0,8256.648
2018,8046.0,8411.071
2019,10139.0,9097.654
2020,11560.000000000002,10150.421
2021,14010.0,11364.194
2022,14182.0,12024.933
2023,11121.0,10763.037
2024,9685.0,10135.894
2025,9451.0,9247.477
2026,10387.0,8978.084
2027,7570.0,8420.647
2028,7722.0,7298.1245
2029,3987.0,6593.416
2030,2625.0,4129.126
2031,3152.0,3919.564
2032,3799.0,3880.885
2033,3545.0000000000005,3416.2366
2034,2790.0,3031.9912
2035,3125.0,2646.6262
2036,3442.0,2339.8596
2037,3442.9999999999995,1909.6609
2038,3748.0,1736.8356
2039,3063.0,1669.394
2040,1605.0,1251.2988
2041,919.0,800.82623
2042,0.0,520.89233
2043,0.0,277.0645
2044,0.0,255.29779
2045,0.0,260.9976
2046,0.0,294.58084
2047,0.0,307.36853
2048,0.0,317.88507
2049,0.0,325.77252
2050,0.0,331.22012
2051,0.0,336.25024
2052,500.99999999999994,340.92075
2053,554.0,347.44537
2054,608.0,537.10583
2055,695.0,510.52982
2056,794.0,670.7298
2057,845.0,672.75244
2058,912.0,846.24286
2059,1051.0,1162.7258
2060,1351.0,1597.8402
2061,1826.0,2330.95
2062,3822.0,3323.9272
2063,5638.0,4931.6787
2064,6712.0,6367.78
2065,9002.0,8264.125
2066,10459.0,10440.002
2067,11681.000000000002,11767.034
2068,12748.0,12752.744
2069,13659.0,13818.092
2070,15024.0,14385.563
2071,14388.0,14887.821
2072,14239.999999999998,15042.967
2073,15772.0,15813.789
2074,16850.0,16055.211
2075,17527.0,16446.45
2076,17472.0,16581.395
2077,17629.0,16874.691
2078,17316.0,17234.635
2079,16962.0,17087.648
2080,16853.0,17358.209
2081,16742.0,17150.705
2082,16047.0,16394.723
2083,16638.0,15634.048
2084,12520.0,14628.816
2085,12942.0,12611.847
2086,13337.0,12642.353
2087,12071.0,12348.638
2088,12112.0,10846.786
2089,8971.0,10009.507
2090,9101.0,7564.3784
2091,5157.0,6468.682
2092,4686.0,4910.6284
2093,4917.0,3677.853
2094,3694.0,3716.668
2095,3409.0,2794.174
2096,2488.0,2128.2686
2097,1581.0,1340.3884
2098,1371.0,900.864
2099,939.0,643.60425
2100,0.0,475.84683
2101,0.0,305.6367
2102,0.0,288.4254
2103,0.0,277.25623
2104,0.0,299.60535
2105,0.0,324.5998
2106,0.0,358.6407
2107,0.0,397.19244
2108,2760.0,439.12955
2109,2235.0,486.50485
2110,1991.0,1466.3984
2111,884.0,1964.3434
2112,0.0,1476.6558
2113,0.0,925.72406
2114,0.0,544.1159
2115,0.0,584.76886
2116,0.0,643.67975
2117,732.0,860.6884
2118,1645.0,1235.9364
2119,3063.0,2404.4324
2120,2498.0,1961.1644
2121,1574.0,2039.083
2122,946.0,2071.3801
2123,681.0,1822.1648
2124,1838.0,1671.8978
2125,2628.0,1725.1699
2126,1883.0,2127.7783
2127,2644.0,3257.1406
2128,2869.0,4949.5312
2129,4161.0,6484.0044
2130,11858.0,7398.7607
2131,5995.0,8095.929
2132,4117.0,7470.4316
2133,5374.0,9327.702
2134,8074.999999999999,11317.059
2135,15476.0,11719.097
2136,8839.0,11048.2295
2137,7820.0,9233.527
2138,9907.0,9875.203
2139,11169.0,10132.505
2140,10246.0,9153.877
2141,8276.0,8693.262
2142,8810.0,9973.885
2143,13579.0,10560.279
2144,13628.0,10869.985
2145,12549.0,9880.738
2146,10861.0,8578.886
2147,7398.0,8582.28
2148,7512.0,7857.932
2149,9511.0,7387.3506
2150,5310.0,6000.419
2151,3533.0000000000005,4624.236
2152,5935.0,4183.865
2153,4703.0,3600.2341
2154,2194.0,2346.8813
2155,1142.0,1456.1991
2156,804.0,1119.914
2157,0.0,466.35114
2158,0.0,176.97278
2159,0.0,342.031
2160,0.0,316.13126
2161,0.0,354.0996
2162,0.0,367.173
2163,0.0,376.2187
2164,895.0000000000001,390.78894
2165,1201.0,408.75366
2166,1060.0,973.4737
2167,733.0,1142.6885
2168,683.0,1172.7996
2169,1128.0,1217.9888
2170,1427.0,1234.6005
2171,1198.0,1564.4691
2172,1307.0,2255.3489
2173,2189.0,3254.4875
2174,4633.0,4316.288
2175,6033.000000000001,5238.971
2176,7009.0,6024.8735
2177,8847.0,6997.1626
2178,10731.0,7898.0527
2179,11076.0,8128.5405
2180,7799.0,7715.6157
2181,2828.0,7471.04
2182,2962.0,7682.385
2183,5433.0,8390.301
2184,10585.0,8322.0
2185,11245.000000000002,8076.022
2186,11367.0,8369.9
2187,7450.0,9360.079
2188,9304.0,10748.359
2189,11518.0,11813.592
2190,17435.0,11269.517
2191,8421.0,10572.113
2192,15772.0,9183.282
2193,11742.0,10070.355
2194,5975.0,7899.7466
2195,5542.0,7104.0654
2196,6367.0,6004.189
2197,5060.0,4659.0063
2198,4111.0,4176.5005
2199,3615.0000000000005,5076.0757
2200,5149.0,5477.1753
2201,9407.0,5595.432
2202,5269.0,5513.332
2203,4547.0,4870.4287
2204,9130.0,4785.921
2205,5545.0,3901.554
2206,1599.0000000000002,2673.6047
2207,947.0,1469.2916
2208,614.0,680.3643
2209,0.0,120.10214
2210,0.0,8.080321
2211,0.0,284.91312
2212,707.0,341.06204
2213,0.0,380.09158
2214,0.0,354.01993
2215,0.0,325.96292
2216,0.0,355.45795
2217,0.0,363.11765
2218,0.0,370.19843
2219,0.0,388.5484
2220,841.0,411.39
2221,1600.0,435.39926
2222,2131.0,991.6409
2223,2631.0,1459.9009
2224,2712.0,1999.1823
2225,2635.0,2411.4236
2226,2838.0,2539.0652
2227,2468.0,2342.0603
2228,2410.0,2578.4539
2229,2441.0,3597.0288
2230,6799.0,4934.6343
2231,5784.0,6737.8086
2232,6487.0,7518.2153
2233,8872.0,8475.307
2234,10313.0,10283.307
2235,11643.000000000002,10643.887
2236,12733.0,12028.55
2237,13230.999999999998,13055.815
2238,12678.0,14024.214
2239,15191.0,14902.028
2240,16112.000000000002,15028.928
2241,11538.0,14513.628
2242,18076.0,14536.565
2243,16404.0,16705.217
2244,15738.0,16423.729
2245,17390.0,15715.131
2246,14917.999999999998,16488.252
2247,14538.0,14517.94
2248,14034.0,14292.62
2249,16552.0,14349.697
2250,16216.0,16389.844
2251,16044.0,15306.717
2252,15819.000000000002,14671.976
2253,14712.0,15119.525
2254,14667.000000000002,14115.058
2255,13739.0,13951.393
2256,12853.0,13910.257
2257,12361.999999999998,12839.381
2258,10905.0,11552.727
2259,12127.0,10237.102
2260,9473.0,10551.092
2261,7227.0,8873.397
2262,2178.0,3938.0579
2263,3469.0,1867.8527
2264,3188.0,2303.4434
2265,2631.0,1278.5089
2266,2208.0,1140.9517
2267,2310.0,1259.4308
2268,1287.0,1249.0632
2269,910.0,1129.2972
2270,0.0,993.8301
2271,0.0,873.2542
2272,0.0,557.8593
2273,0.0,466.3994
2274,0.0,426.54004
2275,0.0,397.01163
2276,512.0,389.3481
2277,756.0,388.66144
2278,1792.0000000000002,555.8994
2279,1088.0,556.4833
2280,906.0,695.11536
2281,1157.0,992.607
2282,1249.0,1521.9113
2283,1443.0000000000002,2102.6855
2284,1861.0,3013.1494
2285,2338.0,4040.0386
2286,5044.0,5308.562
2287,6918.000000000001,6718.2285
2288,8469.0,7722.4414
2289,10388.0,8885.19
2290,9899.0,10022.435
2291,8693.0,10574.377
2292,11763.0,11386.942
2293,13242.0,12744.727
2294,12056.0,12908.515
2295,11344.0,13512.467
2296,11000.0,14309.627
2297,11503.0,14203.354
2298,14807.000000000002,14086.796
2299,9288.0,13410.538
2300,12799.0,12977.678
2301,18509.0,14770.391
2302,12526.0,15066.982
2303,11568.999999999998,13304.892
2304,11104.0,13991.368
2305,11084.0,12765.72
2306,11903.0,10807.948
2307,11755.0,10071.204
2308,10892.0,9868.776
2309,10697.0,10767.504
2310,12663.999999999998,11396.795
2311,14384.0,11342.891
2312,9876.0,10016.272
2313,5547.0,8322.071
2314,10313.0,7276.5957
2315,9138.0,7130.3926
2316,8777.0,6861.677
2317,5780.000000000001,5850.895
2318,5504.0,5964.0483
2319,6136.0,5367.453
2320,4002.0,3888.8438
2321,2329.0,2469.34
2322,1332.0,1766.3857
2323,0.0,823.4502
2324,1016.0,351.36407
2325,688.0,458.96692
2326,0.0,349.13757
2327,0.0,416.25604
2328,0.0,382.18488
2329,0.0,337.56213
2330,0.0,335.79922
2331,0.0,339.07434
2332,0.0,355.0274
2333,0.0,384.29883
2334,1026.0,681.6188
2335,1339.0,766.3216
2336,1043.0,1201.1415
2337,1450.0,1400.723
2338,2167.0,1643.2083
2339,2833.0,1928.1177
2340,2939.9999999999995,2312.236
2341,3339.0,3101.3037
2342,4268.0,4115.2666
2343,5832.0,5079.2617
2344,6154.000000000001,5602.308
2345,5860.999999999999,6534.163
2346,6164.0,7434.2446
2347,7376.0,8385.344
2348,11626.0,9605.199
2349,9500.0,10352.904
2350,12457.0,10716.872
2351,8286.0,10839.142
2352,10681.0,10016.239
2353,11384.0,11220.118
2354,9665.0,11530.583
2355,10565.0,11718.342
2356,12061.0,13583.5
2357,17013.0,15036.96
2358,17768.0,15563.627
2359,16581.0,15979.347
2360,16619.0,15589.113
2361,16355.0,14491.992
2362,8677.0,12479.945
2363,9472.0,11399.193
2364,14772.000000000002,11331.468
2365,13739.0,10909.505
2366,8668.0,7617.785
2367,5781.0,6268.5186
2368,3880.0000000000005,6773.4087
2369,3388.0,6190.771
2370,4044.0,5794.1367
2371,5788.000000000001,5577.485
2372,6357.0,4757.5806
2373,4698.0,3945.2063
2374,4376.0,3639.6694
2375,2203.0,3039.5186
2376,1718.0,1470.7042
2377,1365.0,1074.0167
2378,0.0,841.721
2379,0.0,397.90936
2380,0.0,391.36523
2381,0.0,312.22214
2382,0.0,328.48193
2383,0.0,337.8259
2384,0.0,348.11868
2385,0.0,357.88574
2386,0.0,368.04993
2387,0.0,378.04208
2388,931.0000000000001,388.79745
2389,952.0,400.5246
2390,804.0,955.7845
2391,1122.0,1176.5743
2392,1693.0,1240.0608
2393,1526.0,1283.7272
2394,2212.0,1477.452
2395,2523.0,1809.348
2396,2282.0,2079.5942
2397,2832.0,2355.1538
2398,2164.0,2549.8708
2399,2113.0,2394.003
2400,1789.0,2185.237
2401,1104.0,2072.4932
2402,1360.0,1933.2563
2403,1632.0000000000002,2045.9462
2404,2103.0,2356.359
2405,2837.0,2824.8796
2406,3380.0,3167.2239
2407,3000.0,3402.7678
2408,3253.0,3275.2517
2409,3060.0,3071.0085
2410,3040.0,3054.7966
2411,3471.0000000000005,3240.087
2412,2910.0,3095.9172
2413,2498.0,2855.1445
2414,2434.0,2652.1296
2415,3116.0000000000005,2591.6997
2416,2380.0,2491.863
2417,3511.0,2560.3755
2418,3411.9999999999995,2966.6533
2419,2567.0,2748.386
2420,2417.0,2329.866
2421,2038.9999999999998,2150.9995
2422,2070.0,1824.2347
2423,1938.0000000000002,1768.4438
2424,1422.0,1585.9608
2425,1302.0,1275.2494
2426,989.0,968.79663
2427,772.9999999999999,901.6272
2428,1186.0,873.9683
2429,826.0,752.7538
2430,0.0,570.50085
2431,0.0,466.41278
2432,0.0,343.93326
2433,0.0,269.4985
2434,0.0,289.03098
2435,0.0,293.43307
2436,0.0,301.55536
2437,0.0,309.81766
2438,0.0,315.85425
2439,0.0,322.70728
2440,0.0,330.804
2441,0.0,341.03247
2442,0.0,350.01117
2443,0.0,360.98337
2444,1296.0,373.7869
2445,1000.9999999999999,388.2699
2446,1050.0,1012.18365
2447,1650.0,1283.6747
2448,1805.0,1494.3298
2449,1590.9999999999998,1582.5837
2450,1777.0,1851.7806
2451,2091.0,2200.2417
2452,2310.0,2498.6567
2453,2454.0,2973.0525
2454,2803.9999999999995,3612.0251
2455,3559.9999999999995,4265.528
2456,3698.0,4779.8066
2457,3703.0,5062.237
2458,4201.0,5620.983
2459,4418.0,6247.2617
2460,5184.0,6860.8237
2461,5540.0,7485.398
2462,7401.0,8728.276
2463,9138.0,9632.856
2464,8090.0,9977.11
2465,10472.0,11253.172
2466,16167.0,13174.541
2467,15264.0,14549.429
2468,17313.0,13915.832
2469,16748.0,13707.698
2470,16974.0,13982.3955
2471,16361.0,14543.05
2472,15843.0,13670.221
2473,16270.0,14317.393
2474,15597.0,14271.64
2475,14374.000000000002,13486.374
2476,13713.0,13047.947
2477,13699.000000000002,12956.365
2478,13496.0,12758.367
2479,12778.0,12130.879
2480,12548.0,11771.751
2481,9830.0,10808.649
2482,8994.0,8987.318
2483,9585.0,8563.507
2484,8601.0,7883.484
2485,6053.0,6444.1045
2486,4194.0,5413.6743
2487,2107.0,4536.69
2488,1791.0,3654.394
2489,2508.0,2603.351
2490,2297.0,1688.0958
2491,1105.0,1040.5793
2492,0.0,761.7769
2493,0.0,685.97156
2494,0.0,507.78882
2495,0.0,364.9027
2496,0.0,380.85098
2497,0.0,384.4661
2498,0.0,393.00253
2499,0.0,411.9483
2500,943.0,436.40427
2501,1060.0,468.8264
2502,1547.9999999999998,1183.7753
2503,1590.0,1474.1481
2504,1840.0,1629.5099
2505,1849.9999999999998,1847.9838
2506,2095.0,2128.766
2507,2702.0,2514.9956
2508,2702.0,2936.7258
2509,3212.9999999999995,3409.9817
2510,3577.0,3942.4749
2511,4500.0,4480.7935
2512,5318.0,4798.573
2513,7040.0,6052.632
2514,5496.0,6826.7217
2515,6238.0,5838.568
2516,7701.000000000001,5722.2964
2517,4714.0,6309.181
2518,5801.999999999999,5525.9043
2519,6741.0,5310.6426
2520,2386.0,4482.8267
2521,1540.0,3789.7163
2522,2701.0,4151.237
2523,6185.0,4065.4878
2524,5774.0,3775.6807
2525,3082.0,3318.1404
2526,2657.0,3347.247
2527,1540.0,3344.3008
2528,2726.0,2876.779
2529,2610.0,2422.0347
2530,1871.0,2390.9177
2531,2063.0,2365.2773
2532,2018.0000000000002,2381.1304
2533,1508.9999999999998,2177.1006
2534,1538.0,1926.8643
2535,1469.9999999999998,1911.8833
2536,898.0,1487.8998
2537,0.0,1213.9316
2538,1458.0,815.13983
2539,2674.0,792.0693
2540,3902.9999999999995,1235.5848
2541,8445.0,2725.0818
2542,7290.0,3720.5093
2543,5991.0,4235.922
2544,4848.0,3982.342
2545,2522.0,3055.8455
2546,1773.0,1853.4344
2547,1158.0,1178.4585
2548,1325.0,683.2337
2549,0.0,287.82022
2550,0.0,147.69724
2551,0.0,313.66196
2552,0.0,318.02374
2553,0.0,346.69455
2554,0.0,354.8162
2555,0.0,358.22238
2556,480.0,359.0428
2557,562.0,358.2333
2558,666.0,683.43384
2559,743.0000000000001,706.5029
2560,849.9999999999999,798.55426
2561,970.0000000000001,882.6283
2562,1102.0,1072.541
2563,1341.0,1353.1996
2564,1593.0000000000002,1720.9438
2565,2438.0,2385.003
2566,3490.0000000000005,3386.0645
2567,5197.0,4599.59
2568,6729.0,6045.671
2569,8361.0,7587.8994
2570,9831.0,9237.651
2571,11070.0,10706.191
2572,11926.000000000002,11864.287
2573,13357.999999999998,12766.841
2574,13177.000000000002,13508.802
2575,14986.0,13942.544
2576,15693.0,14920.272
2577,14263.0,15008.354
2578,13930.0,15467.737
2579,16779.0,16033.524
2580,18225.0,16785.746
2581,18017.0,16623.127
2582,17747.0,16899.59
2583,17861.0,17322.744
2584,17564.0,17138.639
2585,17073.0,17130.166
2586,16691.0,16456.219
2587,16324.999999999998,16226.463
2588,15933.0,15165.882
2589,14858.000000000002,14331.275
2590,13182.999999999998,12796.653
2591,11266.0,11695.426
2592,11998.999999999998,11242.345
2593,11339.999999999998,10632.641
2594,11628.0,10471.575
2595,10515.0,9535.413
2596,9506.0,8098.778
2597,8107.000000000001,6817.0566
2598,7189.0,5823.3276
2599,6191.999999999999,4598.55
2600,5041.0,3526.5574
2601,3703.0,2600.8271
2602,1551.9999999999998,1615.7761
2603,0.0,942.3905
2604,0.0,520.70935
2605,0.0,330.60498
2606,0.0,298.05118
2607,0.0,329.77698
2608,0.0,346.8157
2609,0.0,364.41418
2610,0.0,379.2355
2611,0.0,392.34396
2612,974.0,406.50616
2613,1053.0,422.10324
2614,1121.0,873.45135
2615,1915.0,1206.6664
2616,1695.0,1531.2993
2617,2229.0,1902.7593
2618,2130.0,2285.6956
2619,2354.0,2621.0066
2620,3836.0,2926.5703
2621,4491.0,3720.416
2622,6307.0,5229.3525
2623,7606.0,6569.1523
2624,5813.0,6622.6704
2625,3619.0000000000005,6004.0806
2626,5868.999999999999,5420.2773
2627,4292.0,5267.585
2628,6542.0,5662.2817
2629,6538.0,6070.1567
2630,5807.000000000001,7049.5
2631,10194.0,8403.568
2632,10996.0,10381.83
2633,10787.0,10184.839
2634,9961.0,11530.944
2635,12894.000000000002,13673.733
2636,17327.0,15142.819
2637,17361.0,16058.569
2638,16879.0,15869.017
2639,16473.0,16666.559
2640,15586.0,16536.941
2641,16631.0,16037.008
2642,13682.0,15054.985
2643,17171.0,13999.568
2644,10846.0,15022.812
2645,10275.0,10363.957
2646,9181.0,5044.9585
2647,11933.0,10332.786
2648,9778.0,11790.674
2649,13007.0,7501.7725
2650,9456.0,9477.463
2651,9641.0,8869.151
2652,9157.0,6279.652
2653,7804.0,6172.989
2654,6789.000000000001,5538.0645
2655,5143.0,4579.4375
2656,2817.0,2543.4158
2657,2914.0,2066.1843
2658,827.0,1176.9492
2659,1491.0,814.59576
2660,813.9999999999999,545.11707
2661,0.0,421.4207
2662,0.0,398.29132
2663,0.0,471.14856
2664,0.0,450.16275
2665,0.0,453.01428
2666,0.0,451.5295
2667,0.0,454.88843
2668,691.0,461.56445
2669,834.0,470.26538
2670,1807.0,940.0905
2671,2097.0,1328.7736
2672,2314.0,1762.3777
2673,1577.0,2041.328
2674,1409.0,1911.392
2675,1910.0,1808.1527
2676,2427.0,2090.4817
2677,4150.0,2904.4626
2678,4685.0,4216.2144
2679,5071.0,5296.7637
2680,5260.0,5780.766
2681,5467.0,6953.455
2682,7103.999999999999,7349.379
2683,8322.0,7778.8413
2684,7093.000000000001,8064.807
2685,7660.0,8884.857
2686,11670.0,10555.168
2687,10534.0,10902.542
2688,7379.0,9760.597
2689,6209.0,8467.74
2690,7407.999999999999,8263.432
2691,6640.0,7221.948
2692,6823.0,6728.7114
2693,7902.0,7759.6777
2694,8581.0,7703.6963
2695,6089.0,7215.9785
2696,4924.0,6395.063
2697,5331.0,5928.9077
2698,4750.0,6173.113
2699,8354.0,6291.194
2700,8319.0,8084.6514
2701,13968.0,9741.265
2702,12905.999999999998,11166.26
2703,7150.0,9556.027
2704,12991.0,7880.644
2705,11884.0,8970.862
2706,10956.0,7178.62
2707,10151.0,5481.19
2708,8988.0,5403.43
2709,7861.0,4800.7124
2710,6631.0,4115.741
2711,5489.0,3631.668
2712,4246.0,3005.1692
2713,3394.0,2331.0706
2714,2564.0,1862.5104
2715,1648.0,1402.2554
2716,858.0000000000001,992.0559
2717,0.0,695.00116
2718,0.0,471.6333
2719,0.0,360.97363
2720,0.0,328.4621
2721,0.0,343.8207
2722,0.0,349.88162
2723,0.0,364.51614
2724,424.99999999999994,384.26395
2725,476.0,400.33817
2726,563.0,877.20123
2727,635.0,1010.4921
2728,733.0,1125.6907
2729,800.0,1148.5397
2730,877.0,1272.4749
2731,994.0,1300.4233
2732,1340.0,1502.0248
2733,1886.9999999999998,1910.0502
2734,2184.0,2531.2734
2735,4488.0,3479.13
2736,5800.0,5174.487
2737,7309.0,6796.9536
2738,9132.0,8454.435
2739,10617.0,10216.54
2740,11635.0,11190.109
2741,12615.0,12197.743
2742,13295.000000000002,13050.792
2743,14183.000000000002,13732.413
2744,13697.0,14197.536
2745,16182.000000000002,15027.497
2746,16823.0,15564.368
2747,16509.0,14990.558
2748,15809.0,14928.392
2749,11145.999999999998,14525.309
2750,18001.0,14743.93
2751,16195.000000000002,17133.994
2752,17459.0,16803.527
2753,15297.000000000002,15572.564
2754,13815.0,14423.099
2755,13344.0,14971.025
2756,14386.0,13437.348
2757,14869.0,13642.933
2758,14067.0,13435.192
2759,13175.0,12871.675
2760,11968.0,11774.684
2761,11630.000000000002,11239.8955
2762,10889.0,10212.565
2763,9960.0,8719.243
2764,8649.0,7791.8174
2765,7310.0,6071.3696
2766,6587.000000000001,5160.994
2767,5345.0,4320.1895
2768,4227.0,2960.9905
2769,2978.0,2040.063
2770,733.0,1038.6749
2771,0.0,502.0429
2772,0.0,235.67773
2773,0.0,246.87437
2774,0.0,251.13103
2775,0.0,284.1633
2776,0.0,296.118
2777,0.0,309.36978
2778,0.0,320.22116
2779,0.0,332.29355
2780,427.00000000000006,346.44882
2781,462.99999999999994,360.85
2782,550.0,917.60333
2783,645.0,965.6452
2784,1242.0,1260.2366
2785,831.0,1438.0112
2786,983.0,1698.4633
2787,1198.0,2153.9595
2788,1561.0,2695.7458
2789,2163.0,3325.8154
2790,2750.0,4338.439
2791,4874.0,5468.778
2792,6860.0,6734.9233
2793,7036.0,7824.711
2794,7754.999999999999,8791.177
2795,7894.0,9806.331
2796,10928.0,10864.427
2797,12635.0,11259.648
2798,11935.0,11617.406
2799,11113.0,11850.094
2800,13789.0,12582.3125
2801,14384.0,12248.51
2802,9229.0,10643.798
2803,5663.0,9069.848
2804,5951.0,7464.0933
2805,6335.0,6806.346
2806,7520.999999999999,6039.5566
2807,4940.0,5249.3477
2808,6587.000000000001,5230.606
2809,5746.0,5044.387
2810,2436.0,3362.2083
2811,1221.0,2420.6172
2812,731.0,2109.073
2813,1184.0,1776.0851
2814,1689.0,1604.7297
2815,2147.0,1535.0402
2816,1184.0,1538.9208
2817,1762.0,1485.1766
2818,1623.0,1425.9851
2819,1436.9999999999998,1111.7327
2820,1334.0,961.38354
2821,1135.0,919.7662
2822,1551.9999999999998,858.9542
2823,1664.9999999999998,891.18536
2824,2283.0,995.73285
2825,2134.0,1042.1631
2826,1194.0,897.51434
2827,776.9999999999999,666.39386
2828,999.0,555.50574
2829,0.0,338.6177
2830,0.0,141.45454
2831,0.0,214.96494
2832,0.0,209.37473
2833,0.0,259.29117
2834,0.0,283.0788
2835,0.0,302.94562
2836,964.9999999999999,322.1751
2837,1056.0,346.77902
2838,1677.0000000000002,1057.1312
2839,1973.0000000000002,1507.7325
2840,2537.0,1725.0364
2841,1043.0,1847.9403
2842,0.0,1428.4309
2843,0.0,570.5959
2844,0.0,365.48132
2845,2764.0,1199.5509
2846,2419.0,2116.6584
2847,1490.0,3778.267
2848,2164.0,1612.7576
2849,0.0,1468.456
2850,0.0,1229.4381
2851,1640.0000000000002,1047.0088
2852,1908.0,1649.9132
2853,1745.0000000000002,2198.6511
2854,1788.0000000000002,1602.3268
2855,893.0000000000001,2067.4482
2856,2035.0,2287.9846
2857,3414.0,2455.7578
2858,2435.0,2380.4136
2859,1877.0,2349.676
2860,1489.0,2551.3113
2861,1360.0,2591.5354
2862,2287.0,2409.3835
2863,3456.0,2466.1047
2864,3325.0,2272.7346
2865,2304.0,2106.8445
2866,1120.0,1996.2739
2867,1196.0,1964.4965
2868,1033.0,1584.8732
2869,941.0,1227.5771
2870,753.0,1022.9729
2871,0.0,898.2653
2872,1031.0,855.69543
2873,1465.0,660.0157
2874,1537.0,1070.2986
2875,2999.0000000000005,1466.3531
2876,3305.0,1455.8899
2877,1792.0000000000002,1363.872
2878,3722.0,1477.212
2879,1571.0,1908.2924
2880,1187.0,1208.7861
2881,0.0,180.22214
2882,0.0,280.1028
2883,0.0,265.4091
2884,0.0,193.40645
2885,0.0,275.4328
2886,0.0,305.16284
2887,0.0,318.29245
2888,0.0,320.94766
2889,0.0,320.5717
2890,0.0,322.25992
2891,0.0,328.496
2892,784.0,348.5274
2893,752.0,378.7972
2894,927.9999999999999,1078.5424
2895,1028.0,1290.3383
2896,1044.0,1335.7395
2897,1025.0,1437.2466
2898,1293.0,1585.8656
2899,1451.0000000000002,1854.9036
2900,1912.0,2312.9182
2901,2660.0,3016.654
2902,3446.0,3731.1824
2903,5170.0,4701.37
2904,4243.0,5596.2627
2905,8286.0,6949.199
2906,8109.999999999999,8828.667
2907,7703.999999999999,9589.597
2908,10863.0,9932.422
2909,13507.0,11775.572
2910,14290.0,11762.097
2911,11408.0,11533.351
2912,16367.0,12328.919
2913,15334.999999999998,13780.1455
2914,14172.0,13713.592
2915,17146.0,13853.022
2916,13930.999999999998,13756.9375
2917,9977.0,11742.686
2918,8485.0,11943.374
2919,8649.0,12446.135
2920,16915.0,13476.914
2921,12001.0,14947.837
2922,15401.0,14125.742
2923,15757.0,12647.415
2924,13311.000000000002,10897.266
2925,12115.0,9954.213
2926,5084.0,9115.83
2927,10808.0,8839.783
2928,12179.0,9792.02
2929,2931.0,8176.2495
2930,3310.0,2642.6465
2931,2060.0,-802.7483
2932,1697.9999999999998,1816.8096
2933,4896.0,2753.3545
2934,3259.9999999999995,2087.8567
2935,1641.0,1971.9962
2936,0.0,1235.8673
2937,0.0,763.6069
2938,0.0,303.89987
2939,0.0,202.07066
2940,0.0,216.30643
2941,0.0,236.52557
2942,0.0,269.5884
2943,0.0,293.7869
2944,0.0,308.96933
2945,0.0,322.268
2946,0.0,335.7665
2947,0.0,348.2213
2948,0.0,357.443
2949,0.0,368.8338
2950,0.0,630.2203
2951,0.0,701.56134
2952,1239.0,773.17725
2953,1213.0,842.6058
2954,1430.0,1350.7473
2955,2717.0,1818.0691
2956,3082.0,2600.6836
2957,2793.0,2847.512
2958,3238.0,3104.7317
2959,4442.0,3447.3252
2960,4817.0,4480.5537
2961,7370.000000000001,5830.262
2962,5346.0,7623.0137
2963,5683.000000000001,7591.2285
2964,9638.0,8390.469
2965,9019.0,9895.023
2966,7695.0,9837.012
2967,14895.0,11284.034
2968,15235.0,13297.172
2969,13605.0,13074.521
2970,16123.0,12895.832
2971,13135.0,12635.425
2972,4196.0,8999.562
2973,544.0,6313.5547
2974,1857.0,4288.924
2975,1699.9999999999998,3233.1938
2976,2046.0,2958.1885
2977,2258.0,2841.821
2978,2289.0,2606.0635
2979,3002.0,2842.7627
2980,2256.0,3463.8591
2981,8840.0,4743.2725
2982,13080.0,6821.3413
2983,13398.0,8743.93
2984,12127.0,9845.49
2985,11472.0,10030.35
2986,10483.0,9280.188
2987,9167.0,7880.453
2988,5785.0,5675.047
2989,5215.0,4630.962
2990,4981.0,4380.228
2991,1310.0,3097.0522
2992,2776.0,2038.1964
2993,2806.0,1815.8834
2994,1722.0,1580.3511
2995,1171.0,897.79297
2996,0.0,531.9779
2997,0.0,25.670042
2998,0.0,173.38281
2999,0.0,265.0075
3000,0.0,312.4031
3001,0.0,339.0471
3002,0.0,360.30576
3003,0.0,371.1312
3004,354.0,374.0548
3005,438.0,374.62366
3006,510.0,903.4228
3007,564.0,977.45905
3008,647.0,1085.7091
3009,717.0,1206.785
3010,807.0,1340.8392
3011,932.0000000000001,1510.8816
3012,1226.0,1765.1232
3013,1736.9999999999998,2088.6233
3014,2789.0,2623.5315
3015,5094.0,3200.4092
3016,3461.0,4088.2942
3017,7660.999999999999,5280.6553
3018,5330.0,7661.91
3019,7698.000000000001,8257.991
3020,5691.0,7589.3755
3021,8322.0,9480.186
3022,7955.0,9346.581
3023,11638.0,10355.21
3024,14856.0,12869.878
3025,11768.0,13642.174
3026,9321.0,10665.776
3027,2319.0,6787.1685
3028,4631.0,3604.34
3029,5913.0,5026.531
3030,6592.0,4756.9126
3031,4312.0,5808.2075
3032,9416.0,7717.2573
3033,15349.0,10318.389
3034,9576.0,10144.8955
3035,12092.0,7501.442
3036,8103.0,6421.1753
3037,1136.0,4148.8564
3038,0.0,3259.5955
3039,0.0,1871.5934
3040,0.0,1198.5283
3041,560.0,798.7123
3042,816.0000000000001,342.45642
3043,1248.0,279.16904
3044,1679.0,656.1687
3045,2157.0,766.3716
3046,2379.0,968.14825
3047,2059.0,1088.667
3048,1888.0,1060.6616
3049,1429.0,782.90564
3050,0.0,391.17087
3051,0.0,152.2975
3052,0.0,170.12868
3053,0.0,185.63203
3054,0.0,234.27379
3055,0.0,263.04114
3056,0.0,292.102
3057,0.0,312.78522
3058,0.0,330.681
3059,0.0,351.5386
3060,1226.0,376.3375
3061,1374.0,400.47665
3062,1423.0,1122.287
3063,1572.0,1477.7318
3064,1812.0,1788.2267
3065,2105.0,2044.34
3066,2293.0,2252.2166
3067,2145.0,2330.716
3068,2079.0,2376.7354
3069,2405.0,2529.803
3070,2961.0,2814.9927
3071,4153.0,3097.5422
3072,3633.9999999999995,3336.1042
3073,3289.0,3617.7546
3074,3576.0000000000005,4076.819
3075,4162.0,4324.9575
3076,4633.0,4076.9111
3077,5401.0,4077.7156
3078,6374.0,4012.9153
3079,6915.0,4041.4053
3080,7316.000000000001,4053.8203
3081,7618.0,4224.5728
3082,6177.0,4346.586
3083,1438.0,4810.9434
3084,760.0,5298.0435
3085,1886.0,6892.0425
3086,4917.0,8555.624
3087,13481.0,10129.349
3088,13812.0,11257.758
3089,10852.0,10461.869
3090,13764.0,10812.799
3091,10514.0,11279.674
3092,6862.0,8498.78
3093,8687.0,7720.9043
3094,4843.0,6588.0093
3095,7983.0,5491.7456
3096,4661.0,5926.5186
3097,4446.0,4951.837
3098,2386.0,1947.5754
3099,2170.0,1893.1589
3100,2411.0,2528.6702
3101,3062.0,1612.7274
3102,1751.0000000000002,1523.8654
3103,952.0,1311.8116
3104,0.0,873.99426
3105,0.0,681.7385
3106,0.0,348.1747
3107,0.0,237.02914
3108,0.0,255.03882
3109,0.0,253.41818
3110,0.0,276.24033
3111,0.0,299.20126
3112,0.0,317.13525
3113,0.0,333.60645
3114,0.0,347.08823
3115,0.0,359.0218
3116,540.0,366.7585
3117,769.0,371.9939
3118,992.0,986.87756
3119,1492.0,1174.1965
3120,2070.0,1374.5709
3121,2503.0,1799.3519
3122,3861.0,2383.9282
3123,4524.0,2815.072
3124,1986.0,2888.5093
3125,1133.0,2737.2036
3126,1303.0,2487.2358
3127,1632.0000000000002,2163.1438
3128,1643.0,1618.652
3129,2196.0,1654.978
3130,1372.0,1863.7207
3131,1574.0,2234.0579
3132,2830.9999999999995,2842.879
3133,3674.0,2995.4329
3134,1651.0,2599.6829
3135,1282.0,2152.2078
3136,2027.0,1589.0337
3137,1069.0,1576.2786
3138,0.0,1643.4048
3139,919.0,2401.663
3140,3052.9999999999995,1860.286
3141,5511.0,3712.0366
3142,8334.0,2971.6396
3143,7352.0,3756.9004
3144,1035.0,5027.375
3145,4530.0,5538.4165
3146,12727.999999999998,8274.998
3147,10734.0,9718.141
3148,9692.0,9179.302
3149,9058.0,10143.521
3150,14393.000000000002,12002.343
3151,12565.0,11276.915
3152,8010.0,8080.7456
3153,5097.0,7391.7017
3154,5060.0,7171.1816
3155,8716.0,6685.9956
3156,8487.0,5803.142
3157,3407.9999999999995,4630.932
3158,5413.0,3147.516
3159,1128.0,2446.955
3160,938.0,1463.9922
3161,1061.0,1177.4172
3162,1734.0,686.39606
3163,802.0,391.8721
3164,0.0,365.29572
3165,0.0,349.64212
3166,0.0,316.68356
3167,0.0,279.00674
3168,0.0,306.564
3169,0.0,317.1698
3170,0.0,331.60733
3171,0.0,350.42566
3172,622.0,370.47427
3173,734.9999999999999,392.0144
3174,1041.0,993.3755
3175,2195.0,1378.55
3176,1999.0,1816.543
3177,2285.0,2165.9126
3178,3304.0,2682.2124
3179,3145.0,2934.3591
3180,2992.0,3016.6438
3181,4314.0,3590.1807
3182,3863.9999999999995,4188.06
3183,6099.0,4352.6816
3184,5507.0,4955.946
3185,8475.0,6858.7383
3186,6708.000000000001,8266.351
3187,4053.0,5919.82
3188,5420.0,5175.711
3189,6841.0,7464.076
3190,9736.0,9221.538
3191,12518.000000000002,11497.599
3192,8729.0,11133.615
3193,5891.0,8347.327
3194,7132.0,5819.998
3195,5533.0,5483.968
3196,7203.000000000001,6684.7
3197,16389.0,13373.249
3198,8516.0,14574.374
3199,13240.0,10550.508
3200,18548.0,14566.3
3201,13605.0,18556.63
3202,13276.000000000002,12213.69
3203,3208.9999999999995,10925.548
3204,7605.0,2960.871
3205,13054.0,8400.903
3206,10053.0,8278.549
3207,7247.0,7227.4985
3208,10569.0,8022.2734
3209,11651.0,8734.372
3210,8583.0,5264.3594
3211,7563.999999999999,5300.7534
3212,6584.0,6379.659
3213,7090.000000000001,5781.0244
3214,6008.999999999999,5070.772
3215,4717.0,4137.396
3216,3583.0,3279.042
3217,2450.0,2512.5303
3218,1375.0,1768.4341
3219,600.0,954.6548
3220,0.0,521.5263
3221,0.0,327.59528
3222,0.0,316.31982
3223,0.0,319.76086
3224,0.0,354.2262
3225,0.0,371.51727
3226,0.0,388.1676
3227,0.0,406.09232
3228,779.0000000000001,423.46506
3229,870.0,438.71423
3230,1163.0,1259.9868
3231,1512.0,1717.1323
3232,2106.0,1743.2283
3233,2705.0,1953.9652
3234,2673.0,2331.5095
3235,2899.0,2756.315
3236,3450.0,3297.9246
3237,4146.0,3459.136
3238,3590.9999999999995,3554.4172
3239,2277.0,3480.079
3240,2915.0,3273.843
3241,3598.0,3610.0017
3242,3799.0,3732.3352
3243,3672.9999999999995,3742.165
3244,3687.0,4068.0017
3245,3686.0,3947.244
3246,2900.9999999999995,3422.1875
3247,2614.0,3224.4783
3248,2817.0,3170.1785
3249,2243.0,3091.8862
3250,1690.0,2763.4053
3251,1512.9999999999998,2571.8713
3252,1614.0,2386.6487
3253,1637.0,2068.5486
3254,1681.0,2009.4207
3255,1360.0,2089.1965
3256,2265.0,2389.5479
3257,3922.0,2746.0012
3258,4575.0,2879.6387
3259,3350.0000000000005,2873.1355
3260,2629.0,3023.6423
3261,1573.0,2761.377
3262,1085.0,2375.2063
3263,1079.0,1900.2092
3264,1093.0,1556.6305
3265,1054.0,1178.4382
3266,927.9999999999999,1017.60455
3267,0.0,889.43085
3268,0.0,807.5331
3269,0.0,540.1228
3270,0.0,386.34122
3271,0.0,420.11636
3272,0.0,404.6221
3273,0.0,404.1162
3274,0.0,408.82422
3275,0.0,406.0201
3276,0.0,400.39832
3277,0.0,393.63602
3278,0.0,387.52704
3279,0.0,379.16623
3280,0.0,372.5307
3281,0.0,368.39633
3282,0.0,367.3578
3283,0.0,370.7091
3284,554.0,379.58868
3285,661.0,394.86346
3286,884.0,1137.9762
3287,1141.0,1383.6208
3288,1002.9999999999999,1281.6632
3289,1071.0,1295.1508
3290,1001.9999999999999,1394.575
3291,1231.0,1542.7509
3292,1740.9999999999998,1716.4512
3293,1545.0,1948.6085
3294,1705.9999999999998,2474.4197
3295,1964.9999999999998,3166.3464
3296,2050.0,3753.334
3297,2736.0,4152.3486
3298,3301.0,4661.125
3299,8534.0,5088.846
3300,7396.0,5499.8105
3301,3452.0,5045.7915
3302,3056.9999999999995,5850.959
3303,6899.000000000001,6847.704
3304,8536.0,6275.6934
3305,4647.0,4859.6562
3306,3280.0000000000005,5284.8926
3307,10143.0,6853.0273
3308,5852.0,9231.906
3309,11536.0,7727.5054
3310,13650.999999999998,10062.812
3311,7099.0,9909.902
3312,14223.0,8930.907
3313,5750.0,11142.885
3314,5507.0,8636.827
3315,13398.0,9504.849
3316,13379.0,11180.761
3317,12873.0,9391.811
3318,9159.0,8806.202
3319,10699.0,9451.777
3320,7824.0,7724.196
3321,4024.0000000000005,4652.6157
3322,4809.0,4199.06
3323,2877.0,3719.9253
3324,4015.9999999999995,3365.2412
3325,2094.0,2680.954
3326,4940.0,1959.6542
3327,3405.0,2687.1448
3328,2135.0,2139.8584
3329,1598.0,1993.8197
3330,1148.0,1837.0607
3331,0.0,1306.4749
3332,0.0,983.8516
3333,0.0,613.71765
3334,0.0,456.39386
3335,0.0,425.53073
3336,0.0,390.24667
3337,0.0,381.85104
3338,0.0,377.9016
3339,0.0,370.74216
3340,786.0,364.5621
3341,1127.0,362.2199
3342,1330.0,821.55554
3343,1826.0,882.4307
3344,2249.0,980.6461
3345,2277.0,1064.614
3346,2422.0,1290.2205
3347,2327.0,1550.2573
3348,1929.9999999999998,1898.9204
3349,1808.0,2459.085
3350,2197.0,3296.5586
3351,2898.0000000000005,4066.3923
3352,4665.0,4844.5435
3353,7242.0,5776.1714
3354,7485.999999999999,7048.8086
3355,8457.0,8159.4214
3356,8856.0,9726.198
3357,11169.0,10831.365
3358,12748.0,11554.324
3359,12048.0,11926.251
3360,12259.999999999998,12530.24
3361,12622.999999999998,13425.925
3362,14898.999999999998,14238.058
3363,15312.0,14475.27
3364,15104.0,14695.728
3365,12811.000000000002,14427.388
3366,12866.0,14294.021
3367,12886.999999999998,13903.02
3368,15226.0,14461.886
3369,15439.999999999998,15253.687
3370,15463.0,15113.677
3371,14926.0,14779.031
3372,14885.0,13658.408
3373,10780.0,11760.918
3374,6527.0,9417.741
3375,6810.0,8910.319
3376,12308.000000000002,8502.035
3377,11079.0,8406.78
3378,9017.0,6532.497
3379,4665.0,5836.1616
3380,3429.0,5217.788
3381,5052.0,4281.3394
3382,3328.0,3039.191
3383,2271.0,1977.9695
3384,1573.0,1796.0916
3385,0.0,989.87305
3386,0.0,319.23697
3387,0.0,305.99216
3388,0.0,284.79364
3389,0.0,319.9334
3390,0.0,350.4346
3391,0.0,390.98395
3392,0.0,437.8927
3393,0.0,491.82782
3394,0.0,554.3308
3395,0.0,625.5235
3396,321.0,695.0681
3397,416.0,771.1602
3398,485.00000000000006,2567.9373
3399,554.0,3092.2944
3400,647.0,3586.0896
3401,763.0,4199.916
3402,897.0,4579.843
3403,1003.9999999999999,4761.908
3404,1168.0,5164.529
3405,1467.0,5293.774
3406,1882.0,5397.1187
3407,2434.0,5356.4023
3408,3266.0,5377.9897
3409,5189.0,5373.031
3410,6744.0,5741.3276
3411,7684.0,5975.552
3412,9193.0,6649.0854
3413,10338.0,7425.4404
3414,12102.0,7764.3774
3415,12993.0,8233.751
3416,0.0,8657.472
3417,13067.0,9560.376
3418,16003.0,12877.085
3419,16524.0,13105.516
3420,16916.0,9845.962
3421,16429.0,14730.545
3422,15830.0,13442.205
3423,15493.0,14652.114
3424,15188.0,15401.641
3425,14196.0,15249.07
3426,13992.000000000002,14761.977
3427,14057.0,14453.693
3428,13480.0,13944.14
3429,13063.0,13066.441
3430,13362.0,12686.467
3431,12988.999999999998,12104.886
3432,11820.0,11246.786
3433,10360.0,10131.66
3434,9574.0,8835.739
3435,7302.999999999999,7344.0195
3436,6239.0,5723.6084
3437,4205.0,4322.1626
3438,3466.0,2923.5908
3439,1943.0,2033.269
3440,1503.0,1177.6996
3441,1267.0,812.84393
3442,788.0,577.85254
3443,0.0,392.2352
3444,0.0,332.89908
3445,0.0,349.30432
3446,0.0,346.41956
3447,0.0,355.57678
3448,0.0,358.48648
3449,0.0,365.45422
3450,0.0,373.39935
3451,0.0,377.4339
3452,193.99999999999997,379.64322
3453,250.99999999999997,382.4498
3454,303.0,843.10895
3455,361.0,901.12555
3456,420.0,1096.4144
3457,461.0,1181.1171
3458,515.0,1298.9811
3459,576.0,1526.0079
3460,660.0,1805.6301
3461,746.0,2197.7134
3462,912.0,2755.6785
3463,1291.0,3443.517
3464,1789.0,4078.724
3465,3079.0,4985.1055
3466,5392.0,6040.41
3467,6503.0,7206.6553
3468,8046.0,8453.383
3469,9783.0,10069.202
3470,11750.0,11348.185
3471,12934.0,12058.55
3472,13981.0,12792.639
3473,15008.0,13264.232
3474,15636.0,13900.165
3475,16079.999999999998,14364.37
3476,16096.000000000002,14698.81
3477,16142.0,15064.862
3478,16008.0,15237.235
3479,15772.0,15264.512
3480,15533.0,15155.597
3481,15215.0,14813.221
3482,14786.0,14574.703
3483,14332.0,13906.134
3484,13848.0,13325.641
3485,13247.000000000002,12666.987
3486,12602.0,11781.681
3487,11950.999999999998,10910.091
3488,11183.0,9954.313
3489,10358.0,9020.896
3490,9464.0,7957.599
3491,8484.0,6944.269
3492,7474.0,5922.128
3493,6431.000000000001,4880.888
3494,5324.0,3877.8872
3495,4236.0,2963.478
3496,3146.9999999999995,2194.0188
3497,2074.0,1495.7426
3498,526.0,1007.9566
3499,0.0,644.81744
3500,0.0,432.00366
3501,0.0,365.53552
3502,0.0,342.06042
3503,0.0,366.1183
3504,0.0,367.69162
3505,0.0,374.08408
3506,0.0,383.0051
3507,0.0,389.1389
3508,192.0,392.82407
3509,250.0,393.77682
3510,307.0,881.7392
3511,365.0,863.73596
3512,424.99999999999994,941.39606
3513,470.0,962.59344
3514,525.0,1048.9819
3515,583.0,1202.8204
3516,663.0,1385.1844
3517,742.0000000000001,1691.1068
3518,924.0,2097.201
3519,1293.0,2669.7188
3520,1787.0,3102.268
3521,2873.9999999999995,3829.3076
3522,5276.0,4653.107
3523,6408.0,5695.5615
3524,7988.0,6745.713
3525,9709.0,8351.878
3526,11634.0,9740.196
3527,12832.999999999998,10771.112
3528,13941.000000000002,11493.834
3529,14977.0,12190.951
3530,15681.0,12999.471
3531,16117.999999999998,13646.101
3532,16162.0,14024.87
3533,16108.0,14668.061
3534,15922.0,15006.487
3535,15781.000000000002,15214.633
3536,15411.0,15126.047
3537,15143.0,15326.488
3538,14764.0,14744.144
3539,14233.0,14569.97
3540,13723.0,14201.635
3541,13315.0,13553.86
3542,12595.0,13052.094
3543,11915.999999999998,11968.599
3544,11065.0,11551.449
3545,10285.0,10430.31
3546,9433.0,9529.909
3547,8460.0,8475.449
3548,7418.0,7220.3535
3549,6360.0,5984.8154
3550,5264.0,4536.895
3551,4167.0,3306.0784
3552,3071.0,2174.2217
3553,1964.0,1406.2086
3554,481.0,968.0445
3555,0.0,677.7058
3556,0.0,553.8593
3557,0.0,490.30536
3558,0.0,443.54175
3559,0.0,462.2571
3560,0.0,474.47046
3561,0.0,483.8675
3562,0.0,493.06073
3563,0.0,501.49124
3564,219.0,507.9174
3565,282.0,510.8109
3566,340.0,1021.2386
3567,405.0,1143.5829
3568,467.00000000000006,1148.4221
3569,521.0,1071.6501
3570,583.0,1079.535
3571,644.0,1249.1024
3572,723.0,1512.1787
3573,810.9999999999999,1889.2054
3574,1011.0,2368.391
3575,1379.0,3205.3264
3576,1857.0,3716.2405
3577,2981.0,4307.3867
3578,5153.0,5041.5713
3579,6490.0,5881.909
3580,8038.0,6642.492
3581,9853.0,7883.3066
3582,11718.999999999998,9081.048
3583,12921.0,9841.81
3584,14004.0,10635.782
3585,15031.0,11418.785
3586,15735.999999999998,12183.834
3587,16266.0,12851.6455
3588,16283.0,13444.278
3589,16152.0,14004.73
3590,15996.999999999998,14289.087
3591,15818.0,14621.158
3592,15528.0,14559.414
3593,15239.0,14310.581
3594,14810.000000000002,14011.054
3595,14296.0,13655.485
3596,13763.000000000002,13150.009
3597,13283.0,12540.348
3598,12608.0,11831.711
3599,11875.000000000002,10958.114
3600,11116.999999999998,10113.206
3601,10240.0,9087.217
3602,9318.0,8128.15
3603,8288.0,7149.744
3604,7227.0,6258.794
3605,6118.0,5278.1104
3606,5008.0,4512.5635
3607,3916.0,3515.69
3608,2856.0,2663.0432
3609,1760.0,1854.0168
3610,458.0,1166.2612
3611,0.0,726.63635
3612,0.0,459.20856
3613,0.0,389.39407
3614,0.0,362.19876
3615,0.0,382.58862
3616,0.0,380.99826
3617,0.0,378.92957
3618,0.0,376.44955
3619,0.0,371.99655
3620,225.0,368.17322
3621,296.0,365.68246
3622,360.0,487.10693
3623,425.99999999999994,520.8591
3624,490.0,611.69727
3625,543.0,609.7312
3626,605.0,784.20135
3627,667.0,1090.0681
3628,736.9999999999999,1458.0022
3629,839.0,1984.2062
3630,1049.0,2708.6604
3631,1409.0,3660.4893
3632,1862.0000000000002,4696.0986
3633,2934.0,5779.673
3634,4911.0,7028.828
3635,6441.0,8192.104
3636,8048.000000000001,9241.125
3637,9760.0,10322.85
3638,11628.0,11435.785
3639,12778.999999999998,11951.236
3640,13820.000000000002,12501.282
3641,14885.999999999998,13285.649
3642,15686.0,13793.715
3643,16132.0,14305.4795
3644,16079.999999999998,14563.062
3645,15932.0,14883.252
3646,15779.0,15047.878
3647,15462.0,14929.464
3648,15159.999999999998,14628.499
3649,14859.0,14118.581
3650,14576.0,13644.797
3651,14097.000000000002,12945.715
3652,13484.0,12131.671
3653,12791.0,11423.0
3654,12031.000000000002,10577.926
3655,11361.0,9809.592
3656,10594.0,8981.922
3657,9728.0,7936.4507
3658,8759.0,7146.9517
3659,7850.0,6297.3486
3660,6830.0,5560.747
3661,5652.0,4621.022
3662,4403.0,3818.2717
3663,3173.0,2910.7356
3664,2480.0,2125.6123
3665,1465.0,1460.4467
3666,0.0,990.595
3667,0.0,747.0255
3668,0.0,581.2027
3669,0.0,455.21533
3670,0.0,465.46597
3671,0.0,471.04892
3672,0.0,479.9331
3673,0.0,493.09164
3674,0.0,505.64545
3675,0.0,516.5482
3676,281.0,526.59064
3677,398.0,531.7976
3678,494.0,1171.4723
3679,589.0,1348.9481
3680,667.0,1358.516
3681,729.0,1299.1406
3682,840.0,1347.07
3683,964.9999999999999,1519.5309
3684,1065.0,1755.8245
3685,1198.0,2171.949
3686,1522.0,2766.0286
3687,1923.0,3751.9277
3688,2422.0,4396.58
3689,3503.0,5216.262
3690,5237.0,6182.4087
3691,6634.0,7204.0317
3692,8179.999999999999,8165.1787
3693,9879.0,9403.387
3694,11110.0,10310.893
3695,12313.0,11042.05
3696,13325.0,11472.112
3697,14153.0,12074.537
3698,14982.000000000002,12424.116
3699,15340.0,12945.117
3700,15571.000000000002,13313.743
3701,15635.0,13718.006
3702,15286.999999999998,13901.739
3703,15089.999999999998,14051.102
3704,14894.0,14070.107
3705,14370.0,13714.091
3706,13970.0,13322.452
3707,13524.000000000002,12817.595
3708,12963.0,12186.865
3709,12140.0,11642.857
3710,11298.0,10827.875
3711,10756.0,10108.549
3712,10007.0,9285.415
3713,8951.0,8572.643
3714,7929.999999999999,7911.8745
3715,7088.0,6925.584
3716,6168.0,6170.6445
3717,5197.0,5171.6826
3718,4202.0,4120.176
3719,3208.9999999999995,3110.6877
3720,2161.0,2149.7393
3721,1109.0,1368.226
3722,0.0,887.28467
3723,0.0,603.1793
3724,0.0,489.91632
3725,0.0,413.41736
3726,0.0,440.6902
3727,0.0,455.36078
3728,0.0,470.329
3729,0.0,489.01147
3730,0.0,507.91888
3731,0.0,524.3446
3732,384.0,537.4015
3733,522.0,541.1549
3734,657.0,1225.8367
3735,801.0,1330.4198
3736,962.9999999999999,1318.7249
3737,1132.0,1259.2888
3738,1326.0,1366.099
3739,1547.9999999999998,1494.8345
3740,1779.9999999999998,1648.1187
3741,2136.0,1964.4612
3742,2582.0,2536.32
3743,2856.0,3376.264
3744,3573.0,3901.6714
3745,4563.0,4676.2197
3746,5657.0,5419.634
3747,6855.0,6273.327
3748,8206.0,7178.206
3749,9509.0,8173.9736
3750,10569.0,8993.913
3751,11523.0,9695.142
3752,12414.0,10606.501
3753,13291.0,11195.188
3754,13937.0,11730.59
3755,14354.0,12211.519
3756,14398.0,12571.596
3757,14187.0,12940.052
3758,14067.0,12948.584
3759,13709.0,13259.794
3760,13696.000000000002,12860.746
3761,12962.0,12627.004
3762,11717.0,11721.354
3763,10691.0,10845.193
3764,10571.0,10295.047
3765,11020.0,9623.572
3766,10354.0,9239.353
3767,10069.0,8523.045
3768,9360.0,8214.545
3769,8684.0,7658.075
3770,7657.999999999999,6963.4663
3771,6252.0,6278.4697
3772,4482.0,5186.3276
3773,3234.0,4334.8945
3774,2134.0,3359.829
3775,1629.9999999999998,2363.421
3776,1152.0,1560.9537
3777,1181.0,995.93726
3778,0.0,673.57556
3779,0.0,547.87195
3780,0.0,511.98154
3781,0.0,443.02545
3782,0.0,458.8101
3783,0.0,473.40762
3784,0.0,487.29962
3785,0.0,502.79837
3786,0.0,516.7651
3787,0.0,528.15955
3788,279.0,538.6007
3789,403.0,543.9577
3790,539.0,1155.291
3791,652.0,1357.2301
3792,748.0,1384.4954
3793,894.0000000000001,1422.48
3794,1062.0,1595.3081
3795,1173.0,1837.4015
3796,1465.0,2143.876
3797,1496.0,2602.8625
3798,1689.0,2979.047
3799,2063.0,3844.9924
3800,2518.0,4447.226
3801,3289.0,4982.803
3802,4958.0,5927.653
3803,6257.0,7118.944
3804,7639.000000000001,8345.834
3805,9389.0,9743.612
3806,10654.0,10998.267
3807,11842.999999999998,11632.119
3808,12895.0,12148.749
3809,13951.0,12359.907
3810,14502.0,12508.107
3811,14994.0,12419.685
3812,14990.999999999998,12545.19
3813,14919.0,12332.544
3814,14698.0,12167.607
3815,14452.0,12125.554
3816,14048.999999999998,11767.2705
3817,13464.0,11488.392
3818,13382.0,11189.947
3819,12961.0,10705.464
3820,11761.0,9573.568
3821,10256.0,9055.228
3822,9890.0,8237.786
3823,9616.0,7616.183
3824,8234.0,7018.7114
3825,7812.0,6138.051
3826,6756.999999999999,5239.0376
3827,6866.0,4922.405
3828,4914.0,4564.1772
3829,2368.0,3159.8142
3830,1312.0,2032.524
3831,838.0,1397.6227
3832,0.0,588.6917
3833,0.0,240.494
3834,0.0,261.07806
3835,0.0,252.7186
3836,0.0,299.5761
3837,0.0,319.0573
3838,0.0,336.41287
3839,0.0,351.97803
3840,0.0,362.9823
3841,0.0,370.36816
3842,0.0,372.74042
3843,0.0,370.72003
3844,0.0,365.67105
3845,0.0,360.05325
3846,621.0,617.336
3847,0.0,632.2631
3848,0.0,809.0571
3849,0.0,662.02295
3850,781.0000000000001,692.12036
3851,0.0,719.63464
3852,0.0,925.7602
3853,0.0,580.969
3854,675.0,696.42395
3855,1380.0,1015.25195
3856,2830.9999999999995,1774.132
3857,3721.0,2496.8438
3858,5893.000000000001,3955.8381
3859,5946.0,5511.7866
3860,9558.0,6239.28
3861,9278.0,8762.368
3862,9668.0,10859.428
3863,4258.0,7909.2783
3864,4599.0,6486.5854
3865,14015.0,10698.743
3866,14413.0,12200.139
3867,14601.0,12344.015
3868,11756.0,12731.371
3869,13838.0,14284.126
3870,13953.0,13192.886
3871,9088.0,11518.893
3872,11435.0,11781.154
3873,13957.000000000002,12825.488
3874,14056.0,12486.132
3875,12504.0,11989.645
3876,12413.000000000002,11730.544
3877,12277.0,11540.513
3878,11353.000000000002,10438.85
3879,9318.0,9171.111
3880,7957.0,7720.6274
3881,4795.0,5174.3765
3882,7141.0,3784.1663
3883,3964.9999999999995,4503.1206
3884,1645.0,3171.6887
3885,1793.0,1952.1635
3886,1183.0,1507.052
3887,930.0000000000001,731.0919
3888,624.0,331.26886
3889,0.0,298.52963
3890,0.0,235.06873
3891,0.0,332.55548
3892,0.0,336.72308
3893,0.0,346.1634
3894,0.0,346.77835
3895,0.0,350.9347
3896,0.0,354.19745
3897,0.0,356.53418
3898,0.0,359.1198
3899,0.0,363.12723
3900,0.0,369.8659
3901,1018.0,377.69586
3902,0.0,650.6166
3903,0.0,912.47986
3904,0.0,605.0336
3905,1311.0,630.7905
3906,0.0,842.0108
3907,2331.0,1429.2847
3908,3107.9999999999995,1068.6123
3909,3605.0,2163.2341
3910,2396.0,3035.4958
3911,2274.0,3775.7424
3912,3785.9999999999995,4505.2344
3913,5913.0,4913.2266
3914,5963.000000000001,5640.945
3915,5992.999999999999,6490.626
3916,9087.0,7587.0215
3917,8379.0,9191.423
3918,8836.0,9819.693
3919,13357.999999999998,10701.619
3920,5833.999999999999,10638.509
3921,4508.0,8447.532
3922,3006.0,9369.771
3923,3643.0,8677.997
3924,4494.0,7904.3896
3925,15100.0,8168.8594
3926,8422.0,7677.2407
3927,4634.0,6095.767
3928,1463.0,6270.8203
3929,2444.0,6860.225
3930,3773.9999999999995,5360.0845
3931,5533.0,3722.3904
3932,7049.0,2936.0454
3933,5376.0,2578.4277
3934,2863.0000000000005,2343.2068
3935,2286.0,2598.3918
3936,1079.0,2338.9448
3937,1855.0,1750.5524
3938,2320.0,1390.6843
3939,1375.0,1126.6819
3940,1707.0,955.79926
3941,1572.0,975.08813
3942,1442.0,916.98145
3943,1124.0,757.14874
3944,990.0,602.55115
3945,806.0,456.32364
3946,0.0,404.83002
3947,0.0,306.6992
3948,0.0,287.08575
3949,0.0,272.41452
3950,0.0,272.81644
3951,0.0,273.9125
3952,0.0,276.80704
3953,0.0,278.51062
3954,0.0,282.42285
3955,0.0,289.32117
3956,282.0,300.52988
3957,505.0,321.71387
3958,661.0,550.1421
3959,759.0,886.6161
3960,811.9999999999999,1408.4498
3961,943.0,2014.6714
3962,1263.0,2827.296
3963,2036.0,3817.4355
3964,2329.0,4707.6606
3965,1970.9999999999998,5666.328
3966,1986.0,7036.055
3967,2253.0,8232.4
3968,2352.0,9155.009
3969,3021.9999999999995,9665.923
3970,4619.0,10327.879
3971,6187.0,11091.394
3972,7914.0,11703.192
3973,9753.0,12430.51
3974,11841.0,13157.855
3975,12822.0,13447.1045
3976,15256.0,13669.631
3977,10252.0,13432.61
3978,4722.0,12421.491
3979,17873.0,13671.913
3980,17163.0,16988.338
3981,17503.0,16891.385
3982,17364.0,14684.86
3983,8591.0,13757.03
3984,5656.0,5897.263
3985,3867.9999999999995,2448.1062
3986,14213.0,4862.598
3987,2527.0,12098.685
3988,11735.000000000002,8330.975
3989,12052.0,2373.7854
3990,12777.0,9031.981
3991,11428.0,9775.011
3992,8888.0,9093.321
3993,7628.0,10380.935
3994,7382.0,9078.058
3995,7300.000000000001,7247.3994
3996,4456.0,4867.3193
3997,5028.0,3349.8987
3998,3805.0,2598.9888
3999,2538.0,1840.865
4000,1707.0,1146.0177
4001,0.0,580.5102
4002,0.0,164.0914
4003,0.0,233.0417
4004,0.0,286.39972
4005,0.0,317.48993
4006,0.0,339.47232
4007,0.0,357.58444
4008,0.0,372.79663
4009,0.0,386.11728
4010,0.0,398.12274
4011,0.0,406.9091
4012,271.0,409.92856
4013,333.0,407.1864
4014,402.0,898.67053
4015,513.0,1042.2979
4016,621.0,1076.3071
4017,670.0,1116.7498
4018,693.0,1139.4752
4019,735.9999999999999,1205.3501
4020,797.0,1310.6393
4021,886.0,1438.8088
4022,1031.0,1660.6512
4023,1300.0,2003.3859
4024,1718.0,2396.0122
4025,2349.0,3110.6313
4026,3698.0,4133.943
4027,5996.0,5612.7485
4028,7622.0,7471.294
4029,9487.0,9233.925
4030,11342.0,11127.245
4031,12593.999999999998,12179.849
4032,13801.000000000002,12818.363
4033,14419.0,13347.087
4034,15509.999999999998,13545.263
4035,15852.0,14103.793
4036,15868.0,14367.833
4037,15827.0,14256.867
4038,15610.0,14483.943
4039,15479.0,14071.043
4040,15248.999999999998,13832.517
4041,14758.0,13351.487
4042,14302.0,12891.859
4043,13749.0,12443.43
4044,13195.999999999998,11691.827
4045,12578.0,11250.712
4046,11562.0,10371.637
4047,11041.0,9468.088
4048,9930.0,8889.643
4049,9166.0,8507.286
4050,6659.0,7243.0786
4051,6820.0,5370.202
4052,5380.0,4873.8154
4053,3755.0000000000005,4257.754
4054,3740.0,2944.7812
4055,2570.0,2160.8513
4056,1078.0,1164.227
4057,0.0,661.7552
4058,0.0,439.57364
4059,0.0,352.92453
4060,0.0,335.52985
4061,0.0,365.12964
4062,0.0,377.42892
4063,0.0,384.25998
4064,0.0,386.66217
4065,0.0,385.17508
4066,0.0,382.61905
4067,0.0,378.89288
4068,418.0,377.8778
4069,748.0,376.78323
4070,887.9999999999999,734.49054
4071,1430.0,791.5468
4072,1764.0,1020.7974
4073,1723.0,1272.0039
4074,1863.0,1424.5593
4075,1469.9999999999998,1520.7944
4076,1461.0,1584.2228
4077,2433.0,2017.4469
4078,2464.0,2553.0776
4079,3699.0,3293.697
4080,4374.0,3899.9802
4081,4863.0,4730.8774
4082,6078.999999999999,5650.554
4083,6502.0,7123.5444
4084,8212.0,8397.624
4085,8976.0,9501.703
4086,9116.0,10281.436
4087,12161.0,11458.901
4088,12934.0,13043.422
4089,13863.0,14070.617
4090,14880.000000000002,14286.938
4091,13525.0,14770.996
4092,14341.0,13820.38
4093,13500.0,14132.833
4094,13124.0,13700.231
4095,14274.999999999998,13773.542
4096,11685.0,12862.566
4097,12230.0,11423.936
4098,12096.0,10892.338
4099,12103.999999999998,11933.155
4100,10335.0,11227.282
4101,8620.0,8874.359
4102,8337.0,8143.516
4103,8160.0,7010.8623
4104,5948.0,5895.1953
4105,6304.999999999999,5378.5513
4106,6955.0,4960.429
4107,5649.0,4145.0327
4108,3962.0000000000005,3101.7915
4109,2313.0,2330.177
4110,1569.0,1665.9816
4111,913.0,943.9076
4112,0.0,469.2668
4113,0.0,272.3555
4114,0.0,296.3203
4115,0.0,313.67435
4116,0.0,342.45526
4117,0.0,359.7564
4118,0.0,374.0026
4119,0.0,380.7768
4120,0.0,379.6786
4121,0.0,373.04965
4122,0.0,364.28214
4123,0.0,356.6092
4124,0.0,348.22034
4125,0.0,343.42886
4126,0.0,510.15366
4127,0.0,530.5404
4128,0.0,556.3284
4129,1504.0,622.5575
4130,1656.0,758.00806
4131,2388.0,1564.0217
4132,2670.0,2067.2456
4133,1336.0,2180.4702
4134,3854.0,2602.6584
4135,4707.0,3368.2742
4136,4759.0,3658.4048
4137,3910.0,4105.045
4138,3865.0,5072.3857
4139,3668.9999999999995,5901.8525
4140,4389.0,6462.415
4141,4963.0,7083.2993
4142,7008.0,7536.229
4143,9791.0,7887.508
4144,6899.000000000001,7527.008
4145,3121.0,5708.0205
4146,6323.0,4018.1494
4147,2608.0,4042.072
4148,10330.0,4766.028
4149,5441.0,9073.919
4150,4425.0,7566.765
4151,10929.0,5753.424
4152,10892.0,11823.597
4153,10973.0,13664.534
4154,9915.0,11745.772
4155,6704.0,8282.509
4156,8348.0,7212.263
4157,5890.0,7448.5625
4158,10236.0,7334.572
4159,9298.0,7630.3647
4160,5457.0,5961.5303
4161,3216.9999999999995,3362.0918
4162,3721.0,3383.9153
4163,2418.0,2665.7874
4164,1968.9999999999998,1980.7349
4165,1419.0,1593.4858
4166,872.0,784.8833
4167,0.0,428.2423
4168,0.0,253.15343
4169,0.0,233.31705
4170,0.0,261.38135
4171,0.0,290.93222
4172,0.0,307.81146
4173,0.0,326.94394
4174,0.0,343.42157
4175,0.0,354.7448
4176,0.0,362.2353
4177,0.0,365.7831
4178,0.0,365.9459
4179,0.0,361.63287
4180,0.0,355.36273
4181,0.0,348.29785
4182,0.0,524.08417
4183,0.0,532.3436
4184,0.0,526.3011
4185,806.0,544.14813
4186,1118.0,607.26605
4187,1516.9999999999998,1116.5491
4188,2695.0,1684.9346
4189,1208.0,2069.6455
4190,1108.0,1876.8967
4191,2439.0,2244.2534
4192,4567.0,3237.6504
4193,4119.0,4488.657
4194,4605.0,4847.479
4195,4485.0,4429.613
4196,5855.0,4599.3413
4197,6195.0,6312.2915
4198,5692.0,6531.2734
4199,7094.0,5911.537
4200,7698.000000000001,7166.579
4201,9963.0,9081.625
4202,9257.0,9703.993
4203,4537.0,7331.369
4204,6917.0,5995.5684
4205,2751.0,5647.6646
4206,2278.0,5021.7407
4207,9144.0,6112.257
4208,11081.0,8704.556
4209,10479.0,9976.528
4210,12515.000000000002,9647.958
4211,9885.0,10060.351
4212,10903.0,7857.7896
4213,8209.0,8443.622
4214,11122.0,9105.307
4215,4085.9999999999995,8630.135
4216,9844.0,5677.938
4217,8442.0,5827.7817
4218,7224.999999999999,5796.611
4219,4958.0,4174.7817
4220,3640.0,4476.8267
4221,2345.0,4019.2441
4222,0.0,3218.8547
4223,0.0,2557.065
4224,0.0,1305.985
4225,0.0,722.41486
4226,0.0,483.7708
4227,0.0,392.32758
4228,0.0,370.4019
4229,0.0,362.57492
4230,0.0,357.07162
4231,0.0,352.59134
4232,0.0,346.57144
4233,0.0,344.1205
4234,0.0,344.74686
4235,0.0,350.04044
4236,617.0,356.38162
4237,769.0,360.8343
4238,613.0,699.27466
4239,545.0,825.08435
4240,924.9999999999999,940.2333
4241,1521.0000000000002,1006.55865
4242,1831.0,1078.3812
4243,2210.0,1310.5647
4244,2639.0,1703.8835
4245,2871.0,2154.3381
4246,3058.0,2804.124
4247,2863.0000000000005,3583.9841
4248,3280.0000000000005,4179.782
4249,5045.0,5036.7153
4250,4642.0,5530.4785
4251,5800.0,5926.7065
4252,6887.0,6831.6855
4253,8504.0,8524.627
4254,8551.0,9312.676
4255,10911.0,10708.063
4256,6371.0,10870.802
4257,10408.0,7148.8413
4258,6943.0,8998.755
4259,6214.0,9178.954
4260,4845.0,3614.3733
4261,6245.0,4174.2896
4262,4374.0,6400.1274
4263,8229.0,5329.394
4264,11313.0,7022.6665
4265,7813.0,8219.546
4266,2880.0,5892.8857
4267,2089.0,4238.66
4268,1434.0,3981.132
4269,1933.0,2377.186
4270,1682.0,1166.2499
4271,0.0,967.4669
4272,2153.0,1080.4563
4273,2947.0,896.769
4274,1745.0000000000002,947.1096
4275,1061.0,904.59125
4276,0.0,718.5103
4277,0.0,435.23038
4278,0.0,220.43517
4279,0.0,204.2256
4280,0.0,211.8445
4281,0.0,219.24474
4282,0.0,231.28506
4283,0.0,227.79855
4284,0.0,228.55911
4285,0.0,229.59949
4286,0.0,233.08748
4287,0.0,239.64568
4288,0.0,241.23259
4289,0.0,244.43748
4290,0.0,249.0746
4291,0.0,255.22574
4292,101.0,263.19928
4293,0.0,273.21738
4294,244.0,411.61893
4295,394.0,470.79654
4296,443.0,590.5111
4297,583.0,794.8706
4298,748.0,1097.931
4299,879.0,1368.3066
4300,1547.9999999999998,1694.3125
4301,3013.0,2051.9724
4302,2925.0000000000005,2462.9277
4303,3089.0000000000005,2782.3499
4304,3625.0,3222.1086
4305,3229.0000000000005,3760.4065
4306,3237.0000000000005,4007.3425
4307,3615.0000000000005,3570.6504
4308,3917.0,3338.4485
4309,2384.0,3762.893
4310,7858.0,5009.7056
4311,8737.0,7075.3257
4312,8754.0,7647.959
4313,6708.000000000001,7198.738
4314,6536.000000000001,8023.088
4315,6091.0,8173.0146
4316,6979.0,8094.0483
4317,7259.999999999999,7730.136
4318,10255.0,7346.294
4319,5062.0,7121.6445
4320,9473.0,6637.516
4321,9666.0,7392.179
4322,7830.000000000001,6719.896
4323,6016.999999999999,6105.769
4324,4601.0,6251.1753
4325,6331.999999999999,6517.8384
4326,8839.0,7130.735
4327,6487.0,7360.4136
4328,6425.999999999999,5843.333
4329,5230.0,4618.249
4330,5752.0,4109.813
4331,4245.0,4676.6978
4332,4452.0,3242.499
4333,3714.0,2305.752
4334,1293.0,1794.8438
4335,1255.0,816.4722
4336,0.0,364.09622
4337,0.0,244.34444
4338,0.0,192.80156
4339,0.0,205.14748
4340,0.0,249.58147
4341,0.0,273.16647
4342,0.0,288.62027
4343,0.0,297.242
4344,0.0,302.99866
4345,0.0,307.57346
4346,0.0,311.56403
4347,0.0,317.45834
4348,0.0,322.23645
4349,431.0,328.7677
4350,1061.0,557.22217
4351,1409.0,754.17896
4352,1084.0,888.83435
4353,1447.0000000000002,1246.4089
4354,1938.0000000000002,1670.6527
4355,2643.0,2015.5704
4356,3114.0,2364.1274
4357,3130.0,2742.3247
4358,2741.0,2901.4204
4359,2485.0,3029.1426
4360,3082.0,2907.7993
4361,2005.0,2748.745
4362,3192.0,2667.017
4363,3163.0000000000005,2689.5586
4364,2455.0,2734.8247
4365,1555.0,3018.9292
4366,4484.0,3336.0256
4367,5119.0,3446.205
4368,5625.0,3357.5234
4369,3641.0,3505.7256
4370,1618.0,3614.3748
4371,2438.0,3467.562
4372,5009.0,3438.544
4373,3994.0,3310.914
4374,2896.0,3057.0698
4375,4027.0,3167.1152
4376,2939.0,3131.4573
4377,2470.0,2388.451
4378,1695.0,1852.9609
4379,1141.0,1422.6925
4380,0.0,1005.246
4381,963.9999999999999,480.75333
4382,820.0000000000001,416.1514
4383,0.0,687.6953
4384,1424.0,494.63986
4385,1038.0,378.63043
4386,0.0,422.07993
4387,0.0,351.58734
4388,0.0,300.34393
4389,0.0,286.69308
4390,0.0,276.3175
4391,0.0,278.07513
4392,0.0,284.5026
4393,0.0,292.7966
4394,0.0,297.72955
4395,0.0,296.63333
4396,0.0,300.76373
4397,0.0,305.6484
4398,0.0,306.60663
4399,0.0,307.79507
4400,0.0,309.1597
4401,0.0,310.6805
4402,0.0,312.3524
4403,0.0,314.20172
4404,0.0,316.51053
4405,0.0,319.69196
4406,291.0,494.1872
4407,367.99999999999994,523.09125
4408,539.0,703.9667
4409,1344.0,923.39777
4410,1634.0000000000002,1235.1544
4411,1326.0,1435.8019
4412,2314.0,1749.437
4413,2274.0,2239.3674
4414,1913.0,2262.7852
4415,2912.0,2381.0566
4416,2896.0,2853.1426
4417,3312.0,3692.4668
4418,5074.0,4343.68
4419,2919.0,4658.0557
4420,3610.0,4668.965
4421,5065.0,5378.114
4422,6772.0,6504.4653
4423,2579.0,6319.463
4424,10403.0,6917.629
4425,7380.999999999999,8173.073
4426,15619.0,11099.48
4427,4360.0,13111.547
4428,6381.0,5840.0996
4429,3372.9999999999995,1100.9755
4430,3088.0,6482.3213
4431,7616.0,8174.248
4432,10974.0,9572.525
4433,8239.0,9174.627
4434,10711.0,9336.602
4435,14147.0,10689.996
4436,7953.0,11199.303
4437,8525.0,7639.036
4438,4619.0,5018.159
4439,2961.0,4603.667
4440,6651.0,5366.306
4441,6650.0,4177.4316
4442,2842.9999999999995,3828.663
4443,3765.0,2429.3835
4444,2904.9999999999995,1780.9711
4445,1281.0,1007.2421
4446,0.0,639.68
4447,0.0,449.78064
4448,0.0,318.53506
4449,0.0,265.443
4450,0.0,289.85168
4451,0.0,307.68732
4452,0.0,322.3751
4453,0.0,332.93677
4454,0.0,336.65036
4455,0.0,336.09985
4456,0.0,334.1239
4457,0.0,333.10516
4458,0.0,330.72498
4459,0.0,329.6742
4460,0.0,330.1915
4461,0.0,333.01428
4462,604.0,515.8384
4463,745.0,562.2442
4464,968.0000000000001,853.3498
4465,1099.0,1066.1515
4466,1427.0,1242.0004
4467,1988.0,1526.6753
4468,1573.0,1831.3903
4469,2293.0,2039.3916
4470,2803.0,2300.195
4471,2996.0,2669.4705
4472,2589.0,2904.4248
4473,4498.0,3496.2095
4474,3189.0,3822.702
4475,2718.0,3719.746
4476,4746.0,3773.4902
4477,4848.0,4010.074
4478,4350.0,3306.3516
4479,3695.0,3038.4072
4480,1722.0,3210.6958
4481,3953.0,3192.2432
4482,3544.0,3579.6343
4483,3707.9999999999995,3788.3352
4484,4271.0,3953.2847
4485,4750.0,4231.662
4486,3820.0,4008.5327
4487,4649.0,3944.046
4488,2921.0000000000005,3932.3435
4489,5314.0,3248.1006
4490,3762.0,3847.9966
4491,4230.0,4742.9785
4492,5479.0,3913.8298
4493,5225.0,3457.374
4494,4306.0,4013.5674
4495,7956.0,4843.5117
4496,5572.0,6011.8184
4497,6510.0,5687.238
4498,3329.9999999999995,3556.5725
4499,4455.0,3054.4155
4500,3699.9999999999995,2991.453
4501,3247.0,2014.5156
4502,2386.0,1452.8417
4503,975.0,1348.1884
4504,0.0,955.12854
4505,0.0,671.2433
4506,0.0,377.05228
4507,0.0,287.19153
4508,0.0,304.17966
4509,0.0,312.217
4510,0.0,316.77448
4511,0.0,317.46133
4512,0.0,315.18045
4513,0.0,310.705
4514,0.0,305.1083
4515,0.0,303.312
4516,167.0,300.4935
4517,272.0,299.71112
4518,357.0,466.95883
4519,452.0,505.5486
4520,590.0,575.11005
4521,843.0,668.8563
4522,984.0,779.9366
4523,1142.0,951.7894
4524,1228.0,1158.0042
4525,1124.0,1383.0726
4526,1290.0,1712.3025
4527,1532.0,2099.113
4528,1610.0,2529.5295
4529,2054.0,3060.9219
4530,3208.9999999999995,4017.0283
4531,5190.0,5136.595
4532,6775.0,6494.328
4533,8069.0,8073.602
4534,9794.0,9820.598
4535,11828.0,11400.502
4536,12985.0,12327.646
4537,13899.0,12950.325
4538,15292.0,13552.28
4539,15861.0,13986.776
4540,15240.000000000002,14094.471
4541,15673.0,14188.595
4542,15362.0,13753.92
4543,14304.000000000002,13785.378
4544,15474.999999999998,13623.146
4545,13837.0,13181.325
4546,11729.0,12229.152
4547,11684.000000000002,11857.577
4548,12548.0,10975.475
4549,11950.999999999998,10147.463
4550,11173.0,8925.156
4551,10339.0,7868.929
4552,8624.0,7056.3066
4553,5361.0,6100.051
4554,3573.0,5036.847
4555,3425.0,4199.865
4556,3471.0000000000005,2995.308
4557,3180.0,1800.0786
4558,2686.0,1210.5334
4559,1405.0,793.0438
4560,0.0,516.6193
4561,0.0,402.31644
4562,0.0,369.48016
4563,0.0,347.53082
4564,0.0,351.69693
4565,0.0,357.19705
4566,0.0,360.05588
4567,0.0,360.0891
4568,0.0,358.6463
4569,0.0,356.91742
4570,0.0,354.39908
4571,0.0,355.02097
4572,0.0,355.74667
4573,564.0,358.0981
4574,804.0,554.1573
4575,1083.0,715.7594
4576,1244.0,836.787
4577,1362.0,1049.6138
4578,1627.0,1206.358
4579,1882.0,1450.7499
4580,2322.0,1794.1685
4581,2587.0,2132.675
4582,2342.0,2575.4038
4583,2667.0,3161.3357
4584,3072.0,3655.947
4585,3772.0,4292.2275
4586,4765.0,4986.7427
4587,5594.0,5735.7314
4588,6796.0,6540.8623
4589,7937.999999999999,7500.557
4590,8035.0,8201.551
4591,7546.0,8579.44
4592,8504.0,8804.928
4593,9321.0,9595.587
4594,9848.0,10004.883
4595,11167.999999999998,10952.054
4596,10354.0,11516.164
4597,10323.0,11083.872
4598,10793.0,10130.853
4599,10608.0,10459.137
4600,12634.0,10898.91
4601,8060.0,11771.719
4602,8899.0,8085.5835
4603,7046.0,5719.5903
4604,11377.0,7964.922
4605,10088.0,10056.403
4606,11688.0,9798.316
4607,10158.0,8274.537
4608,7735.999999999999,6294.5786
4609,2311.0,4603.915
4610,2173.0,3117.2026
4611,3077.0000000000005,2246.7659
4612,2977.0,1523.9557
4613,2402.0,807.8328
4614,0.0,671.839
4615,1163.0,540.0711
4616,0.0,404.62756
4617,0.0,240.39948
4618,0.0,310.1211
4619,0.0,343.81293
4620,0.0,344.07043
4621,0.0,343.1836
4622,0.0,344.47534
4623,0.0,343.5895
4624,0.0,341.33524
4625,0.0,342.45245
4626,0.0,341.56992
4627,0.0,346.68927
4628,472.0,352.74802
4629,708.0,362.1829
4630,974.0,688.82465
4631,1244.0,889.1093
4632,1575.0,1109.7545
4633,1584.9999999999998,1253.0015
4634,1570.0,1403.3064
4635,1675.0000000000002,1534.8967
4636,2068.0,1648.1422
4637,2122.0,1891.3121
4638,2755.0,2438.8936
4639,4346.0,3431.3406
4640,4165.0,4005.5935
4641,4461.0,4441.31
4642,6604.0,5251.156
4643,7145.0,6969.7124
4644,9323.0,8830.472
4645,8204.0,9726.992
4646,8355.0,10111.614
4647,11355.999999999998,10813.961
4648,11382.0,11212.797
4649,10736.0,10749.985
4650,9464.0,10871.305
4651,8252.0,11211.665
4652,10008.0,11297.1455
4653,13274.0,11360.722
4654,8476.0,10519.384
4655,8205.0,8714.287
4656,8740.0,7834.068
4657,5856.0,6160.2935
4658,4290.0,4276.3325
4659,5626.0,4014.6453
4660,5074.0,3964.8394
4661,5165.0,4373.493
4662,3719.0,3808.6262
4663,3145.0,2533.117
4664,3504.0,2295.2134
4665,3054.0,2177.1028
4666,3095.9999999999995,1811.526
4667,2000.0,1501.1323
4668,1339.0,959.79846
4669,1216.0,598.9704
4670,916.0,459.43845
4671,0.0,286.70697
4672,0.0,222.92857
4673,0.0,281.6985
4674,0.0,287.94168
4675,0.0,295.31433
4676,0.0,299.7921
4677,0.0,304.12216
4678,0.0,305.70575
4679,0.0,304.6758
4680,0.0,303.79028
4681,0.0,303.73492
4682,0.0,307.059
4683,0.0,307.9759
4684,180.0,310.31247
4685,399.0,313.9963
4686,668.0,484.10745
4687,785.0,568.87134
4688,1028.0,756.8297
4689,1249.0,963.21765
4690,1409.0,1232.5579
4691,2578.0,1561.2914
4692,2530.0,1946.3483
4693,2453.0,2350.9133
4694,2188.0,2604.8845
4695,3227.0,3133.113
4696,3485.9999999999995,3128.2966
4697,3621.0,3762.657
4698,4429.0,5021.402
4699,6562.0,6514.3223
4700,9205.0,7882.7305
4701,6318.000000000001,8368.438
4702,8158.0,7651.7085
4703,7296.0,7101.613
4704,7039.000000000001,7701.8145
4705,7948.0,7877.704
4706,5889.0,7319.026
4707,5878.0,5739.286
4708,5017.0,5529.889
4709,5192.0,6724.8022
4710,4049.0,5570.3755
4711,6772.999999999999,5308.568
4712,14196.0,9241.739
4713,13172.0,11698.234
4714,10828.0,10715.745
4715,11336.0,10287.601
4716,11572.0,11853.96
4717,10947.0,10629.087
4718,10338.0,9161.114
4719,8423.0,8271.886
4720,5264.0,7275.0205
4721,3610.0,5606.66
4722,1627.9999999999998,4564.438
4723,1715.0,2892.451
4724,1635.0,1956.6721
4725,882.0,1207.23
4726,0.0,743.1707
4727,0.0,721.4678
4728,0.0,505.15527
4729,0.0,380.13406
4730,0.0,414.4708
4731,0.0,427.83707
4732,0.0,432.3666
4733,0.0,439.353
4734,0.0,444.6368
4735,0.0,449.17444
4736,0.0,450.3824
4737,0.0,453.71255
4738,0.0,457.05347
4739,0.0,461.6289
4740,0.0,467.1712
4741,0.0,473.39984
4742,404.0,722.19464
4743,580.0,751.9931
4744,738.9999999999999,998.29944
4745,982.0,1285.5488
4746,1232.0,1471.9277
4747,1355.0,1575.1035
4748,1489.0,1896.4806
4749,1520.0,2174.4614
4750,1719.0,2526.0647
4751,1860.0000000000002,3039.3154
4752,2361.0,3417.7964
4753,2959.0,3860.4219
4754,4434.0,4525.6
4755,5899.0,5779.406
4756,7649.0,7582.636
4757,8220.0,8894.634
4758,9251.0,10105.234
4759,11699.0,11160.47
4760,10391.0,11137.656
4761,9687.0,10577.978
4762,9722.0,11122.218
4763,13615.999999999998,11722.785
4764,9920.0,11445.077
4765,10412.0,10189.107
4766,8666.0,8110.9624
4767,9215.0,8593.041
4768,6865.0,9239.419
4769,8123.0,6975.2905
4770,6371.0,6442.008
4771,4945.0,6783.261
4772,6481.0,5290.7524
4773,4595.0,5105.705
4774,6226.0,4306.5376
4775,4015.0,4290.2114
4776,2327.0,3181.4019
4777,1818.0,2164.0671
4778,2076.0,1804.7397
4779,2172.0,1025.8376
4780,1619.0,628.866
4781,0.0,516.51337
4782,0.0,457.60016
4783,0.0,400.0924
4784,0.0,369.8469
4785,0.0,360.45023
4786,0.0,361.19458
4787,0.0,364.6421
4788,0.0,365.0736
4789,0.0,362.7197
4790,0.0,359.75427
4791,0.0,356.8338
4792,0.0,355.59827
4793,0.0,352.79465
4794,0.0,351.175
4795,0.0,350.83554
4796,0.0,352.05984
4797,0.0,355.33746
4798,732.0,537.3536
4799,1100.0,597.99023
4800,1086.0,856.3917
4801,1457.0,1114.5402
4802,1618.0,1315.0533
4803,473.0,1221.7607
4804,738.9999999999999,1226.7186
4805,2154.0,1465.7439
4806,2237.0,1628.676
4807,1377.0,1780.4323
4808,3062.0,2270.8984
4809,4306.0,2895.515
4810,2598.0,3189.2083
4811,2390.0,3477.629
4812,3128.0000000000005,3960.5208
4813,4971.0,3666.9844
4814,6327.0,3165.682
4815,3282.0,3988.062
4816,9853.0,5840.202
4817,5092.0,8604.721
4818,7423.999999999999,7400.265
4819,6328.0,3954.114
4820,4064.0,4707.8154
4821,3350.0000000000005,4653.608
4822,4879.0,4384.154
4823,5865.0,3950.4377
4824,5957.999999999999,3344.6943
4825,2761.0,3390.5015
4826,1566.0,3122.4924
4827,1724.0,3125.315
4828,2097.0,2557.429
4829,4664.0,1942.9447
4830,726.0,1863.2688
4831,0.0,1364.71
4832,0.0,1330.0588
4833,699.9999999999999,661.1821
4834,1818.0,470.0819
4835,1334.0,461.19162
4836,1074.0,494.45294
4837,1908.0,662.9098
4838,1467.0,637.1002
4839,0.0,377.15576
4840,0.0,300.70026
4841,0.0,318.98212
4842,0.0,305.67255
4843,0.0,311.44852
4844,0.0,315.2431
4845,0.0,321.8406
4846,0.0,324.07867
4847,0.0,322.77686
4848,0.0,319.99838
4849,0.0,318.03183
4850,0.0,318.96198
4851,0.0,316.33502
4852,0.0,314.4749
4853,0.0,313.33176
4854,310.0,448.3355
4855,436.0,463.06708
4856,606.0,393.10336
4857,729.0,332.66687
4858,859.0,409.9948
4859,1000.0,421.30978
4860,1143.0,506.10803
4861,1292.0,698.4727
4862,1588.0,994.1971
4863,1842.0,1462.7275
4864,2190.0,1980.5632
4865,2751.0,2691.5564
4866,3905.0,3594.7004
4867,5403.0,4770.37
4868,7509.0,5966.4937
4869,8798.0,7220.574
4870,8345.0,8131.365
4871,6224.000000000001,8653.833
4872,7520.0,9124.822
4873,6613.0,9001.915
4874,5927.0,7962.105
4875,13236.999999999998,9581.668
4876,12067.0,12540.621
4877,13452.0,13565.871
4878,12983.000000000002,11925.623
4879,8744.0,10192.122
4880,4577.0,8497.625
4881,8106.0,6664.9995
4882,3898.9999999999995,5452.0054
4883,10566.0,6038.9307
4884,10773.0,7077.6025
4885,5074.0,5754.2964
4886,2519.0,4549.916
4887,3485.0,4314.024
4888,3719.0,2972.9995
4889,3711.0,1817.4531
4890,2476.0,1367.0146
4891,1618.0,1429.215
4892,1859.0,1206.5814
4893,0.0,738.7195
4894,0.0,165.32794
4895,0.0,222.58994
4896,0.0,283.86252
4897,0.0,300.5515
4898,0.0,315.36026
4899,0.0,332.92932
4900,0.0,343.413
4901,0.0,348.8457
4902,0.0,350.99484
4903,0.0,351.16922
4904,0.0,351.7146
4905,0.0,349.344
4906,0.0,347.6295
4907,0.0,346.91354
4908,0.0,347.3305
4909,0.0,349.03345
4910,0.0,588.1613
4911,0.0,644.2032
4912,786.0,679.92676
4913,1220.0,733.9058
4914,1298.0,1122.9493
4915,1709.0,1366.0809
4916,1680.0,1616.2869
4917,1790.0000000000002,1796.45
4918,2081.0,1989.116
4919,2964.0000000000005,2387.5703
4920,4187.0,2615.6216
4921,4181.0,3430.3506
4922,3867.9999999999995,4584.4854
4923,4955.0,6235.052
4924,7071.0,7657.739
4925,9481.0,8357.094
4926,6852.0,8830.99
4927,9976.0,8400.502
4928,10627.0,9873.423
4929,12743.0,13032.486
4930,9533.0,12765.439
4931,12828.0,10075.804
4932,14317.0,12503.376
4933,14290.0,12902.158
4934,10513.0,11477.313
4935,12749.0,12512.409
4936,13297.0,13472.222
4937,13410.0,12558.896
4938,11147.0,11579.414
4939,10890.0,11020.459
4940,9851.0,9674.7705
4941,10390.0,9169.677
4942,8192.0,9182.487
4943,5657.0,6626.0034
4944,4756.0,3959.2446
4945,2668.0,3039.6013
4946,2662.0,1991.94
4947,2285.0,1485.885
4948,1745.0000000000002,1278.4144
4949,1420.0,910.8179
4950,1087.0,703.7958
4951,0.0,430.2275
4952,0.0,288.6715
4953,0.0,300.46988
4954,0.0,305.82178
4955,0.0,326.661
4956,0.0,343.4953
4957,0.0,355.55246
4958,0.0,362.90182
4959,0.0,365.5418
4960,0.0,365.16748
4961,0.0,363.50455
4962,0.0,363.26407
4963,0.0,362.34204
4964,0.0,362.8096
4965,0.0,364.73
4966,592.0,565.5716
4967,613.0,607.98395
4968,852.9999999999999,877.88617
4969,1286.0,1122.0651
4970,1770.0,1361.2052
4971,1620.0,1514.7369
4972,1712.0000000000002,1749.605
4973,2254.0,2028.2239
4974,2326.0,2385.5315
4975,3181.0,2868.1716
4976,3890.9999999999995,3419.6694
4977,3832.0,4209.275
4978,4916.0,4767.374
4979,6144.0,5596.6035
4980,6039.0,5665.9043
4981,3808.0,6074.922
4982,4095.0,6667.6313
4983,5075.0,7168.053
4984,6760.0,7780.501
4985,9278.0,7614.993
4986,4486.0,6944.3145
4987,3549.0,5502.308
4988,5887.0,4558.6377
4989,4471.0,4104.6743
4990,3216.9999999999995,4150.7183
4991,7622.999999999999,5767.535
4992,3316.0,6003.1465
4993,6931.0,4671.8784
4994,6742.0,4504.9023
4995,6743.000000000001,5827.0293
4996,5720.999999999999,5860.6333
4997,4542.0,5214.3
4998,5763.999999999999,4817.2847
4999,4727.0,4268.1514
5000,4091.0,3407.3325
5001,3257.0,2909.0735
5002,2303.0,2428.0435
5003,1736.9999999999998,1776.284
5004,1970.9999999999998,1310.045
5005,1729.0,907.8725
5006,1572.0,559.9283
5007,0.0,432.28262
5008,0.0,344.5897
5009,0.0,287.39944
5010,0.0,263.6754
5011,0.0,276.1451
5012,0.0,285.34894
5013,0.0,293.19855
5014,0.0,296.56094
5015,0.0,297.6304
5016,0.0,298.15332
5017,0.0,298.11182
5018,0.0,300.42212
5019,0.0,300.9984
5020,0.0,302.643
5021,0.0,305.18384
5022,0.0,475.99194
5023,0.0,506.64764
5024,0.0,529.2566
5025,0.0,564.75415
5026,1386.0,603.4763
5027,1964.0,635.36145
5028,0.0,1038.7502
5029,0.0,1322.9563
5030,938.0,1066.649
5031,1168.0,997.57043
5032,1694.0,1268.0632
5033,2193.0,1395.629
5034,2639.0,1739.9158
5035,1562.0000000000002,1910.6155
5036,1076.0,2287.8135
5037,2385.0,2824.5637
5038,5334.0,3161.1846
5039,2739.0,3301.2834
5040,5128.0,3312.0215
5041,1399.9999999999998,3450.213
5042,2648.0,2207.17
5043,3267.0,2447.3137
5044,2815.0,2877.1252
5045,992.0,2189.831
5046,1039.0,2377.9148
5047,2078.0,2265.191
5048,1324.0,1753.0846
5049,1540.0,1895.2881
5050,2024.0,2363.9275
5051,2321.0,2708.3643
5052,3889.0,3008.8608
5053,5089.0,3497.8264
5054,7329.0,3688.5535
5055,3672.0,3601.5645
5056,2072.0,3155.18
5057,2032.0,2608.4692
5058,1434.9999999999998,2077.4546
5059,2353.0,1212.2833
5060,1655.0,1049.7959
5061,1281.0,814.91846
5062,1219.0,722.5922
5063,0.0,550.666
5064,0.0,168.11603
5065,0.0,153.63997
5066,0.0,177.95415
5067,0.0,224.98799
5068,0.0,257.5276
5069,0.0,279.4743
5070,0.0,294.6744
5071,0.0,307.02576
5072,0.0,315.2236
5073,0.0,319.95572
5074,0.0,323.6427
5075,0.0,324.43353
5076,0.0,324.7558
5077,0.0,324.51797
5078,288.0,521.5795
5079,461.0,535.2312
5080,653.0,728.8206
5081,858.0000000000001,843.7016
5082,974.0,894.6965
5083,1181.0,958.99426
5084,1349.0,1117.8115
5085,1523.0000000000002,1374.1262
5086,1924.0,1777.4446
5087,2266.0,2290.2239
5088,2803.0,2820.0498
5089,3824.0,3419.2432
5090,4393.0,4266.029
5091,5621.0,4947.736
5092,7017.999999999999,5716.2183
5093,7047.000000000001,6256.6436
5094,5280.0,6312.702
5095,4634.0,6320.055
5096,4798.0,6445.102
5097,7352.0,6334.661
5098,5057.0,6167.6562
5099,5228.0,6435.5728
5100,5642.0,7365.8154
5101,9502.0,7708.795
5102,6938.0,7293.708
5103,4557.0,5797.369
5104,4717.0,4022.1072
5105,3946.0000000000005,3697.5378
5106,3578.0,3064.7236
5107,3592.0,3213.533
5108,3317.9999999999995,2802.0588
5109,3173.0,2309.7588
5110,2480.0,1951.4653
5111,1848.0,1662.4279
5112,1654.0,1308.7432
5113,1637.0,1033.6228
5114,1701.9999999999998,820.1421
5115,1646.0,667.31165
5116,1452.0,557.0521
5117,1091.0,523.5039
5118,0.0,460.68192
5119,0.0,396.44626
5120,0.0,301.2972
5121,0.0,270.05597
5122,0.0,286.43707
5123,0.0,299.9967
5124,0.0,308.03738
5125,0.0,312.70258
5126,0.0,314.84348
5127,0.0,316.04218
5128,0.0,316.4869
5129,0.0,319.06757
5130,0.0,319.85706
5131,0.0,321.74493
5132,0.0,324.7467
5133,0.0,328.87924
5134,590.0,505.9497
5135,721.0,546.74005
5136,878.0,842.48785
5137,1023.0,1079.9331
5138,1123.0,1223.1882
5139,1393.9999999999998,1295.981
5140,1709.0,1525.2412
5141,1786.0000000000002,1783.0513
5142,2250.0,2200.0676
5143,2932.0,2783.6055
5144,3012.0,3280.7764
5145,3181.9999999999995,3552.8213
5146,2985.0,3391.378
5147,3606.0,3276.5264
5148,3939.0,3802.4275
5149,3339.0,4085.0554
5150,4007.9999999999995,3784.5095
5151,4063.0000000000005,3757.8494
5152,5462.0,4969.408
5153,6156.0,6214.5664
5154,3853.0,5571.7104
5155,2749.0,4673.5527
5156,4563.0,3530.6848
5157,3613.0,3826.3179
5158,4269.0,4409.821
5159,5511.0,4879.0557
5160,4194.0,4577.02
5161,6269.0,4617.7866
5162,5196.0,5190.7397
5163,7980.999999999999,5992.0776
5164,4268.0,6703.8794
5165,5459.0,4628.822
5166,3929.0,2835.9497
5167,2816.0000000000005,2787.291
5168,1371.0,1866.174
5169,499.0,1416.3865
5170,942.0,1143.918
5171,1043.0,762.9995
5172,727.0,421.86838
5173,0.0,407.71146
5174,0.0,334.09875
5175,0.0,292.35468
5176,0.0,277.2496
5177,0.0,298.5807
5178,0.0,313.53653
5179,0.0,327.16592
5180,0.0,338.3369
5181,0.0,346.8233
5182,0.0,352.09174
5183,0.0,355.01187
5184,0.0,357.5615
5185,0.0,357.4326
5186,0.0,356.31784
5187,0.0,354.19098
5188,0.0,351.23846
5189,0.0,348.26196
5190,379.0,534.0396
5191,831.0,557.42084
5192,1104.0,737.5853
5193,1315.0,812.4563
5194,1486.0000000000002,950.3003
5195,1050.0,1133.3978
5196,943.0,1401.4469
5197,2902.0000000000005,1902.9397
5198,2961.0,2715.4126
5199,3628.0,3601.777
5200,3586.9999999999995,3643.249
5201,4339.0,3874.5686
5202,4088.0,4820.175
5203,4473.0,5357.3833
5204,5936.000000000001,5557.3467
5205,7063.0,6251.4253
5206,6524.0,6848.6484
5207,7407.999999999999,8459.178
5208,11979.999999999998,10004.812
5209,11975.0,10490.948
5210,7088.0,9400.008
5211,6169.0,8726.351
5212,7608.0,9330.064
5213,10679.0,10359.386
5214,8971.0,11111.478
5215,12172.0,10543.009
5216,9245.0,10736.526
5217,13375.0,9787.716
5218,7234.0,11001.09
5219,4418.0,7280.522
5220,5464.0,4654.861
5221,5698.0,4677.505
5222,4694.0,4381.212
5223,4616.0,3415.2646
5224,2947.9999999999995,3470.683
5225,2062.0,1478.6233
5226,1510.0,1033.6832
5227,1077.0,972.86896
5228,870.0,462.48898
5229,0.0,390.72696
5230,0.0,383.61032
5231,0.0,327.47992
5232,0.0,312.2876
5233,0.0,329.04138
5234,0.0,341.56296
5235,0.0,352.28494
5236,0.0,360.57715
5237,0.0,366.90363
5238,0.0,371.67725
5239,0.0,374.6929
5240,0.0,378.0358
5241,0.0,377.9155
5242,0.0,376.24478
5243,0.0,373.25772
5244,0.0,370.22736
5245,0.0,367.77527
5246,0.0,556.91003
5247,0.0,573.6164
5248,0.0,579.49695
5249,0.0,588.0232
5250,0.0,611.8435
5251,1190.0,658.7924
5252,1166.0,744.4286
5253,2418.0,1432.7134
5254,1877.0,2006.5715
5255,2360.0,2552.8545
5256,2632.0,3125.49
5257,3130.9999999999995,3699.8853
5258,3707.9999999999995,4078.9216
5259,5302.0,4590.793
5260,6147.0,4808.7563
5261,6014.000000000001,4960.5757
5262,6565.999999999999,4977.9097
5263,3643.0,5130.3896
5264,2865.0,5376.6777
5265,4627.0,6318.3936
5266,8796.0,7646.8164
5267,7789.0,8561.352
5268,7444.0,8251.894
5269,8668.0,7962.482
5270,7858.0,8922.744
5271,8948.0,8544.168
5272,6772.0,8706.29
5273,5927.0,7738.9023
5274,9781.0,7868.765
5275,8626.0,7645.34
5276,7628.0,6689.6675
5277,5708.0,5406.1514
5278,3301.0,4662.258
5279,2823.0,3729.251
5280,2722.0,2490.3018
5281,1456.0,1387.4873
5282,0.0,744.2208
5283,0.0,511.81577
5284,0.0,277.30084
5285,0.0,231.81607
5286,0.0,296.279
5287,0.0,328.1453
5288,0.0,347.81757
5289,0.0,358.26123
5290,0.0,362.27362
5291,0.0,362.70166
5292,0.0,360.04034
5293,0.0,357.53256
5294,0.0,352.8019
5295,0.0,349.08783
5296,0.0,346.13992
5297,0.0,343.77228
5298,0.0,341.99414
5299,0.0,340.8343
5300,0.0,340.46243
5301,0.0,340.88635
5302,0.0,518.2181
5303,0.0,540.59717
5304,0.0,548.16595
5305,0.0,557.57654
5306,0.0,575.89557
5307,709.0,612.69946
5308,1058.0,684.9421
5309,1504.0,1226.3043
5310,2072.0,1587.4198
5311,2763.0,2098.3555
5312,2790.0,2524.2705
5313,4325.0,3229.0686
5314,3424.0000000000005,4044.4185
5315,3784.0,4235.215
5316,4426.0,3776.2502
5317,4478.0,3909.8005
5318,4505.0,4721.891
5319,7543.0,6269.6045
5320,4945.0,6852.73
5321,4599.0,6069.906
5322,6236.0,5665.49
5323,6094.0,6922.0596
5324,9351.0,7703.5117
5325,9848.0,9681.786
5326,10082.0,10654.024
5327,11320.0,10872.525
5328,5548.0,9296.25
5329,5876.0,5734.5254
5330,3227.0,4240.4688
5331,3226.0,4926.843
5332,1680.0,3475.8726
5333,1804.0,1426.9224
5334,1336.0,1476.9205
5335,1968.0,984.6632
5336,2104.0,616.00183
5337,3011.0000000000005,809.6124
5338,2139.0,880.95795
5339,735.9999999999999,687.2585
5340,0.0,503.85342
5341,0.0,285.5858
5342,0.0,131.68616
5343,0.0,156.1694
5344,0.0,185.92076
5345,0.0,202.48218
5346,0.0,216.01323
5347,0.0,223.55891
5348,0.0,227.95291
5349,0.0,230.45244
5350,0.0,237.16267
5351,0.0,245.47273
5352,0.0,246.61241
5353,0.0,248.76901
5354,0.0,251.68121
5355,0.0,255.12756
5356,0.0,259.0694
5357,0.0,263.6771
5358,0.0,385.7851
5359,0.0,396.27502
5360,0.0,396.12793
5361,0.0,401.16815
5362,0.0,412.77118
5363,0.0,431.56982
5364,0.0,460.75415
5365,0.0,505.16617
5366,0.0,568.219
5367,1130.0,681.1844
5368,1361.0,791.80536
5369,1909.0,1480.1207
5370,1738.0,1769.1383
5371,1627.9999999999998,1921.8683
5372,1639.0,1923.2574
5373,1804.0,1852.839
5374,1976.0,1839.5143
5375,1653.0,1841.7552
5376,1640.0000000000002,1815.5233
5377,1611.0,1805.0034
5378,1502.0,1724.5583
5379,2021.0,1716.9847
5380,1907.0,1887.0675
5381,2448.0,2143.6533
5382,1375.0,2021.2885
5383,559.0,1440.7045
5384,613.0,1478.3263
5385,715.0,1476.2511
5386,2626.0,1398.5249
5387,3902.0,1662.9205
5388,1754.0,1763.9222
5389,1653.0,1760.4915
5390,1378.0,1413.5842
5391,0.0,646.89734
5392,413.0,435.01486
5393,0.0,367.50455
5394,0.0,241.6793
5395,0.0,335.39746
5396,0.0,308.613
5397,0.0,331.81543
5398,0.0,345.31226
5399,0.0,355.6379
5400,0.0,364.88934
5401,0.0,369.5104
5402,0.0,372.07504
5403,0.0,368.5522
5404,0.0,368.7272
5405,0.0,365.54514
5406,0.0,362.26056
5407,0.0,359.02692
5408,0.0,355.87805
5409,0.0,352.84372
5410,0.0,349.96408
5411,0.0,347.294
5412,0.0,344.8809
5413,0.0,342.85635
5414,0.0,510.30618
5415,0.0,526.6906
5416,0.0,534.0641
5417,624.0,556.7773
5418,1011.0,606.4647
5419,1608.0,1036.0979
5420,1884.0,1407.6439
5421,2003.0,1829.8823
5422,2480.0,2092.0889
5423,2380.0,2514.8286
5424,2548.0,2824.6885
5425,3017.0,3500.565
5426,3924.0,4167.1226
5427,4652.0,4975.014
5428,6000.999999999999,5831.533
5429,5785.0,7013.573
5430,6950.0,8022.512
5431,8988.0,9304.704
5432,10123.0,10687.073
5433,10989.0,11346.881
5434,11763.0,12174.307
5435,12796.0,12785.317
5436,12151.0,12966.734
5437,12473.0,12594.341
5438,10565.0,11624.326
5439,12606.0,11432.872
5440,10399.0,11149.763
5441,7423.999999999999,8927.345
5442,10688.0,8102.9233
5443,6581.0,8512.589
5444,5850.000000000001,7053.016
5445,3432.0000000000005,3166.9875
5446,4204.0,2167.3503
5447,3749.0,3233.362
5448,2473.0,2030.7052
5449,1881.0,1481.1205
5450,1746.0,1328.6212
5451,1328.0,816.8234
5452,974.0,489.41507
5453,0.0,410.1895
5454,0.0,324.553
5455,0.0,319.8688
5456,0.0,301.3706
5457,0.0,325.541
5458,0.0,340.72076
5459,0.0,352.34494
5460,0.0,358.30966
5461,0.0,359.5133
5462,0.0,357.8836
5463,0.0,354.26535
5464,0.0,352.3423
5465,0.0,349.1577
5466,0.0,347.13995
5467,0.0,346.3632
5468,0.0,346.87158
5469,0.0,348.77628
5470,400.0,540.0328
5471,582.0,576.5238
5472,841.0,797.9034
5473,1230.0,975.3985
5474,1516.9999999999998,1167.4718
5475,2280.0,1421.8936
5476,2352.0,1822.7596
5477,2267.0,2138.7346
5478,2037.0,2439.6152
5479,2303.0,2750.807
5480,3378.0,2898.1497
5481,2585.0,2919.3071
5482,1994.0,2571.141
5483,1482.0000000000002,2480.4392
5484,1966.0,2452.52
5485,1512.0,2197.581
5486,1093.0,1987.3656
5487,841.0,1908.4663
5488,859.0,1819.4045
5489,1176.0,1705.5212
5490,901.0,1578.8649
5491,1143.0,1464.6149
5492,1411.0,1506.7814
5493,1768.0,1455.874
5494,2555.0,1424.1067
5495,2135.0,1556.2439
5496,1769.0,1600.7095
5497,3356.9999999999995,1803.445
5498,2659.0,1693.515
5499,1469.9999999999998,1381.8173
5500,1058.0,1296.6077
5501,844.0,1191.4664
5502,1160.0,854.29596
5503,1215.0,721.3267
5504,1352.0,637.9497
5505,708.0,587.9933
5506,665.0,611.4323
5507,889.9999999999999,551.495
5508,0.0,410.20123
5509,0.0,278.83868
5510,0.0,249.85086
5511,0.0,234.50433
5512,0.0,273.0093
5513,0.0,297.7203
5514,0.0,316.2071
5515,0.0,328.4813
5516,0.0,335.51514
5517,0.0,338.82132
5518,0.0,340.1739
5519,0.0,342.59473
5520,0.0,342.2766
5521,0.0,342.26022
5522,0.0,342.50037
5523,0.0,342.94427
5524,0.0,343.41547
5525,0.0,343.6037
5526,0.0,522.00653
5527,0.0,536.8396
5528,0.0,534.2084
5529,0.0,534.3371
5530,558.0,536.35803
5531,0.0,536.17523
5532,418.0,818.6345
5533,1123.0,799.5394
5534,3523.0,1609.276
5535,4785.0,2238.612
5536,2998.0,2836.593
5537,1457.0,2905.1514
5538,1070.0,2589.0432
5539,1011.0,1981.6127
5540,942.0,1263.3231
5541,0.0,930.2229
5542,861.0,1109.8016
5543,1361.0,987.82886
5544,625.0,1927.123
5545,676.0,991.5951
5546,0.0,739.8168
5547,928.9999999999999,766.1988
5548,0.0,591.2129
5549,829.0,853.1665
5550,1053.0,404.34793
5551,977.0,561.5992
5552,0.0,698.7371
5553,0.0,710.91296
5554,0.0,437.36218
5555,0.0,319.25565
5556,0.0,287.25284
5557,544.0,287.19003
5558,0.0,292.17703
5559,0.0,335.25333
5560,0.0,323.33698
5561,0.0,319.82782
5562,0.0,329.36118
5563,928.9999999999999,335.70816
5564,0.0,338.18735
5565,0.0,374.48053
5566,0.0,327.97855
5567,0.0,306.0806
5568,0.0,295.7379
5569,0.0,298.09167
5570,0.0,298.14307
5571,0.0,297.1531
5572,0.0,295.80237
5573,0.0,294.28983
5574,0.0,290.2652
5575,0.0,294.76578
5576,0.0,295.01767
5577,0.0,296.11853
5578,0.0,297.84854
5579,0.0,300.08844
5580,0.0,302.60416
5581,0.0,305.31506
5582,0.0,469.94937
5583,0.0,498.82513
5584,0.0,511.3363
5585,0.0,529.2197
5586,693.0,544.8784
5587,975.0,548.2512
5588,562.0,789.27734
5589,0.0,876.0765
5590,1218.0,1069.6866
5591,1401.9999999999998,846.0842
5592,2031.0,1840.0187
5593,3271.0,2363.6646
5594,3654.0000000000005,2766.9856
5595,2566.0,2897.7766
5596,2124.0,2765.5676
5597,1868.0000000000002,2303.5874
5598,1280.0,2242.9
5599,1185.0,1846.202
5600,1557.0,1717.3779
5601,1627.9999999999998,1775.4058
5602,3186.0000000000005,2301.0767
5603,5289.0,3143.8167
5604,3360.0,3355.9773
5605,2560.0,3179.3198
5606,1933.9999999999998,2811.713
5607,2478.0,2495.3147
5608,2986.9999999999995,1998.1207
5609,2569.0,1782.3894
5610,1549.0,1592.9259
5611,1463.0,1486.2987
5612,1105.0,1354.5707
5613,1130.0,1049.608
5614,0.0,894.6883
5615,911.0,498.36884
5616,0.0,340.55136
5617,0.0,305.46332
5618,0.0,458.11234
5619,0.0,386.61258
5620,0.0,400.2952
5621,0.0,422.52896
5622,0.0,436.5021
5623,0.0,448.91315
5624,0.0,458.16522
5625,0.0,462.9015
5626,0.0,465.6509
5627,0.0,466.5078
5628,0.0,464.14496
5629,0.0,460.69913
5630,0.0,456.3205
5631,0.0,451.1018
5632,0.0,445.10883
5633,0.0,438.41974
5634,0.0,431.08328
5635,0.0,423.18063
5636,0.0,414.78745
5637,0.0,405.90955
5638,0.0,602.93585
5639,181.0,636.68475
5640,312.0,637.3984
5641,424.0,948.85144
5642,557.0,974.3548
5643,620.0,907.01263
5644,711.0,846.0727
5645,852.9999999999999,796.60114
5646,976.0,870.1255
5647,1019.0,1049.6277
5648,1044.0,1170.043
5649,1238.0,1462.1521
5650,1816.0,1978.5322
5651,3389.0000000000005,2763.5547
5652,5526.0,3942.1685
5653,6551.0,5573.4014
5654,8730.0,7261.342
5655,6735.000000000001,8857.115
5656,8474.0,8837.703
5657,6022.000000000001,9273.612
5658,7961.0,8974.225
5659,11904.000000000002,11175.748
5660,12364.999999999998,13820.298
5661,13340.0,12731.092
5662,9358.0,11158.866
5663,3311.0000000000005,7477.8105
5664,8945.0,6117.7334
5665,9137.0,5057.3687
5666,1798.0,4999.6343
5667,7827.0,4392.717
5668,1840.0,4691.651
5669,2853.0,2896.8438
5670,3879.0,2643.926
5671,2059.0,2421.7769
5672,1935.0,1324.0096
5673,1271.0,1258.4122
5674,906.0,790.96747
5675,1116.0,489.6137
5676,1046.0,569.6526
5677,0.0,456.21356
5678,0.0,393.8854
5679,0.0,332.8761
5680,0.0,309.73996
5681,0.0,321.79947
5682,0.0,337.80722
5683,0.0,347.29367
5684,0.0,354.9448
5685,0.0,358.44254
5686,0.0,360.10068
5687,0.0,360.64954
5688,0.0,362.99783
5689,0.0,363.76733
5690,0.0,365.48892
5691,0.0,367.87573
5692,0.0,370.6643
5693,0.0,373.31473
5694,0.0,573.991
5695,0.0,615.70026
5696,495.0,643.5325
5697,0.0,659.13257
5698,1268.0,936.26135
5699,1997.0,753.7799
5700,1822.0,1392.968
5701,1828.0,1860.0104
5702,2998.0,2546.4746
5703,3415.0,2901.8528
5704,1802.0,2790.091
5705,2266.0,2950.872
5706,3878.0,3311.9216
5707,3941.9999999999995,4121.885
5708,4572.0,4914.99
5709,6576.0,6657.228
5710,8128.999999999999,8403.461
5711,10166.0,8997.585
5712,12632.0,9900.912
5713,12243.0,10383.856
5714,9589.0,10518.865
5715,14518.0,10918.744
5716,9003.0,12289.082
5717,9554.0,10990.295
5718,9176.0,9260.555
5719,8607.0,6191.5435
5720,0.0,5684.7144
5721,5637.0,4507.5396
5722,12215.0,5439.402
5723,10792.0,8472.1
5724,8140.0,4861.8887
5725,5387.0,6159.804
5726,3456.0,5446.8804
5727,1775.9999999999998,3805.9158
5728,1307.0,2513.507
5729,2602.0,1700.5513
5730,880.0,891.55914
5731,785.0,634.33466
5732,0.0,664.0554
5733,0.0,323.16806
5734,0.0,277.00104
5735,0.0,322.52963
5736,0.0,352.62506
5737,0.0,375.7042
5738,0.0,391.215
5739,0.0,398.23364
5740,0.0,397.75336
5741,0.0,393.9621
5742,0.0,388.20877
5743,0.0,383.0995
5744,0.0,376.86472
5745,0.0,371.65314
5746,0.0,367.52933
5747,0.0,364.93692
5748,0.0,364.45682
5749,0.0,366.17017
5750,0.0,542.1085
5751,0.0,589.9512
5752,686.0,639.5629
5753,789.0,707.7316
5754,973.0,1178.4705
5755,1297.0,1452.3319
5756,909.0,1589.1075
5757,2131.0,1577.6567
5758,2427.0,2070.9438
5759,2663.0,2586.0461
5760,2822.0,2918.6665
5761,2873.9999999999995,3601.6492
5762,3925.0,4136.273
5763,4473.0,4672.432
5764,4631.0,5048.2725
5765,6976.0,5646.5195
5766,7701.000000000001,7150.716
5767,10604.0,8851.931
5768,11526.0,10496.305
5769,8020.0,9550.552
5770,3923.0000000000005,7368.612
5771,6919.0,5898.3354
5772,6299.0,6179.9683
5773,5305.0,6079.61
5774,8399.0,7405.08
5775,10109.0,8055.779
5776,6719.000000000001,6067.464
5777,1897.0000000000002,4685.2993
5778,997.0,3988.5227
5779,1729.0,2831.2769
5780,2356.0,1635.6061
5781,2955.9999999999995,583.8922
5782,2842.0,211.82631
5783,2391.0,142.4878
5784,2049.0,209.39735
5785,1772.0,296.1689
5786,1590.9999999999998,376.88602
5787,1415.0,494.43988
5788,819.0000000000001,624.25934
5789,0.0,760.8426
5790,0.0,865.4152
5791,0.0,668.5822
5792,0.0,624.1144
5793,0.0,601.65784
5794,0.0,574.2986
5795,0.0,550.0071
5796,0.0,527.27185
5797,0.0,500.37735
5798,0.0,475.06363
5799,0.0,452.51566
5800,0.0,428.86703
5801,0.0,410.7529
5802,0.0,396.38214
5803,0.0,385.29672
5804,0.0,376.94818
5805,0.0,370.83752
5806,0.0,555.0185
5807,0.0,592.69385
5808,214.00000000000003,604.7035
5809,310.0,615.11285
5810,403.0,843.1739
5811,481.0,830.16705
5812,539.0,794.4471
5813,596.0,767.8838
5814,654.0,753.1195
5815,719.0,897.66034
5816,793.0,1051.5941
5817,937.0,1330.2839
5818,1286.0,1794.0237
5819,2265.0,2477.6226
5820,4629.0,3577.9346
5821,6116.0,4997.0156
5822,7821.0,6838.1846
5823,10216.0,9323.486
5824,11635.0,11450.815
5825,12620.000000000002,12289.931
5826,13136.0,12835.808
5827,13335.0,13168.599
5828,13379.0,12803.348
5829,13114.0,12504.627
5830,10051.0,12150.505
5831,10417.0,11464.512
5832,11965.0,11508.89
5833,6572.0,9688.442
5834,11492.0,8389.615
5835,8625.0,8990.817
5836,8202.0,9183.932
5837,4951.0,5671.087
5838,3420.0000000000005,2570.2463
5839,1479.0,3047.614
5840,1107.0,1410.6917
5841,946.0,577.4116
5842,697.9999999999999,626.1482
5843,628.0,369.16003
5844,618.0,346.08026
5845,0.0,379.15698
5846,0.0,363.40457
5847,0.0,331.9893
5848,0.0,332.65466
5849,0.0,338.12817
5850,0.0,343.72684
5851,0.0,349.71387
5852,0.0,353.4625
5853,0.0,354.31793
5854,0.0,353.86722
5855,0.0,353.28516
5856,0.0,354.89505
5857,0.0,354.35196
5858,0.0,354.42105
5859,0.0,355.05634
5860,0.0,356.28378
5861,0.0,358.01068
5862,0.0,538.89386
5863,0.0,579.37683
5864,574.0,613.9105
5865,843.0,659.47125
5866,1261.0,1058.3698
5867,1679.0,1327.4628
5868,1822.0,1493.4937
5869,2106.0,1690.1058
5870,2469.0,1954.0775
5871,2761.0,2312.2163
5872,3041.0,2611.8708
5873,3296.0,3019.4902
5874,3915.0000000000005,3518.1353
5875,4393.0,4140.5
5876,5150.0,4799.3115
5877,5456.0,5378.243
5878,6134.0,6137.465
5879,7454.0,6890.4126
5880,7320.0,6902.9595
5881,5851.0,6947.963
5882,6137.0,6918.91
5883,7866.0,7348.1045
5884,5833.0,7072.23
5885,5909.000000000001,5643.7026
5886,5485.0,4643.5986
5887,5735.0,4779.9478
5888,7138.999999999999,5738.101
5889,7770.0,5822.9307
5890,6892.0,6052.832
5891,5796.000000000001,5527.983
5892,5359.0,4549.2666
5893,3666.0,3775.3203
5894,2841.0,2773.6787
5895,2183.0,2113.762
5896,1865.0,1453.7349
5897,1625.0,895.0633
5898,1198.0,620.44586
5899,0.0,500.35486
5900,0.0,426.9836
5901,0.0,340.61765
5902,0.0,318.4921
5903,0.0,338.10538
5904,0.0,354.18686
5905,0.0,361.6841
5906,0.0,363.33118
5907,0.0,361.5595
5908,0.0,357.7527
5909,0.0,350.19513
5910,0.0,343.9787
5911,0.0,336.37485
5912,0.0,329.1668
5913,0.0,322.3637
5914,0.0,316.01358
5915,0.0,310.20685
5916,0.0,305.01096
5917,0.0,300.5297
5918,0.0,429.49487
5919,0.0,442.2214
5920,0.0,444.3086
5921,0.0,452.94504
5922,0.0,468.92587
5923,0.0,493.49802
5924,0.0,531.3697
5925,1070.0,590.1968
5926,1566.0,677.0588
5927,1878.0,1357.0535
5928,2270.0,1423.1367
5929,1818.0,1666.762
5930,2192.0,1846.0948
5931,2419.0,1917.9619
5932,2080.0,1790.309
5933,2490.0,1577.0505
5934,2190.0,1456.1451
5935,2484.0,2439.5356
5936,3227.0,4669.546
5937,11292.0,6636.022
5938,8721.0,7856.9326
5939,3873.0,6716.5034
5940,8995.0,5812.4316
5941,5936.000000000001,6794.4443
5942,3815.0,5531.1685
5943,5716.0,5583.714
5944,6474.000000000001,5080.418
5945,4679.0,3469.13
5946,1184.0,2286.9756
5947,1693.0,1799.0155
5948,1571.0,1451.2034
5949,1028.0,1135.6102
5950,1039.0,899.5094
5951,944.0,825.1656
5952,910.0,610.2885
5953,614.0,433.1637
5954,0.0,347.40192
5955,0.0,270.25494
5956,0.0,245.9044
5957,0.0,255.80318
5958,0.0,291.08112
5959,0.0,305.76013
5960,0.0,319.8225
5961,0.0,330.43542
5962,0.0,336.70868
5963,0.0,340.39386
5964,0.0,342.85272
5965,0.0,346.43344
5966,0.0,345.3921
5967,0.0,344.07077
5968,0.0,342.43112
5969,0.0,340.46426
5970,0.0,338.24155
5971,0.0,335.8217
5972,0.0,333.25754
5973,0.0,330.63672
5974,0.0,495.57495
5975,0.0,521.5861
5976,0.0,526.44946
5977,0.0,530.27747
5978,0.0,528.3654
5979,0.0,517.8428
5980,0.0,500.69946
5981,0.0,480.54904
5982,0.0,458.08273
5983,0.0,432.0382
5984,0.0,426.5111
5985,0.0,426.26718
5986,0.0,431.42886
5987,0.0,442.11597
5988,0.0,458.4784
5989,0.0,480.752
5990,686.0,509.4387
5991,688.0,545.2658
5992,955.0,982.9038
5993,1344.0,1167.6622
5994,1483.0,1188.9142
5995,1556.0000000000002,1128.7168
5996,1653.0,1108.9117
5997,1877.0,1074.2501
5998,1023.0,991.83453
5999,0.0,907.00726
6000,0.0,877.3875
6001,0.0,387.76996
6002,0.0,358.83173
6003,519.0,327.44934
6004,0.0,326.62366
6005,0.0,430.8066
6006,0.0,378.7119
6007,0.0,356.8381
6008,0.0,358.42535
6009,0.0,367.47513
6010,0.0,376.71713
6011,0.0,376.86142
6012,0.0,375.74982
6013,0.0,373.72394
6014,0.0,369.22797
6015,0.0,370.56317
6016,0.0,367.45413
6017,0.0,364.36212
6018,0.0,361.28317
6019,0.0,358.23727
6020,0.0,355.31796
6021,0.0,352.56622
6022,0.0,349.9991
6023,0.0,347.6275
6024,0.0,345.46396
6025,0.0,343.51743
6026,0.0,341.81302
6027,0.0,340.44196
6028,0.0,339.44092
6029,0.0,338.90576
6030,0.0,506.42914
6031,0.0,537.853
6032,0.0,554.8177
6033,498.0,576.044
6034,455.0,600.5564
6035,411.0,881.2911
6036,491.0,961.4334
6037,606.0,1045.0992
6038,839.0,1030.4518
6039,635.0,1165.1548
6040,1071.0,1296.8033
6041,2435.0,1753.7622
6042,1719.0,2183.4534
6043,2862.0,2582.6816
6044,3438.9999999999995,2628.7502
6045,2832.0,2356.4407
6046,835.0,2299.9736
6047,2757.0,3084.4043
6048,6419.0,3774.1267
6049,3635.0,4599.26
6050,6339.0,4109.6997
6051,3664.9999999999995,4501.3677
6052,5390.0,5182.1626
6053,5874.000000000001,5304.092
6054,2947.9999999999995,4089.6023
6055,8347.0,4664.684
6056,7727.0,6606.0747
6057,10375.0,8876.031
6058,8734.0,7837.384
6059,6214.0,5947.973
6060,7469.0,6231.748
6061,2564.0,4907.3223
6062,2327.0,2407.6064
6063,1795.0,1497.8613
6064,997.0,1206.5116
6065,1053.0,538.43726
6066,825.0,624.9355
6067,0.0,416.87662
6068,0.0,191.50652
6069,0.0,246.32484
6070,0.0,263.97192
6071,0.0,292.8323
6072,0.0,315.71527
6073,0.0,330.57672
6074,0.0,340.31784
6075,0.0,347.51428
6076,0.0,351.3814
6077,0.0,353.5
6078,0.0,355.39548
6079,0.0,354.01746
6080,0.0,351.10806
6081,0.0,347.26077
6082,0.0,342.98608
6083,0.0,338.8896
6084,0.0,335.45065
6085,0.0,332.84387
6086,0.0,507.8495
6087,0.0,531.6672
6088,0.0,537.2177
6089,0.0,546.75256
6090,0.0,563.20294
6091,804.0,588.97943
6092,893.0000000000001,634.1647
6093,824.0,1130.9597
6094,1221.0,1542.8414
6095,1576.0,2106.836
6096,2718.0,2353.8992
6097,3976.0,2456.6738
6098,2435.0,2555.2913
6099,2585.0,3036.368
6100,4484.0,3906.1897
6101,5177.0,4568.4106
6102,4049.0,4609.4097
6103,4015.9999999999995,4019.3816
6104,2932.0,3751.3733
6105,5286.0,3400.6973
6106,5073.0,5198.913
6107,5342.0,6025.787
6108,6221.000000000001,5921.0225
6109,6659.999999999999,6220.6924
6110,4424.0,5762.734
6111,5652.0,5246.237
6112,3362.0,4632.179
6113,3769.0,4769.1484
6114,5733.0,5181.561
6115,8246.0,4870.8193
6116,7088.0,4386.6074
6117,4865.0,4143.6597
6118,2875.0,3765.591
6119,1496.0,3157.176
6120,992.0,2318.8245
6121,770.0,1265.5791
6122,608.0,661.0899
6123,0.0,319.46622
6124,0.0,107.32009
6125,0.0,149.8935
6126,0.0,182.03299
6127,0.0,232.44012
6128,0.0,257.9006
6129,0.0,269.81284
6130,0.0,277.16135
6131,0.0,281.53122
6132,0.0,284.9032
6133,0.0,287.6019
6134,0.0,293.5884
6135,0.0,296.81842
6136,0.0,301.6198
6137,0.0,307.43448
6138,0.0,313.69156
6139,0.0,319.83905
6140,0.0,325.3463
6141,0.0,329.73865
6142,0.0,531.3345
6143,0.0,572.2359
6144,0.0,588.04987
6145,0.0,592.5162
6146,400.0,584.6752
6147,0.0,559.8455
6148,600.0,750.59955
6149,997.0,556.6467
6150,1699.0,1220.3658
6151,1786.0000000000002,1696.0148
6152,2005.0,1786.8135
6153,2714.0,2134.2817
6154,3331.0,2717.5017
6155,4271.0,3539.0874
6156,5192.0,4518.138
6157,5583.999999999999,5532.721
6158,5658.0,5974.04
6159,5971.000000000001,6100.7715
6160,4913.0,5776.758
6161,4892.0,5412.338
6162,6358.0,5696.8657
6163,5419.0,5482.881
6164,4458.0,4891.6533
6165,4241.0,4381.648
6166,4895.0,4375.7085
6167,4579.0,4283.043
6168,4355.0,4118.864
6169,3567.0,3817.6284
6170,3272.0000000000005,2859.6975
6171,2896.0,2545.83
6172,2426.0,2335.4766
6173,2100.0,1783.229
6174,1764.0,1421.1215
6175,1276.0,1057.92
6176,913.0,803.9216
6177,1226.0,661.65063
6178,1354.0,528.7014
6179,0.0,416.42047
6180,0.0,361.86227
6181,0.0,298.39658
6182,0.0,280.52112
6183,0.0,290.07446
6184,0.0,302.2865
6185,0.0,313.26978
6186,0.0,319.49728
6187,0.0,321.68906
6188,0.0,322.00308
6189,0.0,320.888
6190,0.0,321.15558
6191,0.0,318.36154
6192,0.0,315.73938
6193,0.0,313.24103
6194,0.0,310.83157
6195,0.0,308.5426
6196,0.0,306.63657
6197,0.0,305.19162
6198,0.0,468.14664
6199,0.0,482.35413
6200,0.0,474.3252
6201,0.0,469.3359
6202,0.0,469.7889
6203,0.0,474.5784
6204,0.0,490.51425
6205,844.0,528.09406
6206,1086.0,600.65704
6207,2007.9999999999998,1249.2247
6208,1864.0000000000002,1656.8535
6209,1785.0,1961.6399
6210,2680.0,2107.843
6211,2009.9999999999998,2283.1045
6212,2455.0,2403.9004
6213,3093.0,2962.6226
6214,4453.0,3430.1045
6215,3314.0,3611.9756
6216,3592.0,3827.099
6217,3972.9999999999995,3851.7297
6218,3854.0,3810.2961
6219,3311.0000000000005,3414.025
6220,2989.0,3167.4468
6221,2963.0,2831.4314
6222,2612.0,2630.269
6223,2590.0,2486.0571
6224,1823.0000000000002,1980.0737
6225,934.0000000000001,1117.6635
6226,0.0,954.3064
6227,1109.0,902.22797
6228,2589.0,600.9929
6229,901.0,1171.9952
6230,1493.0,992.76404
6231,793.0,454.33463
6232,3649.0,778.27673
6233,1295.0,1491.0829
6234,808.0,1456.222
6235,0.0,1187.9381
6236,0.0,1074.3297
6237,0.0,292.513
6238,0.0,174.7919
6239,0.0,224.3575
6240,0.0,239.37083
6241,0.0,252.8323
6242,0.0,260.9976
6243,0.0,261.67288
6244,0.0,261.94208
6245,0.0,258.877
6246,0.0,254.49095
6247,0.0,247.18459
6248,0.0,241.35506
6249,0.0,237.32663
6250,0.0,235.48074
6251,0.0,236.41632
6252,0.0,240.42145
6253,0.0,247.12508
6254,0.0,384.0329
6255,0.0,411.1309
6256,0.0,433.58612
6257,0.0,471.60684
6258,642.0,529.24084
6259,901.0,602.2332
6260,1830.0,1127.3593
6261,2811.0,1592.3718
6262,2077.0,2078.539
6263,1647.0,2349.759
6264,1826.0,2060.425
6265,1523.0000000000002,1771.8309
6266,1348.0,1437.5115
6267,1350.0,1594.5906
6268,1563.0,1625.9794
6269,1200.0,1640.337
6270,1466.0,1546.8926
6271,1524.0,1511.4093
6272,1488.0000000000002,1566.398
6273,2255.0,1743.6779
6274,2242.0,2093.5374
6275,2168.0,2247.8193
6276,1399.0,1851.9332
6277,1814.9999999999998,1380.0729
6278,1076.0,1548.2278
6279,945.0,1485.0647
6280,897.0,1111.1483
6281,781.0000000000001,919.506
6282,0.0,679.0813
6283,0.0,535.0296
6284,0.0,257.24384
6285,0.0,175.29497
6286,0.0,210.37509
6287,0.0,238.9284
6288,0.0,267.5723
6289,0.0,289.90607
6290,0.0,303.2373
6291,0.0,312.42856
6292,0.0,317.74692
6293,0.0,322.07697
6294,0.0,320.80685
6295,0.0,318.93915
6296,0.0,316.40775
6297,0.0,313.27194
6298,0.0,309.58163
6299,0.0,305.49637
6300,0.0,301.45786
6301,0.0,297.62198
6302,0.0,294.12454
6303,0.0,291.03964
6304,0.0,288.43518
6305,0.0,286.45953
6306,0.0,285.13226
6307,0.0,284.4406
6308,0.0,284.43997
6309,0.0,285.12766
6310,0.0,436.32858
6311,0.0,445.77338
6312,0.0,436.83182
6313,0.0,440.8292
6314,561.0,462.59558
6315,784.0,502.526
6316,1114.0,872.72974
6317,1068.0,1078.5193
6318,1023.0,1324.3726
6319,1814.9999999999998,1617.5483
6320,1413.0,1638.1013
6321,1008.0000000000001,1654.9215
6322,1047.0,1743.1904
6323,1581.0,1836.5559
6324,1976.0,1877.67
6325,2579.0,1936.5425
6326,2044.0,2120.0986
6327,2424.0,2357.4346
6328,2832.0,2600.7341
6329,2021.0,2393.4915
6330,1871.0,2051.6963
6331,1386.0,1589.8411
6332,752.0,1445.8076
6333,1512.9999999999998,1450.6539
6334,1267.0,1280.8511
6335,921.0,1056.1951
6336,0.0,983.16113
6337,1629.0,989.5507
6338,2193.0,500.89825
6339,1608.0,622.64386
6340,1355.0,730.6688
6341,328.0,839.327
6342,266.0,876.3609
6343,185.00000000000003,742.3829
6344,0.0,619.3587
6345,0.0,537.9373
6346,0.0,315.11203
6347,0.0,293.85086
6348,0.0,293.64246
6349,0.0,287.81427
6350,0.0,293.43158
6351,0.0,296.3357
6352,0.0,294.55936
6353,0.0,291.33118
6354,0.0,288.33203
6355,0.0,286.68777
6356,0.0,281.02155
6357,0.0,276.19073
6358,0.0,272.15933
6359,0.0,268.8457
6360,0.0,266.13364
6361,0.0,264.00845
6362,0.0,262.4741
6363,0.0,261.5071
6364,0.0,261.106
6365,0.0,261.27756
6366,0.0,392.02167
6367,0.0,390.83636
6368,0.0,373.04782
6369,0.0,360.76837
6370,0.0,356.6269
6371,0.0,355.8888
6372,0.0,357.95663
6373,0.0,363.33563
6374,0.0,373.2825
6375,0.0,389.65387
6376,0.0,423.17303
6377,0.0,458.6278
6378,1029.0,495.9602
6379,997.0,535.0448
6380,948.0,939.30835
6381,997.0,1083.6228
6382,855.0000000000001,1194.6927
6383,1075.0,1049.9794
6384,1299.0,1099.453
6385,1506.0,1246.2041
6386,1522.0,1333.136
6387,1599.0000000000002,1394.8201
6388,1651.0,1458.2144
6389,1507.0,1373.5997
6390,1082.0,1253.4609
6391,831.0,1135.8873
6392,983.0,984.68616
6393,937.0,830.64954
6394,564.0,690.67145
6395,0.0,586.25
6396,0.0,533.51886
6397,0.0,267.512
6398,0.0,211.3563
6399,0.0,224.69183
6400,0.0,234.69373
6401,0.0,255.77261
6402,0.0,271.9126
6403,0.0,279.95358
6404,0.0,285.2108
6405,0.0,288.26245
6406,0.0,292.03802
6407,0.0,289.5086
6408,0.0,287.42175
6409,0.0,285.76987
6410,0.0,284.54575
6411,0.0,283.73227
6412,0.0,283.32373
6413,0.0,283.3034
6414,0.0,283.6617
6415,0.0,284.38492
6416,0.0,285.4623
6417,0.0,286.88742
6418,0.0,288.66226
6419,0.0,290.76297
6420,0.0,293.1579
6421,0.0,295.81525
6422,0.0,455.03387
6423,0.0,475.01587
6424,0.0,476.18893
6425,0.0,482.81143
6426,0.0,496.9743
6427,0.0,513.37805
6428,795.0,531.6517
6429,734.9999999999999,554.68134
6430,845.0,922.1065
6431,1477.9999999999998,1167.1249
6432,1553.0,1503.7831
6433,2204.0,1693.6283
6434,1670.0,1849.2723
6435,1189.0,1978.9414
6436,1342.0,1830.494
6437,1929.9999999999998,1627.3427
6438,1408.0000000000002,1398.6813
6439,1407.0,1544.8899
6440,1593.0000000000002,2063.894
6441,4101.0,2501.2905
6442,5699.0,3172.3018
6443,4229.0,3788.0732
6444,2595.0,3744.7737
6445,2864.0,3015.1492
6446,1886.0,2424.563
6447,1873.0,1587.0367
6448,5918.0,2862.6616
6449,6148.999999999999,4253.0415
6450,6629.0,5796.397
6451,4776.0,4732.6294
6452,2304.0,2117.8052
6453,3388.0,2300.3528
6454,2027.0,1761.8485
6455,2446.0,1597.492
6456,932.0000000000001,911.2276
6457,778.0000000000001,244.48573
6458,551.0,221.00403
6459,0.0,251.80484
6460,0.0,86.245514
6461,0.0,171.8144
6462,0.0,206.79025
6463,0.0,233.8821
6464,0.0,247.54437
6465,0.0,260.6492
6466,0.0,267.25894
6467,0.0,272.31534
6468,0.0,274.92395
6469,0.0,276.73596
6470,0.0,281.0931
6471,0.0,281.80658
6472,0.0,283.39282
6473,0.0,285.69882
6474,0.0,288.7867
6475,0.0,292.6297
6476,0.0,297.15607
6477,0.0,302.3883
6478,0.0,458.3399
6479,0.0,484.78967
6480,0.0,499.58984
6481,0.0,522.11975
6482,0.0,560.2037
6483,0.0,613.66956
6484,1475.9999999999998,687.3451
6485,1631.0,793.0826
6486,2523.0,1578.912
6487,2978.0,2279.664
6488,4641.0,3451.866
6489,4146.0,3914.7507
6490,8168.0,4470.998
6491,5295.0,6482.393
6492,3964.9999999999995,6218.23
6493,3200.0,5300.999
6494,3785.0,5109.143
6495,4785.0,3590.8157
6496,1996.0,3173.8184
6497,1769.0,2710.1765
6498,1840.0,3718.1091
6499,2973.0,3888.4187
6500,4898.0,3562.0618
6501,2046.0,3104.8206
6502,1832.0,2190.2188
6503,1761.0,1710.8208
6504,1310.0,1549.6818
6505,1471.0,1233.1353
6506,754.0,1232.5259
6507,569.0,597.2255
6508,283.0,348.56308
6509,262.0,456.1539
6510,0.0,304.6824
6511,0.0,206.65274
6512,0.0,214.16669
6513,0.0,246.12422
6514,0.0,274.8998
6515,0.0,299.39777
6516,0.0,321.43192
6517,0.0,334.84265
6518,0.0,340.9009
6519,0.0,342.838
6520,0.0,342.7843
6521,0.0,343.75296
6522,0.0,340.4945
6523,0.0,337.39722
6524,0.0,334.54532
6525,0.0,331.95706
6526,0.0,329.62527
6527,0.0,327.54422
6528,0.0,325.74493
6529,0.0,324.2818
6530,0.0,323.1682
6531,0.0,322.3984
6532,0.0,321.98242
6533,0.0,321.99564
6534,0.0,470.74664
6535,0.0,494.51312
6536,0.0,501.09924
6537,0.0,515.2043
6538,578.0,539.9756
6539,765.0,574.3821
6540,1184.0,913.6939
6541,1580.0,1096.7078
6542,2280.0,1478.8854
6543,2511.0,2037.5656
6544,3384.0,2311.2844
6545,3099.9999999999995,2949.4197
6546,3075.0,3426.1382
6547,3214.0,3234.4734
6548,3777.9999999999995,3266.4888
6549,3598.9999999999995,3680.0955
6550,4125.0,4750.6284
6551,8329.0,6566.8735
6552,6451.0,6824.2515
6553,4585.0,5076.1626
6554,1717.0,4044.6545
6555,1722.0,3747.342
6556,1877.0,2825.2996
6557,2780.0,2341.176
6558,2033.0,1546.4916
6559,1561.0,1585.1807
6560,1541.0,1675.1106
6561,803.0,1381.0538
6562,674.0,723.8254
6563,666.0,770.94977
6564,195.00000000000003,726.0176
6565,84.4,525.85486
6566,0.0,453.99762
6567,0.0,307.2297
6568,0.0,235.08972
6569,0.0,235.36786
6570,0.0,255.51462
6571,0.0,260.4844
6572,0.0,269.47156
6573,0.0,277.68988
6574,0.0,281.37506
6575,0.0,281.53784
6576,0.0,281.539
6577,0.0,284.30807
6578,0.0,281.4985
6579,0.0,279.63147
6580,0.0,278.7033
6581,0.0,278.69473
6582,0.0,279.59857
6583,0.0,281.39935
6584,0.0,284.03192
6585,0.0,287.41547
6586,0.0,291.49512
6587,0.0,296.22247
6588,0.0,301.55783
6589,0.0,307.46225
6590,0.0,473.44876
6591,0.0,519.4708
6592,0.0,554.93225
6593,0.0,600.8968
6594,0.0,660.76227
6595,2721.0,729.87946
6596,2379.0,807.06635
6597,1629.0,1519.6061
6598,1422.0,1950.6193
6599,2138.0,2634.2078
6600,3017.9999999999995,2449.9683
6601,2811.0,2312.9692
6602,5387.0,3204.0977
6603,6143.000000000001,4680.8687
6604,3200.0,4578.6714
6605,2745.0,3563.6511
6606,2151.0,2572.7314
6607,1020.0,2170.1526
6608,2301.0,2037.163
6609,3130.9999999999995,2461.1855
6610,3117.0,2248.956
6611,1753.0000000000002,2217.9785
6612,4160.0,2581.2344
6613,1715.0,2737.6265
6614,462.99999999999994,1985.923
6615,651.0,1154.5032
6616,586.0,961.7691
6617,460.0,572.819
6618,1029.0,731.7552
6619,558.0,899.5469
6620,463.99999999999994,589.7528
6621,0.0,352.9194
6622,54.20000000000001,358.76447
6623,0.0,247.4748
6624,0.0,227.75096
6625,0.0,246.32832
6626,0.0,268.63168
6627,0.0,302.18488
6628,0.0,323.488
6629,0.0,338.96347
6630,0.0,349.75916
6631,0.0,357.49472
6632,0.0,363.5047
6633,0.0,362.27744
6634,0.0,364.88025
6635,0.0,362.94794
6636,0.0,360.16876
6637,0.0,356.59433
6638,0.0,352.32297
6639,0.0,347.49
6640,0.0,342.26007
6641,0.0,336.81247
6642,0.0,331.33466
6643,0.0,326.00803
