,date,actual,pred
0,2023-07-05 10:45:00,5547.0,5092.61
1,2023-07-05 11:00:00,5572.0,5064.572
2,2023-07-05 11:15:00,5603.0,4718.789
3,2023-07-05 11:30:00,3052.0,4205.8423
4,2023-07-05 11:45:00,2035.0,3620.577
5,2023-07-05 12:00:00,2290.0,2893.2878
6,2023-07-05 12:15:00,1853.9999999999998,2847.116
7,2023-07-05 12:30:00,2034.0,2861.444
8,2023-07-05 12:45:00,1369.0,2810.09
9,2023-07-05 13:00:00,3155.0000000000005,1874.046
10,2023-07-05 13:15:00,3960.0,2649.0952
11,2023-07-05 13:30:00,3208.9999999999995,3144.4531
12,2023-07-05 13:45:00,4741.0,3241.5144
13,2023-07-05 14:00:00,2301.0,3582.1377
14,2023-07-05 14:15:00,1139.0,2706.1514
15,2023-07-05 14:30:00,2302.0,1758.7891
16,2023-07-05 14:45:00,1787.0,2340.3713
17,2023-07-05 15:00:00,6038.0,3657.8098
18,2023-07-05 15:15:00,9109.0,6400.4336
19,2023-07-05 15:30:00,13093.999999999998,7735.1714
20,2023-07-05 15:45:00,8559.0,8692.828
21,2023-07-05 16:00:00,5111.0,7595.2026
22,2023-07-05 16:15:00,2488.0,5071.44
23,2023-07-05 16:30:00,2427.0,5322.542
24,2023-07-05 16:45:00,2893.0,4292.472
25,2023-07-05 17:00:00,5519.0,3684.637
26,2023-07-05 17:15:00,3580.0000000000005,3140.58
27,2023-07-05 17:30:00,3258.0,2753.8755
28,2023-07-05 17:45:00,1680.0,2122.6335
29,2023-07-05 18:00:00,2183.0,1002.94055
30,2023-07-05 18:15:00,1662.9999999999998,1243.6699
31,2023-07-05 18:30:00,1864.0000000000002,1261.2732
32,2023-07-05 18:45:00,874.0,869.04034
33,2023-07-05 19:00:00,0.0,547.799
34,2023-07-05 19:15:00,0.0,263.20624
35,2023-07-05 19:30:00,0.0,303.76434
36,2023-07-05 19:45:00,1996.0,331.6818
37,2023-07-06 06:00:00,2088.0,504.96817
38,2023-07-06 06:15:00,2398.0,1735.8363
39,2023-07-06 06:30:00,2344.0,2266.1099
40,2023-07-06 06:45:00,2967.0,2027.5867
41,2023-07-06 07:00:00,3372.0,2834.0332
42,2023-07-06 07:15:00,3130.9999999999995,3371.4724
43,2023-07-06 07:30:00,4572.0,3618.4502
44,2023-07-06 07:45:00,4237.0,4264.037
45,2023-07-06 08:00:00,5911.0,5487.112
46,2023-07-06 08:15:00,7666.000000000001,6718.7188
47,2023-07-06 08:30:00,6947.0,6895.8496
48,2023-07-06 08:45:00,5718.000000000001,7059.5127
49,2023-07-06 09:00:00,7327.000000000001,7975.0264
50,2023-07-06 09:15:00,9694.0,9509.307
51,2023-07-06 09:30:00,9060.0,10506.562
52,2023-07-06 09:45:00,12045.0,10916.525
53,2023-07-06 10:00:00,12494.0,12579.038
54,2023-07-06 10:15:00,15938.0,13926.413
55,2023-07-06 10:30:00,13263.000000000002,15484.206
56,2023-07-06 10:45:00,14285.000000000002,14466.511
57,2023-07-06 11:00:00,13470.000000000002,13476.858
58,2023-07-06 11:15:00,12655.000000000002,15488.121
59,2023-07-06 11:30:00,16486.0,15438.371
60,2023-07-06 11:45:00,14706.0,15885.315
61,2023-07-06 12:00:00,14324.0,16278.373
62,2023-07-06 12:15:00,15470.0,16031.935
63,2023-07-06 12:30:00,16056.0,16006.88
64,2023-07-06 12:45:00,19254.0,15535.757
65,2023-07-06 13:00:00,14156.999999999998,15379.065
66,2023-07-06 13:15:00,16477.0,14232.621
67,2023-07-06 13:30:00,17394.0,14233.347
68,2023-07-06 13:45:00,11007.0,12804.926
69,2023-07-06 14:00:00,7485.0,11797.798
70,2023-07-06 14:15:00,14213.0,11806.1045
71,2023-07-06 14:30:00,8801.0,11355.47
72,2023-07-06 14:45:00,3059.0,8796.36
73,2023-07-06 15:00:00,2414.0,6623.4604
74,2023-07-06 15:15:00,3637.0,7382.8506
75,2023-07-06 15:30:00,6798.0,6399.708
76,2023-07-06 15:45:00,6303.0,6296.366
77,2023-07-06 16:00:00,8949.0,6898.9995
78,2023-07-06 16:15:00,10456.0,7792.711
79,2023-07-06 16:30:00,8184.0,7138.076
80,2023-07-06 16:45:00,6667.999999999999,6232.7935
81,2023-07-06 17:00:00,5994.0,4740.268
82,2023-07-06 17:15:00,3703.0,3453.4736
83,2023-07-06 17:30:00,1317.0,2157.0327
84,2023-07-06 17:45:00,1051.0,1454.0616
85,2023-07-06 18:00:00,1414.0,931.14777
86,2023-07-06 18:15:00,1321.0,621.5205
87,2023-07-06 18:30:00,934.0000000000001,512.09
88,2023-07-06 18:45:00,770.0,465.87384
89,2023-07-06 19:00:00,0.0,463.4069
90,2023-07-06 19:15:00,0.0,422.409
91,2023-07-06 19:30:00,0.0,460.2724
92,2023-07-06 19:45:00,588.0,448.99908
93,2023-07-07 06:00:00,644.0,458.98032
94,2023-07-07 06:15:00,706.0000000000001,780.20715
95,2023-07-07 06:30:00,785.0,651.1266
96,2023-07-07 06:45:00,874.0,805.31226
97,2023-07-07 07:00:00,992.0,1001.4772
98,2023-07-07 07:15:00,1155.0,1245.9216
99,2023-07-07 07:30:00,1376.0,1647.892
100,2023-07-07 07:45:00,1853.9999999999998,2210.4546
101,2023-07-07 08:00:00,2462.0,3200.356
102,2023-07-07 08:15:00,4038.0,4560.928
103,2023-07-07 08:30:00,5757.0,6440.234
104,2023-07-07 08:45:00,7485.999999999999,7695.778
105,2023-07-07 09:00:00,10519.0,9012.856
106,2023-07-07 09:15:00,13165.0,10367.96
107,2023-07-07 09:30:00,14031.0,11156.95
108,2023-07-07 09:45:00,14544.0,12061.438
109,2023-07-07 10:00:00,14722.0,12999.343
110,2023-07-07 10:15:00,12781.999999999998,14073.389
111,2023-07-07 10:30:00,17084.0,15051.685
112,2023-07-07 10:45:00,15309.0,16187.059
113,2023-07-07 11:00:00,18380.0,16152.185
114,2023-07-07 11:15:00,18594.0,16855.812
115,2023-07-07 11:30:00,18805.0,16866.883
116,2023-07-07 11:45:00,18825.0,17067.812
117,2023-07-07 12:00:00,18804.0,17613.715
118,2023-07-07 12:15:00,18678.0,17677.883
119,2023-07-07 12:30:00,18422.0,17633.098
120,2023-07-07 12:45:00,18202.0,17703.389
121,2023-07-07 13:00:00,17947.0,17387.547
122,2023-07-07 13:15:00,17762.0,17231.574
123,2023-07-07 13:30:00,17324.0,16853.623
124,2023-07-07 13:45:00,16919.0,16576.805
125,2023-07-07 14:00:00,16400.0,16094.3
126,2023-07-07 14:15:00,15861.0,15859.46
127,2023-07-07 14:30:00,15275.000000000002,15232.856
128,2023-07-07 14:45:00,14669.0,14917.654
129,2023-07-07 15:00:00,13837.0,14387.111
130,2023-07-07 15:15:00,13178.0,13899.971
131,2023-07-07 15:30:00,12350.0,13243.753
132,2023-07-07 15:45:00,11540.0,12802.613
133,2023-07-07 16:00:00,10674.0,11968.891
134,2023-07-07 16:15:00,9708.0,11206.306
135,2023-07-07 16:30:00,8630.0,10381.969
136,2023-07-07 16:45:00,7575.0,9222.776
137,2023-07-07 17:00:00,6503.999999999999,7974.614
138,2023-07-07 17:15:00,5477.0,6410.5664
139,2023-07-07 17:30:00,4458.0,4601.96
140,2023-07-07 17:45:00,3485.0,2937.8096
141,2023-07-07 18:00:00,2546.0,1684.138
142,2023-07-07 18:15:00,1773.9999999999998,917.4053
143,2023-07-07 18:30:00,1052.0,592.6052
144,2023-07-07 18:45:00,548.0,447.88022
145,2023-07-07 19:00:00,0.0,416.2714
146,2023-07-07 19:15:00,0.0,424.7349
147,2023-07-07 19:30:00,0.0,567.7991
148,2023-07-07 19:45:00,1418.0,561.5889
149,2023-07-08 06:00:00,1066.0,635.2428
150,2023-07-08 06:15:00,1006.0000000000001,1200.1547
151,2023-07-08 06:30:00,1144.0,1491.1622
152,2023-07-08 06:45:00,1228.0,1906.4688
153,2023-07-08 07:00:00,1481.0,2082.7341
154,2023-07-08 07:15:00,2836.0,2174.9993
155,2023-07-08 07:30:00,3288.0,2107.2107
156,2023-07-08 07:45:00,3298.9999999999995,2011.5238
157,2023-07-08 08:00:00,3674.0,2493.1846
158,2023-07-08 08:15:00,4756.0,3052.0332
159,2023-07-08 08:30:00,5920.000000000001,6127.028
160,2023-07-08 08:45:00,7372.999999999999,8651.892
161,2023-07-08 09:00:00,10234.0,11265.014
162,2023-07-08 09:15:00,12437.0,13329.317
163,2023-07-08 09:30:00,13201.0,14569.823
164,2023-07-08 09:45:00,13719.0,15232.636
165,2023-07-08 10:00:00,14643.999999999998,16214.116
166,2023-07-08 10:15:00,15398.0,16520.57
167,2023-07-08 10:30:00,15992.0,16888.326
168,2023-07-08 10:45:00,16571.0,17046.65
169,2023-07-08 11:00:00,17098.0,17227.08
170,2023-07-08 11:15:00,17466.0,17079.895
171,2023-07-08 11:30:00,17724.0,17141.031
172,2023-07-08 11:45:00,17686.0,17134.72
173,2023-07-08 12:00:00,17748.0,16983.23
174,2023-07-08 12:15:00,17684.0,16898.49
175,2023-07-08 12:30:00,17561.0,16782.812
176,2023-07-08 12:45:00,17402.0,16494.451
177,2023-07-08 13:00:00,17035.0,16255.219
178,2023-07-08 13:15:00,16778.0,15969.984
179,2023-07-08 13:30:00,16488.0,15394.343
180,2023-07-08 13:45:00,16055.0,15154.408
181,2023-07-08 14:00:00,15449.0,14718.756
182,2023-07-08 14:15:00,15022.999999999998,14420.2295
183,2023-07-08 14:30:00,14454.0,13775.76
184,2023-07-08 14:45:00,13755.0,13140.026
185,2023-07-08 15:00:00,13201.0,12325.743
186,2023-07-08 15:15:00,12382.0,11408.208
187,2023-07-08 15:30:00,11686.999999999998,10272.791
188,2023-07-08 15:45:00,10784.0,9214.378
189,2023-07-08 16:00:00,7185.0,7955.7407
190,2023-07-08 16:15:00,6172.999999999999,6645.091
191,2023-07-08 16:30:00,7029.0,5780.114
192,2023-07-08 16:45:00,5045.0,4853.545
193,2023-07-08 17:00:00,4123.0,3851.1704
194,2023-07-08 17:15:00,1826.0,2457.2734
195,2023-07-08 17:30:00,1864.0000000000002,1153.2249
196,2023-07-08 17:45:00,1806.0,875.94293
197,2023-07-08 18:00:00,1671.0000000000002,734.85187
198,2023-07-08 18:15:00,1648.0,692.734
199,2023-07-08 18:30:00,938.0,662.54333
200,2023-07-08 18:45:00,0.0,529.84424
201,2023-07-08 19:00:00,0.0,356.53516
202,2023-07-08 19:15:00,0.0,455.21698
203,2023-07-08 19:30:00,0.0,462.5055
204,2023-07-08 19:45:00,1274.0,522.5488
205,2023-07-09 06:00:00,1312.0,562.02325
206,2023-07-09 06:15:00,1445.0000000000002,1025.5259
207,2023-07-09 06:30:00,1604.0,1250.7719
208,2023-07-09 06:45:00,2088.0,1513.7502
209,2023-07-09 07:00:00,2292.0,1781.2332
210,2023-07-09 07:15:00,2488.0,1958.0746
211,2023-07-09 07:30:00,2662.0,2247.2312
212,2023-07-09 07:45:00,3152.0,2837.3906
213,2023-07-09 08:00:00,3806.0000000000005,3632.767
214,2023-07-09 08:15:00,5059.0,4800.508
215,2023-07-09 08:30:00,6148.0,6202.2085
216,2023-07-09 08:45:00,7578.0,7846.172
217,2023-07-09 09:00:00,9964.0,9520.029
218,2023-07-09 09:15:00,11485.0,11046.175
219,2023-07-09 09:30:00,12285.0,12155.052
220,2023-07-09 09:45:00,12854.0,13286.641
221,2023-07-09 10:00:00,13456.999999999998,14281.994
222,2023-07-09 10:15:00,14057.0,15162.063
223,2023-07-09 10:30:00,14706.0,15746.182
224,2023-07-09 10:45:00,15243.000000000002,16322.194
225,2023-07-09 11:00:00,15621.0,16633.008
226,2023-07-09 11:15:00,16217.000000000002,16898.188
227,2023-07-09 11:30:00,16670.0,16900.604
228,2023-07-09 11:45:00,16766.0,16989.959
229,2023-07-09 12:00:00,16440.0,16825.941
230,2023-07-09 12:15:00,15341.0,16569.79
231,2023-07-09 12:30:00,15773.0,16222.029
232,2023-07-09 12:45:00,11576.000000000002,14976.408
233,2023-07-09 13:00:00,9263.0,12920.738
234,2023-07-09 13:15:00,10481.0,10982.8
235,2023-07-09 13:30:00,9274.0,9361.862
236,2023-07-09 13:45:00,7742.0,8063.5376
237,2023-07-09 14:00:00,7334.0,7351.2285
238,2023-07-09 14:15:00,6596.0,6796.0166
239,2023-07-09 14:30:00,4277.0,4730.8613
240,2023-07-09 14:45:00,1694.0,3610.2803
241,2023-07-09 15:00:00,0.0,2387.512
242,2023-07-09 15:15:00,0.0,1235.6702
243,2023-07-09 15:30:00,0.0,762.75415
244,2023-07-09 15:45:00,0.0,430.06604
245,2023-07-09 16:00:00,0.0,399.6718
246,2023-07-09 16:15:00,0.0,366.50104
247,2023-07-09 16:30:00,0.0,398.34082
248,2023-07-09 16:45:00,0.0,435.92184
249,2023-07-09 17:00:00,0.0,477.98227
250,2023-07-09 17:15:00,0.0,521.561
251,2023-07-09 17:30:00,0.0,560.6393
252,2023-07-09 17:45:00,0.0,591.4771
253,2023-07-09 18:00:00,1105.0,601.3078
254,2023-07-09 18:15:00,1902.0,590.1857
255,2023-07-09 18:30:00,1275.0,510.69324
256,2023-07-09 18:45:00,531.0,421.67072
257,2023-07-09 19:00:00,0.0,275.20895
258,2023-07-09 19:15:00,0.0,209.91399
259,2023-07-09 19:30:00,0.0,422.87643
260,2023-07-09 19:45:00,1851.0,449.8213
261,2023-07-10 06:00:00,2037.0,532.92
262,2023-07-10 06:15:00,2733.0,1422.8591
263,2023-07-10 06:30:00,3014.0,2019.8127
264,2023-07-10 06:45:00,2885.0,2282.2517
265,2023-07-10 07:00:00,2305.0,2447.9119
266,2023-07-10 07:15:00,2498.0,2537.7888
267,2023-07-10 07:30:00,3274.0,2667.9817
268,2023-07-10 07:45:00,2238.0,2936.5273
269,2023-07-10 08:00:00,2477.0,3600.8635
270,2023-07-10 08:15:00,4009.0,5187.3594
271,2023-07-10 08:30:00,5734.0,7259.1084
272,2023-07-10 08:45:00,7504.0,8355.645
273,2023-07-10 09:00:00,10750.0,10129.946
274,2023-07-10 09:15:00,13264.0,11688.712
275,2023-07-10 09:30:00,13798.000000000002,12713.535
276,2023-07-10 09:45:00,14671.0,13653.468
277,2023-07-10 10:00:00,14619.000000000002,14980.846
278,2023-07-10 10:15:00,15458.0,15755.565
279,2023-07-10 10:30:00,16667.0,16597.225
280,2023-07-10 10:45:00,17010.0,17216.59
281,2023-07-10 11:00:00,18547.0,17418.557
282,2023-07-10 11:15:00,20223.0,17440.33
283,2023-07-10 11:30:00,17490.0,16879.592
284,2023-07-10 11:45:00,10377.0,15278.18
285,2023-07-10 12:00:00,12567.0,13338.434
286,2023-07-10 12:15:00,13137.0,13316.949
287,2023-07-10 12:30:00,9161.0,12089.733
288,2023-07-10 12:45:00,15197.999999999998,11994.435
289,2023-07-10 13:00:00,4155.0,14320.306
290,2023-07-10 13:15:00,10357.0,7483.2354
291,2023-07-10 13:30:00,14438.0,9518.994
292,2023-07-10 13:45:00,9674.0,13141.783
293,2023-07-10 14:00:00,6439.000000000001,8818.941
294,2023-07-10 14:15:00,9207.0,11530.134
295,2023-07-10 14:30:00,11505.0,10856.842
296,2023-07-10 14:45:00,3699.9999999999995,7232.421
297,2023-07-10 15:00:00,14925.0,8461.792
298,2023-07-10 15:15:00,6234.0,12373.158
299,2023-07-10 15:30:00,11379.0,10722.866
300,2023-07-10 15:45:00,11031.0,6312.668
301,2023-07-10 16:00:00,6116.0,8592.743
302,2023-07-10 16:15:00,3867.9999999999995,4590.742
303,2023-07-10 16:30:00,5235.0,5757.5635
304,2023-07-10 16:45:00,7028.0,5214.3965
305,2023-07-10 17:00:00,6567.0,3982.4949
306,2023-07-10 17:15:00,5390.0,3109.7534
307,2023-07-10 17:30:00,4185.0,2527.1223
308,2023-07-10 17:45:00,3383.0,1943.9442
309,2023-07-10 18:00:00,2524.0,1509.8854
310,2023-07-10 18:15:00,2116.0,1129.3757
311,2023-07-10 18:30:00,1347.0,804.391
312,2023-07-10 18:45:00,0.0,590.0764
313,2023-07-10 19:00:00,0.0,445.2268
314,2023-07-10 19:15:00,0.0,463.67874
315,2023-07-10 19:30:00,0.0,460.575
316,2023-07-10 19:45:00,607.0,473.81354
317,2023-07-11 06:00:00,611.0,475.70428
318,2023-07-11 06:15:00,617.0,665.9625
319,2023-07-11 06:30:00,675.0,560.54517
320,2023-07-11 06:45:00,743.0000000000001,475.04626
321,2023-07-11 07:00:00,835.0,554.50055
322,2023-07-11 07:15:00,973.0,573.19495
323,2023-07-11 07:30:00,1158.0,744.04376
324,2023-07-11 07:45:00,1545.9999999999998,1074.7999
325,2023-07-11 08:00:00,2095.0,1865.8716
326,2023-07-11 08:15:00,3546.0,3181.8594
327,2023-07-11 08:30:00,5412.0,5427.077
328,2023-07-11 08:45:00,7514.0,7680.271
329,2023-07-11 09:00:00,10644.0,9833.6455
330,2023-07-11 09:15:00,12961.0,11796.547
331,2023-07-11 09:30:00,13787.999999999998,13006.86
332,2023-07-11 09:45:00,14624.0,13801.053
333,2023-07-11 10:00:00,12896.0,14258.843
334,2023-07-11 10:15:00,13044.0,13666.983
335,2023-07-11 10:30:00,11960.0,13283.786
336,2023-07-11 10:45:00,9425.0,12462.68
337,2023-07-11 11:00:00,13380.0,12583.84
338,2023-07-11 11:15:00,15097.0,13476.612
339,2023-07-11 11:30:00,15672.0,14336.219
340,2023-07-11 11:45:00,14386.0,13920.363
341,2023-07-11 12:00:00,15550.0,13954.452
342,2023-07-11 12:15:00,14580.0,14185.096
343,2023-07-11 12:30:00,14653.0,14035.575
344,2023-07-11 12:45:00,11514.999999999998,14047.343
345,2023-07-11 13:00:00,13942.0,11707.461
346,2023-07-11 13:15:00,15550.0,14285.893
347,2023-07-11 13:30:00,15765.000000000002,15781.942
348,2023-07-11 13:45:00,15439.0,14651.7
349,2023-07-11 14:00:00,9749.0,13811.88
350,2023-07-11 14:15:00,12033.999999999998,10729.535
351,2023-07-11 14:30:00,10094.0,10408.421
352,2023-07-11 14:45:00,6955.999999999999,9799.85
353,2023-07-11 15:00:00,6760.0,8114.084
354,2023-07-11 15:15:00,9521.0,9142.157
355,2023-07-11 15:30:00,7254.0,7646.878
356,2023-07-11 15:45:00,9132.0,7319.126
357,2023-07-11 16:00:00,9318.0,7059.36
358,2023-07-11 16:15:00,4356.0,5802.615
359,2023-07-11 16:30:00,5052.0,4073.564
360,2023-07-11 16:45:00,4250.0,2870.6902
361,2023-07-11 17:00:00,3271.0,2436.2197
362,2023-07-11 17:15:00,2160.0,1891.8527
363,2023-07-11 17:30:00,2450.0,1548.1533
364,2023-07-11 17:45:00,1584.0,1158.2269
365,2023-07-11 18:00:00,813.9999999999999,836.69946
366,2023-07-11 18:15:00,1567.0,671.4824
367,2023-07-11 18:30:00,865.0,596.69415
368,2023-07-11 18:45:00,0.0,489.49216
369,2023-07-11 19:00:00,0.0,358.67053
370,2023-07-11 19:15:00,0.0,433.84335
371,2023-07-11 19:30:00,0.0,449.27383
372,2023-07-11 19:45:00,1922.0,503.1488
373,2023-07-12 06:00:00,2208.0,550.2387
374,2023-07-12 06:15:00,1283.0,1417.8048
375,2023-07-12 06:30:00,2257.0,1998.5347
376,2023-07-12 06:45:00,3150.0,2013.281
377,2023-07-12 07:00:00,3492.0,2199.8074
378,2023-07-12 07:15:00,2679.0,2549.5127
379,2023-07-12 07:30:00,3483.0,3481.7444
380,2023-07-12 07:45:00,5513.0,4145.1875
381,2023-07-12 08:00:00,3562.0,4486.7017
382,2023-07-12 08:15:00,4015.9999999999995,4455.778
383,2023-07-12 08:30:00,7297.0,5010.8906
384,2023-07-12 08:45:00,8103.0,7536.1924
385,2023-07-12 09:00:00,12152.000000000002,10857.005
386,2023-07-12 09:15:00,8146.0,13647.748
387,2023-07-12 09:30:00,10331.0,9630.441
388,2023-07-12 09:45:00,8187.999999999999,8187.1997
389,2023-07-12 10:00:00,11734.0,12228.903
390,2023-07-12 10:15:00,12235.000000000002,10415.181
391,2023-07-12 10:30:00,7934.0,7743.344
392,2023-07-12 10:45:00,17364.0,12270.916
393,2023-07-12 11:00:00,18665.0,15890.483
394,2023-07-12 11:15:00,17675.0,18589.469
395,2023-07-12 11:30:00,18070.0,17547.553
396,2023-07-12 11:45:00,9655.0,16945.244
397,2023-07-12 12:00:00,18147.0,12516.492
398,2023-07-12 12:15:00,13918.0,18441.955
399,2023-07-12 12:30:00,18784.0,16182.261
400,2023-07-12 12:45:00,14798.0,13012.592
401,2023-07-12 13:00:00,17009.0,17497.176
402,2023-07-12 13:15:00,10039.0,14918.253
403,2023-07-12 13:30:00,16420.0,10919.573
404,2023-07-12 13:45:00,9868.0,15056.783
405,2023-07-12 14:00:00,13467.000000000002,15744.187
406,2023-07-12 14:15:00,5555.0,7304.093
407,2023-07-12 14:30:00,12998.0,9043.626
408,2023-07-12 14:45:00,14939.999999999998,11557.643
409,2023-07-12 15:00:00,7974.0,11873.153
410,2023-07-12 15:15:00,5916.0,8025.43
411,2023-07-12 15:30:00,7815.0,9232.129
412,2023-07-12 15:45:00,6293.999999999999,7768.1543
413,2023-07-12 16:00:00,2865.9999999999995,5475.935
414,2023-07-12 16:15:00,3888.0000000000005,4172.6167
415,2023-07-12 16:30:00,3129.0,4348.601
416,2023-07-12 16:45:00,2129.0,3056.2341
417,2023-07-12 17:00:00,4151.0,2733.7703
418,2023-07-12 17:15:00,4834.0,2565.3826
419,2023-07-12 17:30:00,3383.0,2147.7395
420,2023-07-12 17:45:00,2267.0,1864.0173
421,2023-07-12 18:00:00,2137.0,1558.7042
422,2023-07-12 18:15:00,1582.0,1098.7659
423,2023-07-12 18:30:00,1324.0,782.172
424,2023-07-12 18:45:00,996.0,583.14667
425,2023-07-12 19:00:00,0.0,455.2398
426,2023-07-12 19:15:00,0.0,332.0987
427,2023-07-12 19:30:00,0.0,451.05023
428,2023-07-12 19:45:00,746.0,459.50333
429,2023-07-13 06:00:00,955.0,524.3023
430,2023-07-13 06:15:00,1521.0000000000002,1042.4304
431,2023-07-13 06:30:00,2019.0,1316.5891
432,2023-07-13 06:45:00,2565.0,1658.0902
433,2023-07-13 07:00:00,2949.0,2152.1704
434,2023-07-13 07:15:00,3732.0000000000005,2753.9722
435,2023-07-13 07:30:00,4873.0,3404.878
436,2023-07-13 07:45:00,4281.0,4308.3823
437,2023-07-13 08:00:00,3646.0000000000005,5047.899
438,2023-07-13 08:15:00,5187.0,6054.967
439,2023-07-13 08:30:00,7886.999999999999,6633.563
440,2023-07-13 08:45:00,6310.000000000001,6849.631
441,2023-07-13 09:00:00,6058.0,7870.44
442,2023-07-13 09:15:00,11265.0,9925.209
443,2023-07-13 09:30:00,7886.999999999999,11219.772
444,2023-07-13 09:45:00,10570.0,10101.159
445,2023-07-13 10:00:00,9962.0,9694.722
446,2023-07-13 10:15:00,14655.0,13231.005
447,2023-07-13 10:30:00,14860.0,12808.971
448,2023-07-13 10:45:00,6412.0,10379.898
449,2023-07-13 11:00:00,4239.0,11967.817
450,2023-07-13 11:15:00,10887.0,13005.59
451,2023-07-13 11:30:00,20339.0,13141.245
452,2023-07-13 11:45:00,12248.0,12353.47
453,2023-07-13 12:00:00,1555.0,8892.637
454,2023-07-13 12:15:00,9514.0,7536.9004
455,2023-07-13 12:30:00,10977.0,10114.176
456,2023-07-13 12:45:00,13598.0,9849.8125
457,2023-07-13 13:00:00,8841.0,9875.873
458,2023-07-13 13:15:00,15832.000000000002,12172.787
459,2023-07-13 13:30:00,3563.0,11808.427
460,2023-07-13 13:45:00,1438.9999999999998,6636.906
461,2023-07-13 14:00:00,3084.0,7107.1206
462,2023-07-13 14:15:00,11744.0,9454.401
463,2023-07-13 14:30:00,15597.0,7893.121
464,2023-07-13 14:45:00,14575.0,7500.3555
465,2023-07-13 15:00:00,14109.0,7279.3
466,2023-07-13 15:15:00,3557.0,8078.948
467,2023-07-13 15:30:00,4914.0,8418.5625
468,2023-07-13 15:45:00,12687.000000000002,8841.339
469,2023-07-13 16:00:00,8639.0,7488.662
470,2023-07-13 16:15:00,5271.0,4425.921
471,2023-07-13 16:30:00,1995.0,3412.284
472,2023-07-13 16:45:00,3315.0000000000005,3402.1187
473,2023-07-13 17:00:00,2232.0,2421.9602
474,2023-07-13 17:15:00,1498.0,1747.1484
475,2023-07-13 17:30:00,1606.0,1303.4928
476,2023-07-13 17:45:00,1687.0,1083.5244
477,2023-07-13 18:00:00,1240.0,900.15344
478,2023-07-13 18:15:00,1638.0000000000002,818.86237
479,2023-07-13 18:30:00,1197.0,694.56244
480,2023-07-13 18:45:00,732.0,600.37885
481,2023-07-13 19:00:00,0.0,502.92447
482,2023-07-13 19:15:00,0.0,434.5526
483,2023-07-13 19:30:00,0.0,449.88394
484,2023-07-13 19:45:00,995.0,474.39008
485,2023-07-14 06:00:00,1247.0,499.738
486,2023-07-14 06:15:00,1148.0,939.7115
487,2023-07-14 06:30:00,1377.0,1090.5135
488,2023-07-14 06:45:00,2272.0,1436.5251
489,2023-07-14 07:00:00,3964.0,2037.8186
490,2023-07-14 07:15:00,4253.0,2832.529
491,2023-07-14 07:30:00,5069.0,3827.1396
492,2023-07-14 07:45:00,5229.0,4755.042
493,2023-07-14 08:00:00,4837.0,5615.2236
494,2023-07-14 08:15:00,5376.0,6040.7896
495,2023-07-14 08:30:00,5297.0,5725.32
496,2023-07-14 08:45:00,5235.0,5929.048
497,2023-07-14 09:00:00,7301.0,7676.5186
498,2023-07-14 09:15:00,10286.0,9030.724
499,2023-07-14 09:30:00,10149.0,10726.838
500,2023-07-14 09:45:00,10323.0,10700.429
501,2023-07-14 10:00:00,9635.0,9912.795
502,2023-07-14 10:15:00,10091.0,10695.2295
503,2023-07-14 10:30:00,7281.000000000001,10961.29
504,2023-07-14 10:45:00,9125.0,7840.8984
505,2023-07-14 11:00:00,11288.0,10118.22
506,2023-07-14 11:15:00,8519.0,11358.93
507,2023-07-14 11:30:00,9500.0,9018.151
508,2023-07-14 11:45:00,8203.0,8913.996
509,2023-07-14 12:00:00,6210.0,7516.315
510,2023-07-14 12:15:00,8774.0,7111.6284
511,2023-07-14 12:30:00,7616.0,8325.254
512,2023-07-14 12:45:00,12335.0,10355.261
513,2023-07-14 13:00:00,4557.0,10641.849
514,2023-07-14 13:15:00,9464.0,7121.3794
515,2023-07-14 13:30:00,12379.0,9292.876
516,2023-07-14 13:45:00,14892.0,11602.356
517,2023-07-14 14:00:00,12434.999999999998,9745.965
518,2023-07-14 14:15:00,10507.0,11517.607
519,2023-07-14 14:30:00,10272.0,11624.262
520,2023-07-14 14:45:00,13725.0,12287.138
521,2023-07-14 15:00:00,12536.999999999998,11317.948
522,2023-07-14 15:15:00,8010.0,9373.223
523,2023-07-14 15:30:00,8049.0,7579.059
524,2023-07-14 15:45:00,3990.0,6524.887
525,2023-07-14 16:00:00,3976.9999999999995,4735.988
526,2023-07-14 16:15:00,4491.0,4395.929
527,2023-07-14 16:30:00,2260.0,3748.27
528,2023-07-14 16:45:00,1612.0,2578.0593
529,2023-07-14 17:00:00,1028.0,1911.4436
530,2023-07-14 17:15:00,1370.0,1227.981
531,2023-07-14 17:30:00,1104.0,782.1019
532,2023-07-14 17:45:00,738.9999999999999,516.9272
533,2023-07-14 18:00:00,0.0,382.429
534,2023-07-14 18:15:00,0.0,314.71356
535,2023-07-14 18:30:00,0.0,427.52274
536,2023-07-14 18:45:00,0.0,429.6722
537,2023-07-14 19:00:00,0.0,457.0418
538,2023-07-14 19:15:00,0.0,467.0033
539,2023-07-14 19:30:00,0.0,474.51874
540,2023-07-14 19:45:00,719.0,486.63623
541,2023-07-15 06:00:00,825.0,504.56046
542,2023-07-15 06:15:00,975.0,890.5644
543,2023-07-15 06:30:00,1336.0,1068.9608
544,2023-07-15 06:45:00,1217.0,1151.9948
545,2023-07-15 07:00:00,937.0,1340.7537
546,2023-07-15 07:15:00,1132.0,1630.2803
547,2023-07-15 07:30:00,2746.0,2123.4258
548,2023-07-15 07:45:00,2936.0,2894.8982
549,2023-07-15 08:00:00,4772.0,3977.307
550,2023-07-15 08:15:00,5434.0,5401.5044
551,2023-07-15 08:30:00,7033.999999999999,6936.003
552,2023-07-15 08:45:00,6650.0,7067.16
553,2023-07-15 09:00:00,8964.0,7224.0693
554,2023-07-15 09:15:00,11108.000000000002,9334.578
555,2023-07-15 09:30:00,7141.0,9757.016
556,2023-07-15 09:45:00,5447.0,7743.036
557,2023-07-15 10:00:00,5591.0,6124.2754
558,2023-07-15 10:15:00,3686.0,5679.2783
559,2023-07-15 10:30:00,7343.000000000001,5131.1836
560,2023-07-15 10:45:00,7610.0,7785.6475
561,2023-07-15 11:00:00,8670.0,9251.961
562,2023-07-15 11:15:00,14430.999999999998,10919.313
563,2023-07-15 11:30:00,7797.0,11812.813
564,2023-07-15 11:45:00,8298.0,9651.23
565,2023-07-15 12:00:00,13316.0,9508.298
566,2023-07-15 12:15:00,5812.0,9780.472
567,2023-07-15 12:30:00,6398.999999999999,9480.297
568,2023-07-15 12:45:00,17516.0,12763.85
569,2023-07-15 13:00:00,9369.0,12774.178
570,2023-07-15 13:15:00,5708.0,10201.681
571,2023-07-15 13:30:00,10182.0,10331.127
572,2023-07-15 13:45:00,14616.000000000002,10794.298
573,2023-07-15 14:00:00,8090.0,9128.499
574,2023-07-15 14:15:00,6144.0,8581.532
575,2023-07-15 14:30:00,6510.0,9212.734
576,2023-07-15 14:45:00,9205.0,8704.863
577,2023-07-15 15:00:00,9905.0,6939.527
578,2023-07-15 15:15:00,5206.0,6906.9126
579,2023-07-15 15:30:00,4773.0,6355.761
580,2023-07-15 15:45:00,7651.0,6889.9897
581,2023-07-15 16:00:00,11081.0,8023.815
582,2023-07-15 16:15:00,9671.0,8532.867
583,2023-07-15 16:30:00,8438.0,7632.9966
584,2023-07-15 16:45:00,6650.0,6421.2817
585,2023-07-15 17:00:00,5506.0,5487.452
586,2023-07-15 17:15:00,1486.0000000000002,3246.4553
587,2023-07-15 17:30:00,0.0,1216.0032
588,2023-07-15 17:45:00,1929.9999999999998,809.9321
589,2023-07-15 18:00:00,983.0,597.1466
590,2023-07-15 18:15:00,689.0,707.5545
591,2023-07-15 18:30:00,0.0,942.27094
592,2023-07-15 18:45:00,0.0,268.68076
593,2023-07-15 19:00:00,0.0,371.05328
594,2023-07-15 19:15:00,0.0,423.02924
595,2023-07-15 19:30:00,0.0,469.56982
596,2023-07-15 19:45:00,559.0,493.17633
597,2023-07-16 06:00:00,606.0,509.93137
598,2023-07-16 06:15:00,683.0,916.34454
599,2023-07-16 06:30:00,776.9999999999999,1160.9482
600,2023-07-16 06:45:00,880.0,1277.8746
601,2023-07-16 07:00:00,1087.0,1437.0013
602,2023-07-16 07:15:00,2216.0,1591.1106
603,2023-07-16 07:30:00,2338.0,1713.4009
604,2023-07-16 07:45:00,2360.0,1985.8508
605,2023-07-16 08:00:00,2671.0,2975.806
606,2023-07-16 08:15:00,4531.0,4386.0835
607,2023-07-16 08:30:00,7254.0,6466.1606
608,2023-07-16 08:45:00,8462.0,8817.447
609,2023-07-16 09:00:00,7670.0,9282.841
610,2023-07-16 09:15:00,9175.0,9213.214
611,2023-07-16 09:30:00,5897.0,8828.827
612,2023-07-16 09:45:00,6062.0,9003.841
613,2023-07-16 10:00:00,15367.000000000002,12029.006
614,2023-07-16 10:15:00,7469.0,12258.415
615,2023-07-16 10:30:00,4875.0,10445.772
616,2023-07-16 10:45:00,6209.0,9902.724
617,2023-07-16 11:00:00,9556.0,12070.3125
618,2023-07-16 11:15:00,13526.0,10896.705
619,2023-07-16 11:30:00,8112.0,10066.08
620,2023-07-16 11:45:00,8548.0,9446.14
621,2023-07-16 12:00:00,8959.0,8382.234
622,2023-07-16 12:15:00,6920.999999999999,7043.9985
623,2023-07-16 12:30:00,5873.0,6282.4565
624,2023-07-16 12:45:00,5219.0,6226.1846
625,2023-07-16 13:00:00,4472.0,6000.4863
626,2023-07-16 13:15:00,7781.0,7330.7134
627,2023-07-16 13:30:00,8345.0,8779.871
628,2023-07-16 13:45:00,11028.0,10505.274
629,2023-07-16 14:00:00,11473.0,10104.855
630,2023-07-16 14:15:00,13229.0,11961.818
631,2023-07-16 14:30:00,14223.0,12643.312
632,2023-07-16 14:45:00,6817.0,9747.75
633,2023-07-16 15:00:00,8517.0,8644.433
634,2023-07-16 15:15:00,9175.0,7067.4033
635,2023-07-16 15:30:00,7851.999999999999,7822.3936
636,2023-07-16 15:45:00,5378.0,5923.9873
637,2023-07-16 16:00:00,6573.999999999999,6680.4517
638,2023-07-16 16:15:00,5757.0,5239.128
639,2023-07-16 16:30:00,2544.0,3463.914
640,2023-07-16 16:45:00,1419.0,2455.6047
641,2023-07-16 17:00:00,1456.0,2008.0759
642,2023-07-16 17:15:00,3106.0,1355.5616
643,2023-07-16 17:30:00,2281.0,1230.2014
644,2023-07-16 17:45:00,1459.0,1103.1248
645,2023-07-16 18:00:00,1463.0,960.9763
646,2023-07-16 18:15:00,1101.0,732.71
647,2023-07-16 18:30:00,0.0,457.68634
648,2023-07-16 18:45:00,0.0,333.33664
649,2023-07-16 19:00:00,0.0,419.7921
650,2023-07-16 19:15:00,0.0,436.02814
651,2023-07-16 19:30:00,0.0,481.0133
652,2023-07-16 19:45:00,644.0,505.17294
653,2023-07-17 06:00:00,734.0,523.9967
654,2023-07-17 06:15:00,857.0000000000001,970.1213
655,2023-07-17 06:30:00,1167.0,1170.3054
656,2023-07-17 06:45:00,1438.9999999999998,1247.0045
657,2023-07-17 07:00:00,2180.0,1575.656
658,2023-07-17 07:15:00,2066.0,1865.2488
659,2023-07-17 07:30:00,2914.0,2340.2876
660,2023-07-17 07:45:00,3871.0,3482.2502
661,2023-07-17 08:00:00,5955.000000000001,4623.7637
662,2023-07-17 08:15:00,5424.0,5683.819
663,2023-07-17 08:30:00,5379.0,6196.531
664,2023-07-17 08:45:00,4914.0,6456.4404
665,2023-07-17 09:00:00,6395.0,7930.6377
666,2023-07-17 09:15:00,9556.0,10207.048
667,2023-07-17 09:30:00,14022.0,12226.315
668,2023-07-17 09:45:00,15570.0,13747.78
669,2023-07-17 10:00:00,15770.0,14941.381
670,2023-07-17 10:15:00,16932.0,15462.046
671,2023-07-17 10:30:00,9374.0,14684.373
672,2023-07-17 10:45:00,12837.0,12513.089
673,2023-07-17 11:00:00,11942.000000000002,12151.34
674,2023-07-17 11:15:00,11330.0,10080.709
675,2023-07-17 11:30:00,4240.0,8324.515
676,2023-07-17 11:45:00,0.0,9019.493
677,2023-07-17 12:00:00,1359.0,9883.135
678,2023-07-17 12:15:00,5593.0,10378.155
679,2023-07-17 12:30:00,18125.0,12988.213
680,2023-07-17 12:45:00,17388.0,8913.036
681,2023-07-17 13:00:00,15586.0,7850.1323
682,2023-07-17 13:15:00,8846.0,6606.1323
683,2023-07-17 13:30:00,3827.0,7353.635
684,2023-07-17 13:45:00,10241.0,7448.267
685,2023-07-17 14:00:00,3246.0,6531.116
686,2023-07-17 14:15:00,0.0,3759.4912
687,2023-07-17 14:30:00,0.0,3169.175
688,2023-07-17 14:45:00,1215.0,2868.8025
689,2023-07-17 15:00:00,1638.0000000000002,1816.7194
690,2023-07-17 15:15:00,1570.0,1308.1741
691,2023-07-17 15:30:00,2217.0,990.8978
692,2023-07-17 15:45:00,3146.0,872.185
693,2023-07-17 16:00:00,3898.0,1168.8138
694,2023-07-17 16:15:00,3236.0,1520.7385
695,2023-07-17 16:30:00,4679.0,2042.4924
696,2023-07-17 16:45:00,6528.000000000001,2433.0955
697,2023-07-17 17:00:00,6914.0,2613.8296
698,2023-07-17 17:15:00,5209.0,2844.266
699,2023-07-17 17:30:00,4177.0,3065.0454
700,2023-07-17 17:45:00,3313.0,2915.1257
701,2023-07-17 18:00:00,2468.0,2415.5955
702,2023-07-17 18:15:00,1609.0,1889.1318
703,2023-07-17 18:30:00,936.0,1418.9645
704,2023-07-17 18:45:00,508.0,929.1536
705,2023-07-17 19:00:00,0.0,570.55804
706,2023-07-17 19:15:00,0.0,371.3405
707,2023-07-17 19:30:00,0.0,404.64877
708,2023-07-17 19:45:00,663.0,408.14117
709,2023-07-18 06:00:00,736.9999999999999,455.47992
710,2023-07-18 06:15:00,816.0000000000001,550.37463
711,2023-07-18 06:30:00,889.9999999999999,455.8065
712,2023-07-18 06:45:00,1173.0,536.075
713,2023-07-18 07:00:00,1221.0,660.4118
714,2023-07-18 07:15:00,1216.0,913.53265
715,2023-07-18 07:30:00,1424.0,1373.9719
716,2023-07-18 07:45:00,1810.9999999999998,2112.3823
717,2023-07-18 08:00:00,2250.0,3172.5068
718,2023-07-18 08:15:00,3532.0,4733.0215
719,2023-07-18 08:30:00,5591.0,7284.466
720,2023-07-18 08:45:00,7979.0,9051.5205
721,2023-07-18 09:00:00,10764.0,10458.625
722,2023-07-18 09:15:00,12796.0,11557.782
723,2023-07-18 09:30:00,12407.0,12178.16
724,2023-07-18 09:45:00,12872.0,12930.361
725,2023-07-18 10:00:00,13225.000000000002,13741.714
726,2023-07-18 10:15:00,15842.0,14730.996
727,2023-07-18 10:30:00,16840.0,15517.206
728,2023-07-18 10:45:00,18193.0,16603.799
729,2023-07-18 11:00:00,17910.0,16588.602
730,2023-07-18 11:15:00,17521.0,17089.244
731,2023-07-18 11:30:00,18510.0,17531.232
732,2023-07-18 11:45:00,19172.0,17017.48
733,2023-07-18 12:00:00,12127.0,16567.012
734,2023-07-18 12:15:00,19411.0,16246.88
735,2023-07-18 12:30:00,18963.0,16516.842
736,2023-07-18 12:45:00,18812.0,15199.935
737,2023-07-18 13:00:00,18527.0,14461.188
738,2023-07-18 13:15:00,6766.0,14347.579
739,2023-07-18 13:30:00,13984.0,13469.712
740,2023-07-18 13:45:00,17451.0,14908.679
741,2023-07-18 14:00:00,16893.0,14466.026
742,2023-07-18 14:15:00,16023.000000000002,11977.932
743,2023-07-18 14:30:00,15228.0,12714.878
744,2023-07-18 14:45:00,14568.000000000002,11507.132
745,2023-07-18 15:00:00,13739.0,11755.902
746,2023-07-18 15:15:00,12943.0,11221.095
747,2023-07-18 15:30:00,11265.0,10729.4
748,2023-07-18 15:45:00,7814.000000000001,9557.473
749,2023-07-18 16:00:00,8802.0,8464.956
750,2023-07-18 16:15:00,4911.0,6959.844
751,2023-07-18 16:30:00,6616.999999999999,5221.908
752,2023-07-18 16:45:00,7095.999999999999,5046.1436
753,2023-07-18 17:00:00,5962.0,4302.1743
754,2023-07-18 17:15:00,4009.0,3130.6335
755,2023-07-18 17:30:00,2707.0,2265.8435
756,2023-07-18 17:45:00,1325.0,1459.7556
757,2023-07-18 18:00:00,1385.0,897.76215
758,2023-07-18 18:15:00,1022.0,562.3657
759,2023-07-18 18:30:00,0.0,428.32166
760,2023-07-18 18:45:00,0.0,386.703
761,2023-07-18 19:00:00,0.0,459.02618
762,2023-07-18 19:15:00,0.0,478.8567
763,2023-07-18 19:30:00,0.0,504.07556
764,2023-07-18 19:45:00,827.0,525.5487
765,2023-07-19 06:00:00,2186.0,553.96936
766,2023-07-19 06:15:00,1949.0,1044.487
767,2023-07-19 06:30:00,2381.0,1523.7872
768,2023-07-19 06:45:00,2346.0,1718.4954
769,2023-07-19 07:00:00,1892.0,1857.4482
770,2023-07-19 07:15:00,3242.0,1976.6062
771,2023-07-19 07:30:00,4320.0,2661.1724
772,2023-07-19 07:45:00,4282.0,3525.0774
773,2023-07-19 08:00:00,4802.0,4552.8516
774,2023-07-19 08:15:00,5743.0,5659.968
775,2023-07-19 08:30:00,7028.0,7199.5366
776,2023-07-19 08:45:00,8856.0,8674.247
777,2023-07-19 09:00:00,9497.0,9905.658
778,2023-07-19 09:15:00,11995.0,11292.985
779,2023-07-19 09:30:00,13833.000000000002,12607.121
780,2023-07-19 09:45:00,9561.0,12201.343
781,2023-07-19 10:00:00,8634.0,12093.139
782,2023-07-19 10:15:00,4883.0,11569.131
783,2023-07-19 10:30:00,5346.0,11135.956
784,2023-07-19 10:45:00,5634.999999999999,10716.219
785,2023-07-19 11:00:00,14575.0,10183.702
786,2023-07-19 11:15:00,12208.0,9093.756
787,2023-07-19 11:30:00,2336.0,7337.081
788,2023-07-19 11:45:00,4267.0,6712.881
789,2023-07-19 12:00:00,11358.0,7369.1934
790,2023-07-19 12:15:00,6822.0,5915.4854
791,2023-07-19 12:30:00,2213.0,4853.4707
792,2023-07-19 12:45:00,0.0,5237.7773
793,2023-07-19 13:00:00,9855.0,5888.393
794,2023-07-19 13:15:00,10850.0,5913.7266
795,2023-07-19 13:30:00,2460.0,6779.0938
796,2023-07-19 13:45:00,2592.0,5224.966
797,2023-07-19 14:00:00,3037.0,6601.6133
798,2023-07-19 14:15:00,4975.0,6053.898
799,2023-07-19 14:30:00,7331.0,5049.041
800,2023-07-19 14:45:00,3258.0,4312.73
801,2023-07-19 15:00:00,2739.0,3366.654
802,2023-07-19 15:15:00,2312.0,3123.8877
803,2023-07-19 15:30:00,3021.0,2433.1067
804,2023-07-19 15:45:00,2403.0,1905.5684
805,2023-07-19 16:00:00,1657.0,1472.9324
806,2023-07-19 16:15:00,1242.0,1200.0105
807,2023-07-19 16:30:00,2511.0,1143.1396
808,2023-07-19 16:45:00,2394.0,963.1046
809,2023-07-19 17:00:00,867.0,845.495
810,2023-07-19 17:15:00,1223.0,699.93756
811,2023-07-19 17:30:00,1277.0,563.4057
812,2023-07-19 17:45:00,831.0,446.67233
813,2023-07-19 18:00:00,0.0,335.75153
814,2023-07-19 18:15:00,0.0,312.17554
815,2023-07-19 18:30:00,0.0,410.2057
816,2023-07-19 18:45:00,0.0,414.38138
817,2023-07-19 19:00:00,0.0,450.25412
818,2023-07-19 19:15:00,0.0,467.53165
819,2023-07-19 19:30:00,0.0,485.25143
820,2023-07-19 19:45:00,545.0,502.3904
821,2023-07-20 06:00:00,566.0,517.8815
822,2023-07-20 06:15:00,654.0,908.4696
823,2023-07-20 06:30:00,764.0,1008.3722
824,2023-07-20 06:45:00,1368.0,1052.3937
825,2023-07-20 07:00:00,1725.0,1313.159
826,2023-07-20 07:15:00,1413.0,1497.3334
827,2023-07-20 07:30:00,2060.0,2060.827
828,2023-07-20 07:45:00,3098.0,2706.6924
829,2023-07-20 08:00:00,4396.0,3741.2217
830,2023-07-20 08:15:00,3944.0,4810.584
831,2023-07-20 08:30:00,8282.0,6046.1006
832,2023-07-20 08:45:00,7840.999999999999,8087.777
833,2023-07-20 09:00:00,11548.0,12460.273
834,2023-07-20 09:15:00,3494.0000000000005,11289.527
835,2023-07-20 09:30:00,14172.0,5868.8003
836,2023-07-20 09:45:00,8863.0,13144.745
837,2023-07-20 10:00:00,13803.999999999998,15186.939
838,2023-07-20 10:15:00,9184.0,9584.937
839,2023-07-20 10:30:00,13908.999999999998,12779.786
840,2023-07-20 10:45:00,18854.0,16547.25
841,2023-07-20 11:00:00,19338.0,15402.401
842,2023-07-20 11:15:00,15223.0,16939.006
843,2023-07-20 11:30:00,17947.0,18252.498
844,2023-07-20 11:45:00,19577.0,17563.93
845,2023-07-20 12:00:00,11669.0,16160.961
846,2023-07-20 12:15:00,17763.0,14506.665
847,2023-07-20 12:30:00,17933.0,16223.937
848,2023-07-20 12:45:00,17474.0,18190.344
849,2023-07-20 13:00:00,10543.0,14170.06
850,2023-07-20 13:15:00,8015.999999999999,10634.464
851,2023-07-20 13:30:00,8283.0,8635.751
852,2023-07-20 13:45:00,4798.0,7186.435
853,2023-07-20 14:00:00,6021.0,5270.505
854,2023-07-20 14:15:00,16571.0,12078.935
855,2023-07-20 14:30:00,4798.0,12839.477
856,2023-07-20 14:45:00,11955.0,7364.3247
857,2023-07-20 15:00:00,7423.999999999999,5378.484
858,2023-07-20 15:15:00,4359.0,7242.4736
859,2023-07-20 15:30:00,3430.0,5329.826
860,2023-07-20 15:45:00,6881.0,6290.3545
861,2023-07-20 16:00:00,8100.0,5007.8887
862,2023-07-20 16:15:00,4379.0,3745.7507
863,2023-07-20 16:30:00,7409.0,3941.5957
864,2023-07-20 16:45:00,3733.0,4409.646
865,2023-07-20 17:00:00,3839.0,3389.0676
866,2023-07-20 17:15:00,2049.0,1517.329
867,2023-07-20 17:30:00,946.0,874.3735
868,2023-07-20 17:45:00,0.0,423.86087
869,2023-07-20 18:00:00,0.0,261.46478
870,2023-07-20 18:15:00,0.0,382.41742
871,2023-07-20 18:30:00,0.0,415.0547
872,2023-07-20 18:45:00,0.0,459.94086
873,2023-07-20 19:00:00,0.0,472.34644
874,2023-07-20 19:15:00,0.0,476.81134
875,2023-07-20 19:30:00,0.0,476.7225
876,2023-07-20 19:45:00,1002.9999999999999,480.8411
877,2023-07-21 06:00:00,1291.0,498.48352
878,2023-07-21 06:15:00,1516.0,969.6277
879,2023-07-21 06:30:00,2287.0,1190.4683
880,2023-07-21 06:45:00,2263.0,1614.1577
881,2023-07-21 07:00:00,2417.0,2103.2092
882,2023-07-21 07:15:00,2066.0,2340.038
883,2023-07-21 07:30:00,2494.0,2418.5173
884,2023-07-21 07:45:00,3246.0,2723.6472
885,2023-07-21 08:00:00,3660.9999999999995,3776.275
886,2023-07-21 08:15:00,5691.0,4714.5
887,2023-07-21 08:30:00,7526.000000000001,6940.8955
888,2023-07-21 08:45:00,7376.0,8415.133
889,2023-07-21 09:00:00,10961.0,9973.248
890,2023-07-21 09:15:00,9730.0,11702.367
891,2023-07-21 09:30:00,7980.0,11215.122
892,2023-07-21 09:45:00,7358.0,10448.302
893,2023-07-21 10:00:00,8301.0,11170.109
894,2023-07-21 10:15:00,12291.0,11388.239
895,2023-07-21 10:30:00,11094.999999999998,12892.821
896,2023-07-21 10:45:00,13158.000000000002,13603.812
897,2023-07-21 11:00:00,16789.0,15001.374
898,2023-07-21 11:15:00,12196.0,14858.557
899,2023-07-21 11:30:00,16491.0,14742.669
900,2023-07-21 11:45:00,15165.0,16017.706
901,2023-07-21 12:00:00,17626.0,17397.145
902,2023-07-21 12:15:00,18542.0,16416.467
903,2023-07-21 12:30:00,17360.0,18081.723
904,2023-07-21 12:45:00,15931.0,18046.336
905,2023-07-21 13:00:00,14309.0,17223.363
906,2023-07-21 13:15:00,16449.0,16594.814
907,2023-07-21 13:30:00,4798.0,13730.913
908,2023-07-21 13:45:00,3050.0000000000005,8448.132
909,2023-07-21 14:00:00,3617.0,6057.926
910,2023-07-21 14:15:00,6285.999999999999,6319.935
911,2023-07-21 14:30:00,1549.9999999999998,2452.8745
912,2023-07-21 14:45:00,0.0,2480.9736
913,2023-07-21 15:00:00,0.0,1229.151
914,2023-07-21 15:15:00,0.0,885.92926
915,2023-07-21 15:30:00,0.0,449.24005
916,2023-07-21 15:45:00,2875.0,658.23413
917,2023-07-21 16:00:00,5996.0,845.71405
918,2023-07-21 16:15:00,8395.0,1815.5981
919,2023-07-21 16:30:00,1092.0,3044.563
920,2023-07-21 16:45:00,0.0,3399.2095
921,2023-07-21 17:00:00,2252.0,2636.122
922,2023-07-21 17:15:00,4847.0,1146.77
923,2023-07-21 17:30:00,4131.0,660.2818
924,2023-07-21 17:45:00,3134.0,770.2515
925,2023-07-21 18:00:00,1980.0,626.3267
926,2023-07-21 18:15:00,826.0,623.07495
927,2023-07-21 18:30:00,0.0,597.8481
928,2023-07-21 18:45:00,0.0,489.73154
929,2023-07-21 19:00:00,0.0,378.40518
930,2023-07-21 19:15:00,0.0,356.51343
931,2023-07-21 19:30:00,0.0,380.28
932,2023-07-21 19:45:00,1578.0,414.42502
933,2023-07-22 06:00:00,1644.0,472.13242
934,2023-07-22 06:15:00,1510.9999999999998,1230.8265
935,2023-07-22 06:30:00,2102.0,1808.5703
936,2023-07-22 06:45:00,3602.0,2078.535
937,2023-07-22 07:00:00,4279.0,2267.575
938,2023-07-22 07:15:00,3809.0,2544.4
939,2023-07-22 07:30:00,3770.0,3502.2615
940,2023-07-22 07:45:00,3889.0,4886.053
941,2023-07-22 08:00:00,4666.0,6074.8677
942,2023-07-22 08:15:00,6502.0,7223.585
943,2023-07-22 08:30:00,7458.999999999999,8156.384
944,2023-07-22 08:45:00,9505.0,8120.182
945,2023-07-22 09:00:00,6056.0,7790.0225
946,2023-07-22 09:15:00,7079.0,7073.7305
947,2023-07-22 09:30:00,6584.0,6862.431
948,2023-07-22 09:45:00,7012.000000000001,8137.699
949,2023-07-22 10:00:00,6799.0,8395.142
950,2023-07-22 10:15:00,8306.0,8232.265
951,2023-07-22 10:30:00,7399.999999999999,8666.81
952,2023-07-22 10:45:00,6480.0,7912.3345
953,2023-07-22 11:00:00,7251.0,8198.889
954,2023-07-22 11:15:00,10937.0,8799.306
955,2023-07-22 11:30:00,7729.0,9284.438
956,2023-07-22 11:45:00,7368.0,7230.95
957,2023-07-22 12:00:00,5930.0,4826.529
958,2023-07-22 12:15:00,5926.0,5639.7144
959,2023-07-22 12:30:00,2887.0,6189.2495
960,2023-07-22 12:45:00,0.0,3092.1155
961,2023-07-22 13:00:00,1986.0,2530.8845
962,2023-07-22 13:15:00,2886.0000000000005,2221.0645
963,2023-07-22 13:30:00,2762.0,2268.7217
964,2023-07-22 13:45:00,2477.0,1317.2405
965,2023-07-22 14:00:00,439.0,1701.8511
966,2023-07-22 14:15:00,0.0,1959.6045
967,2023-07-22 14:30:00,1522.0,2353.1978
968,2023-07-22 14:45:00,4202.0,2037.8811
969,2023-07-22 15:00:00,6403.0,2875.1716
970,2023-07-22 15:15:00,4232.0,2619.3174
971,2023-07-22 15:30:00,2969.0,2429.6506
972,2023-07-22 15:45:00,2664.0,2047.1414
973,2023-07-22 16:00:00,1983.0,1592.2445
974,2023-07-22 16:15:00,2177.0,1366.7164
975,2023-07-22 16:30:00,1260.0,1465.608
976,2023-07-22 16:45:00,0.0,960.2448
977,2023-07-22 17:00:00,0.0,541.94464
978,2023-07-22 17:15:00,0.0,389.24194
979,2023-07-22 17:30:00,0.0,301.88333
980,2023-07-22 17:45:00,0.0,280.57285
981,2023-07-22 18:00:00,0.0,297.54395
982,2023-07-22 18:15:00,0.0,321.09988
983,2023-07-22 18:30:00,0.0,344.40527
984,2023-07-22 18:45:00,0.0,363.33795
985,2023-07-22 19:00:00,0.0,380.42477
986,2023-07-22 19:15:00,0.0,402.1943
987,2023-07-22 19:30:00,0.0,430.9984
988,2023-07-22 19:45:00,1807.0,460.80432
989,2023-07-23 06:00:00,1933.9999999999998,499.9169
990,2023-07-23 06:15:00,2185.0,1393.8331
991,2023-07-23 06:30:00,2197.0,2050.1472
992,2023-07-23 06:45:00,2251.0,2134.1587
993,2023-07-23 07:00:00,2745.0,2222.6174
994,2023-07-23 07:15:00,3137.0,2259.872
995,2023-07-23 07:30:00,2014.0000000000002,2360.0857
996,2023-07-23 07:45:00,1773.9999999999998,2521.618
997,2023-07-23 08:00:00,3033.0,2790.8435
998,2023-07-23 08:15:00,3325.0,3006.4175
999,2023-07-23 08:30:00,2473.0,3185.8328
1000,2023-07-23 08:45:00,2248.0,2975.6882
1001,2023-07-23 09:00:00,2351.0,2580.4138
1002,2023-07-23 09:15:00,2120.0,2331.9639
1003,2023-07-23 09:30:00,2873.9999999999995,2602.7866
1004,2023-07-23 09:45:00,2057.0,3204.3262
1005,2023-07-23 10:00:00,2074.0,2614.68
1006,2023-07-23 10:15:00,2567.0,2388.6355
1007,2023-07-23 10:30:00,2620.0,3051.333
1008,2023-07-23 10:45:00,3133.0,3103.0212
1009,2023-07-23 11:00:00,2953.0,3350.2573
1010,2023-07-23 11:15:00,3654.0000000000005,3408.2898
1011,2023-07-23 11:30:00,3519.0,3280.5667
1012,2023-07-23 11:45:00,2955.9999999999995,2868.2522
1013,2023-07-23 12:00:00,2777.0000000000005,2815.4285
1014,2023-07-23 12:15:00,1726.0,2989.1592
1015,2023-07-23 12:30:00,2337.0,3214.4753
1016,2023-07-23 12:45:00,6186.0,3914.6853
1017,2023-07-23 13:00:00,4704.0,5002.471
1018,2023-07-23 13:15:00,6382.0,5291.2246
1019,2023-07-23 13:30:00,5048.0,4663.4814
1020,2023-07-23 13:45:00,6869.999999999999,5724.0894
1021,2023-07-23 14:00:00,8004.0,6792.8184
1022,2023-07-23 14:15:00,9050.0,6092.145
1023,2023-07-23 14:30:00,4938.0,6453.8257
1024,2023-07-23 14:45:00,5294.0,7350.7515
1025,2023-07-23 15:00:00,13484.0,9003.864
1026,2023-07-23 15:15:00,8316.0,11247.511
1027,2023-07-23 15:30:00,10338.0,9765.803
1028,2023-07-23 15:45:00,4830.0,5833.466
1029,2023-07-23 16:00:00,5451.0,4810.649
1030,2023-07-23 16:15:00,6466.000000000001,5536.059
1031,2023-07-23 16:30:00,3179.0,4218.8315
1032,2023-07-23 16:45:00,4647.0,2684.19
1033,2023-07-23 17:00:00,2611.0,2581.3574
1034,2023-07-23 17:15:00,2864.0,2204.499
1035,2023-07-23 17:30:00,1214.0,1533.201
1036,2023-07-23 17:45:00,0.0,747.1092
1037,2023-07-23 18:00:00,0.0,381.51727
1038,2023-07-23 18:15:00,0.0,319.3596
1039,2023-07-23 18:30:00,0.0,294.94873
1040,2023-07-23 18:45:00,0.0,373.29745
1041,2023-07-23 19:00:00,0.0,404.09622
1042,2023-07-23 19:15:00,0.0,425.6314
1043,2023-07-23 19:30:00,0.0,433.8408
1044,2023-07-23 19:45:00,0.0,432.57782
1045,2023-07-24 06:00:00,0.0,431.4757
1046,2023-07-24 06:15:00,0.0,615.6414
1047,2023-07-24 06:30:00,1404.0000000000002,620.5605
1048,2023-07-24 06:45:00,2488.0,721.00586
1049,2023-07-24 07:00:00,2783.0,1586.9994
1050,2023-07-24 07:15:00,3863.9999999999995,2979.592
1051,2023-07-24 07:30:00,3924.0,3677.146
1052,2023-07-24 07:45:00,3021.9999999999995,3570.8662
1053,2023-07-24 08:00:00,3142.0,3374.2083
1054,2023-07-24 08:15:00,4746.0,3848.357
1055,2023-07-24 08:30:00,7333.0,5357.4756
1056,2023-07-24 08:45:00,5606.0,7161.517
1057,2023-07-24 09:00:00,8920.0,7272.0835
1058,2023-07-24 09:15:00,6903.0,7547.1953
1059,2023-07-24 09:30:00,4454.0,7826.358
1060,2023-07-24 09:45:00,9298.0,10658.188
1061,2023-07-24 10:00:00,11885.0,12491.516
1062,2023-07-24 10:15:00,16611.0,13689.773
1063,2023-07-24 10:30:00,12891.0,12331.636
1064,2023-07-24 10:45:00,2651.0,8104.5566
1065,2023-07-24 11:00:00,4235.0,2331.7659
1066,2023-07-24 11:15:00,3333.0,2728.1865
1067,2023-07-24 11:30:00,5244.0,3713.3462
1068,2023-07-24 11:45:00,4202.0,6206.6694
1069,2023-07-24 12:00:00,3962.0000000000005,4134.9707
1070,2023-07-24 12:15:00,6022.000000000001,4273.817
1071,2023-07-24 12:30:00,6156.999999999999,7223.6265
1072,2023-07-24 12:45:00,8022.0,8557.263
1073,2023-07-24 13:00:00,6140.0,7950.0483
1074,2023-07-24 13:15:00,9205.0,7284.013
1075,2023-07-24 13:30:00,7310.0,8645.147
1076,2023-07-24 13:45:00,12112.0,10085.323
1077,2023-07-24 14:00:00,15595.999999999998,11462.899
1078,2023-07-24 14:15:00,14098.0,12303.408
1079,2023-07-24 14:30:00,7890.0,11246.1875
1080,2023-07-24 14:45:00,13403.000000000002,9955.39
1081,2023-07-24 15:00:00,5711.0,8983.122
1082,2023-07-24 15:15:00,0.0,5195.393
1083,2023-07-24 15:30:00,0.0,3494.572
1084,2023-07-24 15:45:00,4749.0,3456.315
1085,2023-07-24 16:00:00,6594.0,2601.7683
1086,2023-07-24 16:15:00,1881.0,2194.5862
1087,2023-07-24 16:30:00,1152.0,2072.535
1088,2023-07-24 16:45:00,2359.0,1714.7784
1089,2023-07-24 17:00:00,2828.0,1084.1232
1090,2023-07-24 17:15:00,1154.0,803.63464
1091,2023-07-24 17:30:00,4300.0,992.66327
1092,2023-07-24 17:45:00,2681.0,1444.2196
1093,2023-07-24 18:00:00,637.0,1400.9426
1094,2023-07-24 18:15:00,0.0,1114.3257
1095,2023-07-24 18:30:00,0.0,774.48834
1096,2023-07-24 18:45:00,0.0,406.98187
1097,2023-07-24 19:00:00,0.0,351.509
1098,2023-07-24 19:15:00,0.0,384.11853
1099,2023-07-24 19:30:00,0.0,405.6718
1100,2023-07-24 19:45:00,937.0,428.75034
1101,2023-07-25 06:00:00,1013.0,451.74435
1102,2023-07-25 06:15:00,990.0,764.2652
1103,2023-07-25 06:30:00,1447.0000000000002,1081.8232
1104,2023-07-25 06:45:00,3754.0,1649.3644
1105,2023-07-25 07:00:00,3675.0,2338.7805
1106,2023-07-25 07:15:00,2912.9999999999995,2799.917
1107,2023-07-25 07:30:00,3815.0,3291.023
1108,2023-07-25 07:45:00,4652.0,4104.1484
1109,2023-07-25 08:00:00,5898.0,4980.822
1110,2023-07-25 08:15:00,5434.0,5519.597
1111,2023-07-25 08:30:00,5236.0,6357.2812
1112,2023-07-25 08:45:00,5724.0,7553.1416
1113,2023-07-25 09:00:00,8205.0,7135.576
1114,2023-07-25 09:15:00,3441.0,6497.9634
1115,2023-07-25 09:30:00,10693.0,7384.798
1116,2023-07-25 09:45:00,12379.0,9811.166
1117,2023-07-25 10:00:00,13114.0,12122.294
1118,2023-07-25 10:15:00,11389.0,12511.131
1119,2023-07-25 10:30:00,14933.0,14666.463
1120,2023-07-25 10:45:00,12323.0,13516.051
1121,2023-07-25 11:00:00,8350.0,11831.073
1122,2023-07-25 11:15:00,15034.0,11462.114
1123,2023-07-25 11:30:00,12240.999999999998,14680.742
1124,2023-07-25 11:45:00,18127.0,15820.427
1125,2023-07-25 12:00:00,9979.0,14488.543
1126,2023-07-25 12:15:00,20938.0,13522.282
1127,2023-07-25 12:30:00,20136.0,18378.12
1128,2023-07-25 12:45:00,15884.0,17587.479
1129,2023-07-25 13:00:00,16522.0,15384.723
1130,2023-07-25 13:15:00,19108.0,20118.408
1131,2023-07-25 13:30:00,19224.0,17390.092
1132,2023-07-25 13:45:00,16114.999999999998,16924.93
1133,2023-07-25 14:00:00,16394.0,16863.947
1134,2023-07-25 14:15:00,7477.999999999999,14710.695
1135,2023-07-25 14:30:00,6876.0,9650.133
1136,2023-07-25 14:45:00,12770.0,11117.145
1137,2023-07-25 15:00:00,6888.0,11873.44
1138,2023-07-25 15:15:00,6998.0,8744.17
1139,2023-07-25 15:30:00,12284.0,9606.932
1140,2023-07-25 15:45:00,11608.000000000002,10483.35
1141,2023-07-25 16:00:00,10376.0,8872.731
1142,2023-07-25 16:15:00,10058.0,8860.043
1143,2023-07-25 16:30:00,9026.0,8132.549
1144,2023-07-25 16:45:00,5443.0,6139.691
1145,2023-07-25 17:00:00,6226.999999999999,5297.443
1146,2023-07-25 17:15:00,5263.0,4490.1445
1147,2023-07-25 17:30:00,4133.0,3918.6196
1148,2023-07-25 17:45:00,2859.0000000000005,2954.8054
1149,2023-07-25 18:00:00,1496.0,2333.2666
1150,2023-07-25 18:15:00,847.0,1556.6405
1151,2023-07-25 18:30:00,700.9999999999999,958.0454
1152,2023-07-25 18:45:00,0.0,575.0848
1153,2023-07-25 19:00:00,0.0,444.19513
1154,2023-07-25 19:15:00,0.0,445.3278
1155,2023-07-25 19:30:00,0.0,440.15564
1156,2023-07-25 19:45:00,708.0,482.09497
1157,2023-07-26 06:00:00,776.9999999999999,504.3613
1158,2023-07-26 06:15:00,794.0,943.5711
1159,2023-07-26 06:30:00,1579.0,1055.3213
1160,2023-07-26 06:45:00,2666.0,1229.5927
1161,2023-07-26 07:00:00,3239.0,1508.8054
1162,2023-07-26 07:15:00,4345.0,2119.0852
1163,2023-07-26 07:30:00,3827.0,3107.9973
1164,2023-07-26 07:45:00,1569.0,3076.7424
1165,2023-07-26 08:00:00,1972.0,2857.3994
1166,2023-07-26 08:15:00,3428.0000000000005,3278.0837
1167,2023-07-26 08:30:00,4697.0,3831.2046
1168,2023-07-26 08:45:00,4837.0,5180.988
1169,2023-07-26 09:00:00,12329.0,8641.91
1170,2023-07-26 09:15:00,10947.0,12419.662
1171,2023-07-26 09:30:00,13042.999999999998,13173.341
1172,2023-07-26 09:45:00,14164.000000000002,13671.858
1173,2023-07-26 10:00:00,13352.000000000002,14631.865
1174,2023-07-26 10:15:00,11406.999999999998,13453.727
1175,2023-07-26 10:30:00,14546.000000000002,13790.641
1176,2023-07-26 10:45:00,15886.000000000002,14520.783
1177,2023-07-26 11:00:00,13161.000000000002,15636.273
1178,2023-07-26 11:15:00,15636.0,16355.785
1179,2023-07-26 11:30:00,18699.0,16614.998
1180,2023-07-26 11:45:00,7118.0,14686.069
1181,2023-07-26 12:00:00,4274.0,12429.384
1182,2023-07-26 12:15:00,20489.0,11466.096
1183,2023-07-26 12:30:00,19759.0,18994.795
1184,2023-07-26 12:45:00,20330.0,21180.463
1185,2023-07-26 13:00:00,0.0,13979.372
1186,2023-07-26 13:15:00,535.0,-686.8076
1187,2023-07-26 13:30:00,1553.0,4657.5737
1188,2023-07-26 13:45:00,11285.999999999998,3385.6216
1189,2023-07-26 14:00:00,15538.0,1996.3136
1190,2023-07-26 14:15:00,9865.0,7455.5854
1191,2023-07-26 14:30:00,8640.0,7918.6157
1192,2023-07-26 14:45:00,4617.0,10595.651
1193,2023-07-26 15:00:00,5772.000000000001,9568.799
1194,2023-07-26 15:15:00,9303.0,7633.067
1195,2023-07-26 15:30:00,2721.0,4462.1504
1196,2023-07-26 15:45:00,4499.0,4940.091
1197,2023-07-26 16:00:00,10467.0,7841.269
1198,2023-07-26 16:15:00,9084.0,8561.973
1199,2023-07-26 16:30:00,5739.999999999999,6086.3677
1200,2023-07-26 16:45:00,7463.0,5059.367
1201,2023-07-26 17:00:00,6061.0,4255.885
1202,2023-07-26 17:15:00,4984.0,2858.02
1203,2023-07-26 17:30:00,3133.0,2238.55
1204,2023-07-26 17:45:00,2745.0,1719.5673
1205,2023-07-26 18:00:00,2088.0,1285.72
1206,2023-07-26 18:15:00,1920.0,908.0308
1207,2023-07-26 18:30:00,750.0,724.85925
1208,2023-07-26 18:45:00,0.0,559.6216
1209,2023-07-26 19:00:00,0.0,392.61838
1210,2023-07-26 19:15:00,0.0,376.4631
1211,2023-07-26 19:30:00,0.0,387.40265
1212,2023-07-26 19:45:00,0.0,417.55743
1213,2023-07-27 06:00:00,0.0,431.37036
1214,2023-07-27 06:15:00,0.0,536.6671
1215,2023-07-27 06:30:00,0.0,510.6802
1216,2023-07-27 06:45:00,0.0,524.232
1217,2023-07-27 07:00:00,0.0,554.99567
1218,2023-07-27 07:15:00,0.0,602.0067
1219,2023-07-27 07:30:00,885.0,681.69684
1220,2023-07-27 07:45:00,1869.0,823.1929
1221,2023-07-27 08:00:00,1857.9999999999998,1766.2545
1222,2023-07-27 08:15:00,2130.0,2211.9468
1223,2023-07-27 08:30:00,1920.0,2351.6494
1224,2023-07-27 08:45:00,2243.0,2560.4277
1225,2023-07-27 09:00:00,3052.9999999999995,2743.8918
1226,2023-07-27 09:15:00,2549.0,2844.0476
1227,2023-07-27 09:30:00,1947.0,2839.19
1228,2023-07-27 09:45:00,3461.0,3018.4963
1229,2023-07-27 10:00:00,2817.0,3269.1877
1230,2023-07-27 10:15:00,2358.0,3165.2864
1231,2023-07-27 10:30:00,2687.0,2953.6758
1232,2023-07-27 10:45:00,2166.0,2987.542
1233,2023-07-27 11:00:00,2318.0,2773.3335
1234,2023-07-27 11:15:00,1600.0,2735.9956
1235,2023-07-27 11:30:00,2447.0,2469.999
1236,2023-07-27 11:45:00,2955.0,2770.4885
1237,2023-07-27 12:00:00,2371.0,2915.8838
1238,2023-07-27 12:15:00,2317.0,2853.5723
1239,2023-07-27 12:30:00,3707.9999999999995,3039.338
1240,2023-07-27 12:45:00,3319.0000000000005,3474.6587
1241,2023-07-27 13:00:00,3358.0,3528.043
1242,2023-07-27 13:15:00,2759.0,3120.135
1243,2023-07-27 13:30:00,2344.0,2719.2087
1244,2023-07-27 13:45:00,2674.0,2792.739
1245,2023-07-27 14:00:00,2323.0,2624.2825
1246,2023-07-27 14:15:00,3027.0,2623.5466
1247,2023-07-27 14:30:00,2576.0,2629.9897
1248,2023-07-27 14:45:00,2662.0,2679.764
1249,2023-07-27 15:00:00,2194.0,2018.9073
1250,2023-07-27 15:15:00,1136.0,1650.5437
1251,2023-07-27 15:30:00,2146.0,1779.1198
1252,2023-07-27 15:45:00,3214.0,1754.4764
1253,2023-07-27 16:00:00,1886.0,1716.0178
1254,2023-07-27 16:15:00,1185.0,1644.4191
1255,2023-07-27 16:30:00,1085.0,1529.4073
1256,2023-07-27 16:45:00,2373.0,1430.1565
1257,2023-07-27 17:00:00,1098.0,1185.896
1258,2023-07-27 17:15:00,833.0,978.81854
1259,2023-07-27 17:30:00,625.0,785.52795
1260,2023-07-27 17:45:00,0.0,496.0111
1261,2023-07-27 18:00:00,0.0,272.5145
1262,2023-07-27 18:15:00,0.0,324.72977
1263,2023-07-27 18:30:00,0.0,286.8419
1264,2023-07-27 18:45:00,0.0,362.48178
1265,2023-07-27 19:00:00,0.0,393.29193
1266,2023-07-27 19:15:00,0.0,407.90616
1267,2023-07-27 19:30:00,0.0,420.27686
1268,2023-07-27 19:45:00,1250.0,432.16992
1269,2023-07-28 06:00:00,1051.0,445.89005
1270,2023-07-28 06:15:00,1133.0,929.74243
1271,2023-07-28 06:30:00,1635.0,1170.7638
1272,2023-07-28 06:45:00,2754.0,1120.1838
1273,2023-07-28 07:00:00,2968.0000000000005,1362.9089
1274,2023-07-28 07:15:00,2647.0,1516.1923
1275,2023-07-28 07:30:00,1699.0,1749.1322
1276,2023-07-28 07:45:00,2640.0,1967.9675
1277,2023-07-28 08:00:00,1648.0,2153.6003
1278,2023-07-28 08:15:00,1553.0,2163.4185
1279,2023-07-28 08:30:00,2081.0,2414.2676
1280,2023-07-28 08:45:00,2130.0,2760.7478
1281,2023-07-28 09:00:00,2082.0,2988.321
1282,2023-07-28 09:15:00,2429.0,3400.257
1283,2023-07-28 09:30:00,2032.0,3843.0305
1284,2023-07-28 09:45:00,3060.9999999999995,4203.335
1285,2023-07-28 10:00:00,3020.0,4545.003
1286,2023-07-28 10:15:00,1910.0,5064.247
1287,2023-07-28 10:30:00,2922.0,5894.7983
1288,2023-07-28 10:45:00,5445.0,7634.4717
1289,2023-07-28 11:00:00,10267.0,9334.678
1290,2023-07-28 11:15:00,11751.000000000002,10489.362
1291,2023-07-28 11:30:00,11129.999999999998,12078.413
1292,2023-07-28 11:45:00,14191.0,13616.714
1293,2023-07-28 12:00:00,19265.0,15695.595
1294,2023-07-28 12:15:00,19099.0,16818.518
1295,2023-07-28 12:30:00,18445.0,16577.645
1296,2023-07-28 12:45:00,18100.0,17175.932
1297,2023-07-28 13:00:00,17451.0,16275.958
1298,2023-07-28 13:15:00,11756.0,14861.545
1299,2023-07-28 13:30:00,15618.0,14326.685
1300,2023-07-28 13:45:00,16490.0,14860.005
1301,2023-07-28 14:00:00,13478.0,15341.316
1302,2023-07-28 14:15:00,14430.0,13522.23
1303,2023-07-28 14:30:00,10820.0,13531.467
1304,2023-07-28 14:45:00,12429.000000000002,11489.896
1305,2023-07-28 15:00:00,9881.0,11651.2295
1306,2023-07-28 15:15:00,13209.000000000002,11108.536
1307,2023-07-28 15:30:00,11437.0,11102.727
1308,2023-07-28 15:45:00,10254.0,10747.057
1309,2023-07-28 16:00:00,6919.0,8346.919
1310,2023-07-28 16:15:00,8552.0,7341.3813
1311,2023-07-28 16:30:00,2973.0,5785.434
1312,2023-07-28 16:45:00,4207.0,3498.553
1313,2023-07-28 17:00:00,5634.999999999999,3320.8977
1314,2023-07-28 17:15:00,3267.0,3103.4985
1315,2023-07-28 17:30:00,2137.0,1912.5569
1316,2023-07-28 17:45:00,1269.0,1558.7365
1317,2023-07-28 18:00:00,1081.0,952.01843
1318,2023-07-28 18:15:00,0.0,354.57492
1319,2023-07-28 18:30:00,0.0,137.54213
1320,2023-07-28 18:45:00,0.0,312.29355
1321,2023-07-28 19:00:00,0.0,343.07104
1322,2023-07-28 19:15:00,0.0,403.03247
1323,2023-07-28 19:30:00,0.0,425.15692
1324,2023-07-28 19:45:00,930.0000000000001,439.8513
1325,2023-07-29 06:00:00,1508.0,468.09952
1326,2023-07-29 06:15:00,2312.0,1106.1617
1327,2023-07-29 06:30:00,2734.0,1831.25
1328,2023-07-29 06:45:00,2026.0,2213.5652
1329,2023-07-29 07:00:00,2704.0,2640.348
1330,2023-07-29 07:15:00,3157.0,2811.049
1331,2023-07-29 07:30:00,3703.0,2809.3538
1332,2023-07-29 07:45:00,2060.0,2928.017
1333,2023-07-29 08:00:00,2610.0,3709.7542
1334,2023-07-29 08:15:00,3867.9999999999995,4488.21
1335,2023-07-29 08:30:00,6904.0,5858.531
1336,2023-07-29 08:45:00,8538.0,6377.01
1337,2023-07-29 09:00:00,9253.0,7093.5728
1338,2023-07-29 09:15:00,5528.0,7134.904
1339,2023-07-29 09:30:00,6981.0,7092.2007
1340,2023-07-29 09:45:00,6920.999999999999,6557.46
1341,2023-07-29 10:00:00,4195.0,5805.149
1342,2023-07-29 10:15:00,11794.999999999998,8180.14
1343,2023-07-29 10:30:00,10860.0,11909.631
1344,2023-07-29 10:45:00,12138.999999999998,14017.107
1345,2023-07-29 11:00:00,7662.0,10004.253
1346,2023-07-29 11:15:00,6946.0,8524.226
1347,2023-07-29 11:30:00,3169.9999999999995,7265.8486
1348,2023-07-29 11:45:00,7688.0,4841.676
1349,2023-07-29 12:00:00,9307.0,5895.4326
1350,2023-07-29 12:15:00,3477.9999999999995,7107.9033
1351,2023-07-29 12:30:00,5120.0,4170.645
1352,2023-07-29 12:45:00,4171.0,2561.0137
1353,2023-07-29 13:00:00,2089.0,2577.831
1354,2023-07-29 13:15:00,1959.0,3365.6768
1355,2023-07-29 13:30:00,5660.0,4343.519
1356,2023-07-29 13:45:00,13806.999999999998,8393.497
1357,2023-07-29 14:00:00,13722.0,13523.477
1358,2023-07-29 14:15:00,15693.0,14289.707
1359,2023-07-29 14:30:00,10824.0,11980.196
1360,2023-07-29 14:45:00,4645.0,7337.767
1361,2023-07-29 15:00:00,11398.0,8754.584
1362,2023-07-29 15:15:00,13494.0,9910.931
1363,2023-07-29 15:30:00,11004.0,11923.078
1364,2023-07-29 15:45:00,11877.999999999998,9215.79
1365,2023-07-29 16:00:00,9992.0,8191.898
1366,2023-07-29 16:15:00,9330.0,6881.726
1367,2023-07-29 16:30:00,7696.0,7773.593
1368,2023-07-29 16:45:00,4877.0,5079.352
1369,2023-07-29 17:00:00,4854.0,3786.2239
1370,2023-07-29 17:15:00,4103.0,3315.4346
1371,2023-07-29 17:30:00,954.0,1998.2438
1372,2023-07-29 17:45:00,0.0,1168.7102
1373,2023-07-29 18:00:00,2150.0,936.13556
1374,2023-07-29 18:15:00,1000.9999999999999,523.2603
1375,2023-07-29 18:30:00,0.0,306.89908
1376,2023-07-29 18:45:00,0.0,443.05
1377,2023-07-29 19:00:00,0.0,321.31323
1378,2023-07-29 19:15:00,0.0,325.16782
1379,2023-07-29 19:30:00,0.0,385.85995
1380,2023-07-29 19:45:00,2112.0,439.87823
1381,2023-07-30 06:00:00,2236.0,499.0979
1382,2023-07-30 06:15:00,2060.0,1339.863
1383,2023-07-30 06:30:00,2120.0,2171.1968
1384,2023-07-30 06:45:00,2340.0,2249.5037
1385,2023-07-30 07:00:00,2316.0,2060.8694
1386,2023-07-30 07:15:00,2781.0000000000005,2236.873
1387,2023-07-30 07:30:00,4528.0,3047.154
1388,2023-07-30 07:45:00,4452.0,3881.8376
1389,2023-07-30 08:00:00,4068.0,4596.466
1390,2023-07-30 08:15:00,5828.0,4793.685
1391,2023-07-30 08:30:00,4898.0,5970.793
1392,2023-07-30 08:45:00,7939.0,6883.147
1393,2023-07-30 09:00:00,9178.0,8037.1396
1394,2023-07-30 09:15:00,5948.0,8400.056
1395,2023-07-30 09:30:00,7926.0,8349.156
1396,2023-07-30 09:45:00,11374.0,8915.98
1397,2023-07-30 10:00:00,10370.0,9982.355
1398,2023-07-30 10:15:00,7914.0,10023.121
1399,2023-07-30 10:30:00,13397.0,11394.51
1400,2023-07-30 10:45:00,15897.0,12850.96
1401,2023-07-30 11:00:00,13123.000000000002,12002.007
1402,2023-07-30 11:15:00,11180.0,12020.321
1403,2023-07-30 11:30:00,11061.0,12919.932
1404,2023-07-30 11:45:00,18345.0,14813.101
1405,2023-07-30 12:00:00,15703.999999999998,16540.738
1406,2023-07-30 12:15:00,17053.0,17469.447
1407,2023-07-30 12:30:00,9217.0,14046.873
1408,2023-07-30 12:45:00,14400.0,12439.756
1409,2023-07-30 13:00:00,15155.0,14369.799
1410,2023-07-30 13:15:00,6556.0,12028.05
1411,2023-07-30 13:30:00,14021.0,8461.165
1412,2023-07-30 13:45:00,10229.0,10916.577
1413,2023-07-30 14:00:00,9501.0,13812.584
1414,2023-07-30 14:15:00,2709.0,5341.057
1415,2023-07-30 14:30:00,7594.0,399.44537
1416,2023-07-30 14:45:00,8183.0,8031.219
1417,2023-07-30 15:00:00,6388.000000000001,8535.453
1418,2023-07-30 15:15:00,14591.0,7009.5684
1419,2023-07-30 15:30:00,6511.0,10441.422
1420,2023-07-30 15:45:00,2261.0,6011.0474
1421,2023-07-30 16:00:00,2769.0,4043.0435
1422,2023-07-30 16:15:00,3902.9999999999995,3566.4592
1423,2023-07-30 16:30:00,3203.0,1574.4105
1424,2023-07-30 16:45:00,3017.9999999999995,375.08337
1425,2023-07-30 17:00:00,2430.0,283.7584
1426,2023-07-30 17:15:00,1885.0,13.258027
1427,2023-07-30 17:30:00,1816.9999999999998,-32.103954
1428,2023-07-30 17:45:00,977.0,42.163204
1429,2023-07-30 18:00:00,0.0,115.72368
1430,2023-07-30 18:15:00,0.0,149.16483
1431,2023-07-30 18:30:00,0.0,380.526
1432,2023-07-30 18:45:00,0.0,381.60403
1433,2023-07-30 19:00:00,0.0,443.7141
1434,2023-07-30 19:15:00,0.0,467.55066
1435,2023-07-30 19:30:00,0.0,476.45203
1436,2023-07-30 19:45:00,871.0,474.20572
1437,2023-07-31 06:00:00,968.0000000000001,461.66064
1438,2023-07-31 06:15:00,779.0000000000001,982.9339
1439,2023-07-31 06:30:00,0.0,978.4451
1440,2023-07-31 06:45:00,0.0,759.9127
1441,2023-07-31 07:00:00,1002.9999999999999,718.1495
1442,2023-07-31 07:15:00,1155.0,641.8028
1443,2023-07-31 07:30:00,1871.0,1396.882
1444,2023-07-31 07:45:00,1368.0,2090.927
1445,2023-07-31 08:00:00,1459.0,1724.7487
1446,2023-07-31 08:15:00,2138.0,2246.0334
1447,2023-07-31 08:30:00,1777.0,2448.6343
1448,2023-07-31 08:45:00,1866.0000000000002,2387.0234
1449,2023-07-31 09:00:00,2482.0,2549.2336
1450,2023-07-31 09:15:00,2432.0,2811.1333
1451,2023-07-31 09:30:00,2589.0,2892.055
1452,2023-07-31 09:45:00,3317.0,3329.311
1453,2023-07-31 10:00:00,3812.0,3738.6765
1454,2023-07-31 10:15:00,3401.0,3961.6804
1455,2023-07-31 10:30:00,3172.0,4032.6997
1456,2023-07-31 10:45:00,4092.0,4127.462
1457,2023-07-31 11:00:00,4013.0,4046.1128
1458,2023-07-31 11:15:00,2984.0,3970.38
1459,2023-07-31 11:30:00,3191.0,4215.7837
1460,2023-07-31 11:45:00,4168.0,4319.3423
1461,2023-07-31 12:00:00,5250.0,4387.868
1462,2023-07-31 12:15:00,4085.9999999999995,4286.0605
1463,2023-07-31 12:30:00,2922.0,3953.304
1464,2023-07-31 12:45:00,1957.0,3401.7258
1465,2023-07-31 13:00:00,1860.0000000000002,2887.0076
1466,2023-07-31 13:15:00,2112.0,2224.9817
1467,2023-07-31 13:30:00,2285.0,2017.8075
1468,2023-07-31 13:45:00,1459.0,2195.097
1469,2023-07-31 14:00:00,4610.0,2738.9954
1470,2023-07-31 14:15:00,4015.9999999999995,3313.8696
1471,2023-07-31 14:30:00,1883.0,2884.8237
1472,2023-07-31 14:45:00,1089.0,2288.0237
1473,2023-07-31 15:00:00,0.0,2202.9106
1474,2023-07-31 15:15:00,0.0,1456.4319
1475,2023-07-31 15:30:00,673.0,606.7402
1476,2023-07-31 15:45:00,916.0,428.61746
1477,2023-07-31 16:00:00,851.9999999999999,291.10385
1478,2023-07-31 16:15:00,0.0,284.57227
1479,2023-07-31 16:30:00,0.0,160.46855
1480,2023-07-31 16:45:00,0.0,278.9209
1481,2023-07-31 17:00:00,0.0,272.7981
1482,2023-07-31 17:15:00,0.0,342.26767
1483,2023-07-31 17:30:00,0.0,375.5706
1484,2023-07-31 17:45:00,0.0,394.6644
1485,2023-07-31 18:00:00,0.0,401.14285
1486,2023-07-31 18:15:00,0.0,404.11407
1487,2023-07-31 18:30:00,0.0,411.73593
1488,2023-07-31 18:45:00,0.0,417.432
1489,2023-07-31 19:00:00,0.0,424.064
1490,2023-07-31 19:15:00,0.0,424.15027
1491,2023-07-31 19:30:00,0.0,424.08185
1492,2023-07-31 19:45:00,731.0,427.21747
1493,2023-08-01 06:00:00,951.0,437.0089
1494,2023-08-01 06:15:00,3333.9999999999995,958.2279
1495,2023-08-01 06:30:00,2768.0,1914.9756
1496,2023-08-01 06:45:00,1383.0,2592.6558
1497,2023-08-01 07:00:00,1863.0,2089.693
1498,2023-08-01 07:15:00,1874.0,1773.4819
1499,2023-08-01 07:30:00,2557.0,2137.339
1500,2023-08-01 07:45:00,4414.0,3204.516
1501,2023-08-01 08:00:00,4568.0,4025.9712
1502,2023-08-01 08:15:00,5930.0,5077.443
1503,2023-08-01 08:30:00,7590.999999999999,6253.8076
1504,2023-08-01 08:45:00,4636.0,6999.833
1505,2023-08-01 09:00:00,6605.0,6762.4053
1506,2023-08-01 09:15:00,3753.0,6616.857
1507,2023-08-01 09:30:00,11657.0,7419.8613
1508,2023-08-01 09:45:00,10422.0,12058.301
1509,2023-08-01 10:00:00,11717.0,14150.432
1510,2023-08-01 10:15:00,16321.0,13300.132
1511,2023-08-01 10:30:00,7356.999999999999,13110.3
1512,2023-08-01 10:45:00,7005.0,9634.992
1513,2023-08-01 11:00:00,10493.0,8715.829
1514,2023-08-01 11:15:00,3878.0,8344.718
1515,2023-08-01 11:30:00,3980.9999999999995,9071.995
1516,2023-08-01 11:45:00,18358.0,12234.135
1517,2023-08-01 12:00:00,13818.0,14922.081
1518,2023-08-01 12:15:00,13782.000000000002,11793.751
1519,2023-08-01 12:30:00,8659.0,10482.992
1520,2023-08-01 12:45:00,16885.0,12564.222
1521,2023-08-01 13:00:00,8619.0,11970.426
1522,2023-08-01 13:15:00,7356.0,10987.569
1523,2023-08-01 13:30:00,11842.0,11596.046
1524,2023-08-01 13:45:00,7352.0,10847.797
1525,2023-08-01 14:00:00,5665.0,10217.077
1526,2023-08-01 14:15:00,11995.0,10575.333
1527,2023-08-01 14:30:00,7366.0,10982.618
1528,2023-08-01 14:45:00,6495.999999999999,9872.973
1529,2023-08-01 15:00:00,8966.0,7650.69
1530,2023-08-01 15:15:00,3452.0,6932.1294
1531,2023-08-01 15:30:00,2709.0,3884.0007
1532,2023-08-01 15:45:00,1888.0,956.33966
1533,2023-08-01 16:00:00,2218.0,2845.872
1534,2023-08-01 16:15:00,6844.0,4834.9604
1535,2023-08-01 16:30:00,2030.0,4363.5024
1536,2023-08-01 16:45:00,1372.0,3209.833
1537,2023-08-01 17:00:00,1738.0,2215.9856
1538,2023-08-01 17:15:00,2384.0,2042.0975
1539,2023-08-01 17:30:00,2102.0,1312.5497
1540,2023-08-01 17:45:00,1155.0,920.4358
1541,2023-08-01 18:00:00,902.0,892.6679
1542,2023-08-01 18:15:00,0.0,749.42145
1543,2023-08-01 18:30:00,0.0,203.29993
1544,2023-08-01 18:45:00,0.0,278.8399
1545,2023-08-01 19:00:00,0.0,326.34775
1546,2023-08-01 19:15:00,0.0,400.41965
1547,2023-08-01 19:30:00,0.0,428.2362
1548,2023-08-01 19:45:00,860.0,445.68082
1549,2023-08-02 06:00:00,587.0,455.53513
1550,2023-08-02 06:15:00,0.0,962.84937
1551,2023-08-02 06:30:00,1497.0,1194.4646
1552,2023-08-02 06:45:00,1058.0,759.8777
1553,2023-08-02 07:00:00,0.0,982.1574
1554,2023-08-02 07:15:00,0.0,1343.1912
1555,2023-08-02 07:30:00,971.0000000000001,803.9126
1556,2023-08-02 07:45:00,1619.0,770.23517
1557,2023-08-02 08:00:00,978.0,1582.3823
1558,2023-08-02 08:15:00,1937.0,1832.7681
1559,2023-08-02 08:30:00,1397.9999999999998,2079.9502
1560,2023-08-02 08:45:00,1301.0,2132.195
1561,2023-08-02 09:00:00,3538.0,2703.5679
1562,2023-08-02 09:15:00,3693.0000000000005,3166.961
1563,2023-08-02 09:30:00,2933.0000000000005,3368.513
1564,2023-08-02 09:45:00,2100.0,3123.9058
1565,2023-08-02 10:00:00,1479.0,2629.0896
1566,2023-08-02 10:15:00,2468.0,2667.8254
1567,2023-08-02 10:30:00,2614.0,3014.5378
1568,2023-08-02 10:45:00,4541.0,3496.1565
1569,2023-08-02 11:00:00,2709.0,3752.4858
1570,2023-08-02 11:15:00,6639.0,2850.5764
1571,2023-08-02 11:30:00,6371.0,3637.1487
1572,2023-08-02 11:45:00,3755.0000000000005,4191.5674
1573,2023-08-02 12:00:00,6589.0,3613.7876
1574,2023-08-02 12:15:00,2772.0,4009.4866
1575,2023-08-02 12:30:00,835.0,3435.0151
1576,2023-08-02 12:45:00,0.0,2214.6978
1577,2023-08-02 13:00:00,0.0,976.5645
1578,2023-08-02 13:15:00,0.0,1081.114
1579,2023-08-02 13:30:00,8342.0,1928.1165
1580,2023-08-02 13:45:00,10136.0,3938.732
1581,2023-08-02 14:00:00,15231.0,11071.459
1582,2023-08-02 14:15:00,10293.0,13832.029
1583,2023-08-02 14:30:00,11425.0,9607.059
1584,2023-08-02 14:45:00,6839.0,8478.526
1585,2023-08-02 15:00:00,1996.0,6096.516
1586,2023-08-02 15:15:00,4505.0,5427.5854
1587,2023-08-02 15:30:00,9497.0,5789.285
1588,2023-08-02 15:45:00,3335.0,7288.4062
1589,2023-08-02 16:00:00,2707.0,3788.663
1590,2023-08-02 16:15:00,1605.0,1560.8059
1591,2023-08-02 16:30:00,2302.0,1476.1124
1592,2023-08-02 16:45:00,2059.0,1365.6699
1593,2023-08-02 17:00:00,713.0,881.49915
1594,2023-08-02 17:15:00,3551.0,1343.0297
1595,2023-08-02 17:30:00,3567.0,1451.6461
1596,2023-08-02 17:45:00,2435.0,1561.0897
1597,2023-08-02 18:00:00,1417.0,1392.2803
1598,2023-08-02 18:15:00,1069.0,1025.8081
1599,2023-08-02 18:30:00,0.0,591.7962
1600,2023-08-02 18:45:00,0.0,256.8039
1601,2023-08-02 19:00:00,0.0,331.64966
1602,2023-08-02 19:15:00,0.0,357.45505
1603,2023-08-02 19:30:00,0.0,415.87244
1604,2023-08-02 19:45:00,0.0,438.7463
1605,2023-08-03 06:00:00,498.0,448.17935
1606,2023-08-03 06:15:00,0.0,588.89215
1607,2023-08-03 06:30:00,1809.0,785.7398
1608,2023-08-03 06:45:00,1262.0,785.54156
1609,2023-08-03 07:00:00,0.0,1254.447
1610,2023-08-03 07:15:00,714.0,1472.7474
1611,2023-08-03 07:30:00,935.0,707.0896
1612,2023-08-03 07:45:00,798.0,884.244
1613,2023-08-03 08:00:00,3068.0,1765.1438
1614,2023-08-03 08:15:00,2608.0,2763.7373
1615,2023-08-03 08:30:00,3255.0,3941.055
1616,2023-08-03 08:45:00,4077.0,4973.3394
1617,2023-08-03 09:00:00,7176.0,5713.9385
1618,2023-08-03 09:15:00,6312.999999999999,6056.7944
1619,2023-08-03 09:30:00,5335.0,6175.5654
1620,2023-08-03 09:45:00,8055.0,6684.1035
1621,2023-08-03 10:00:00,8895.0,8836.286
1622,2023-08-03 10:15:00,10138.0,10141.804
1623,2023-08-03 10:30:00,9478.0,9669.3955
1624,2023-08-03 10:45:00,8267.0,10220.759
1625,2023-08-03 11:00:00,12000.0,11190.796
1626,2023-08-03 11:15:00,14311.0,10725.447
1627,2023-08-03 11:30:00,5217.0,10136.959
1628,2023-08-03 11:45:00,13602.0,11634.768
1629,2023-08-03 12:00:00,19694.0,14384.086
1630,2023-08-03 12:15:00,5786.0,14866.174
1631,2023-08-03 12:30:00,12240.999999999998,9967.957
1632,2023-08-03 12:45:00,2622.0,8025.411
1633,2023-08-03 13:00:00,12239.0,7493.3696
1634,2023-08-03 13:15:00,6988.000000000001,10620.252
1635,2023-08-03 13:30:00,3555.9999999999995,7361.0137
1636,2023-08-03 13:45:00,5881.0,3881.221
1637,2023-08-03 14:00:00,2900.0,5849.5054
1638,2023-08-03 14:15:00,1116.0,2896.8582
1639,2023-08-03 14:30:00,1795.0,3737.7207
1640,2023-08-03 14:45:00,3838.0,3793.912
1641,2023-08-03 15:00:00,2529.0,3466.4988
1642,2023-08-03 15:15:00,2389.0,3038.1042
1643,2023-08-03 15:30:00,3377.0000000000005,2857.2427
1644,2023-08-03 15:45:00,1217.0,2584.586
1645,2023-08-03 16:00:00,1762.0,1665.9279
1646,2023-08-03 16:15:00,1716.0000000000002,1202.4502
1647,2023-08-03 16:30:00,1625.0,1293.7253
1648,2023-08-03 16:45:00,2215.0,1254.5757
1649,2023-08-03 17:00:00,1863.0,1235.7822
1650,2023-08-03 17:15:00,2350.0,1104.414
1651,2023-08-03 17:30:00,1393.0,1014.0386
1652,2023-08-03 17:45:00,619.0,805.83795
1653,2023-08-03 18:00:00,435.0,611.0236
1654,2023-08-03 18:15:00,0.0,428.4256
1655,2023-08-03 18:30:00,0.0,200.27403
1656,2023-08-03 18:45:00,0.0,363.3082
1657,2023-08-03 19:00:00,0.0,333.85037
1658,2023-08-03 19:15:00,0.0,415.88385
1659,2023-08-03 19:30:00,0.0,463.2849
1660,2023-08-03 19:45:00,1098.0,504.38602
1661,2023-08-04 06:00:00,1331.0,544.2387
1662,2023-08-04 06:15:00,2108.0,1229.642
1663,2023-08-04 06:30:00,2419.0,1801.4651
1664,2023-08-04 06:45:00,2985.0,2254.842
1665,2023-08-04 07:00:00,2177.0,2783.0415
1666,2023-08-04 07:15:00,2248.0,2765.6362
1667,2023-08-04 07:30:00,2237.0,1833.4307
1668,2023-08-04 07:45:00,4736.0,2321.8723
1669,2023-08-04 08:00:00,4005.0,4442.8677
1670,2023-08-04 08:15:00,6475.0,5580.7583
1671,2023-08-04 08:30:00,6252.0,6068.933
1672,2023-08-04 08:45:00,9562.0,9074.686
1673,2023-08-04 09:00:00,6776.0,11058.554
1674,2023-08-04 09:15:00,6651.0,9268.376
1675,2023-08-04 09:30:00,5372.0,7248.346
1676,2023-08-04 09:45:00,9690.0,9438.045
1677,2023-08-04 10:00:00,12592.0,11079.177
1678,2023-08-04 10:15:00,13098.0,12897.906
1679,2023-08-04 10:30:00,16585.0,13440.141
1680,2023-08-04 10:45:00,12479.0,13589.939
1681,2023-08-04 11:00:00,13611.0,11234.063
1682,2023-08-04 11:15:00,7255.0,12545.433
1683,2023-08-04 11:30:00,8254.0,11761.173
1684,2023-08-04 11:45:00,3647.0,7931.3457
1685,2023-08-04 12:00:00,18836.0,10398.711
1686,2023-08-04 12:15:00,18267.0,18912.844
1687,2023-08-04 12:30:00,17491.0,18257.068
1688,2023-08-04 12:45:00,16638.0,15552.352
1689,2023-08-04 13:00:00,15646.999999999998,19657.656
1690,2023-08-04 13:15:00,10769.0,13386.283
1691,2023-08-04 13:30:00,10841.0,12053.25
1692,2023-08-04 13:45:00,8168.0,11627.229
1693,2023-08-04 14:00:00,6099.0,10505.453
1694,2023-08-04 14:15:00,7814.000000000001,9074.65
1695,2023-08-04 14:30:00,10709.0,9371.587
1696,2023-08-04 14:45:00,10074.0,8624.457
1697,2023-08-04 15:00:00,6115.0,7459.5444
1698,2023-08-04 15:15:00,5936.000000000001,7389.791
1699,2023-08-04 15:30:00,11074.0,8414.473
1700,2023-08-04 15:45:00,8446.0,9399.02
1701,2023-08-04 16:00:00,7257.000000000001,8661.215
1702,2023-08-04 16:15:00,6775.0,6907.7637
1703,2023-08-04 16:30:00,2877.0,4933.9263
1704,2023-08-04 16:45:00,2155.0,1784.8047
1705,2023-08-04 17:00:00,2819.0,1709.9692
1706,2023-08-04 17:15:00,2241.0,1330.7211
1707,2023-08-04 17:30:00,2233.0,988.87787
1708,2023-08-04 17:45:00,0.0,934.33417
1709,2023-08-04 18:00:00,0.0,374.74182
1710,2023-08-04 18:15:00,0.0,332.3643
1711,2023-08-04 18:30:00,0.0,346.18884
1712,2023-08-04 18:45:00,0.0,391.72073
1713,2023-08-04 19:00:00,0.0,423.27277
1714,2023-08-04 19:15:00,0.0,447.74847
1715,2023-08-04 19:30:00,0.0,474.16388
1716,2023-08-04 19:45:00,1618.0,505.79684
1717,2023-08-05 06:00:00,2059.0,539.03186
1718,2023-08-05 06:15:00,2889.0,1294.494
1719,2023-08-05 06:30:00,3346.0000000000005,1920.407
1720,2023-08-05 06:45:00,3718.0,2446.9768
1721,2023-08-05 07:00:00,4116.0,2884.4944
1722,2023-08-05 07:15:00,3768.0,3365.109
1723,2023-08-05 07:30:00,4728.0,4009.3247
1724,2023-08-05 07:45:00,2861.0,4241.882
1725,2023-08-05 08:00:00,1067.0,3513.423
1726,2023-08-05 08:15:00,4630.0,3887.454
1727,2023-08-05 08:30:00,6971.0,5181.8643
1728,2023-08-05 08:45:00,8528.0,6888.0537
1729,2023-08-05 09:00:00,10311.0,8101.803
1730,2023-08-05 09:15:00,10111.0,9944.895
1731,2023-08-05 09:30:00,12683.0,10922.258
1732,2023-08-05 09:45:00,14235.0,11855.356
1733,2023-08-05 10:00:00,12337.0,11863.912
1734,2023-08-05 10:15:00,11248.000000000002,11537.358
1735,2023-08-05 10:30:00,12036.0,11837.382
1736,2023-08-05 10:45:00,5535.0,10281.608
1737,2023-08-05 11:00:00,8687.0,7762.037
1738,2023-08-05 11:15:00,9219.0,8416.186
1739,2023-08-05 11:30:00,6460.999999999999,10257.034
1740,2023-08-05 11:45:00,12010.0,9256.771
1741,2023-08-05 12:00:00,6662.0,11458.36
1742,2023-08-05 12:15:00,7563.999999999999,8563.995
1743,2023-08-05 12:30:00,13473.000000000002,9912.058
1744,2023-08-05 12:45:00,5168.0,9384.532
1745,2023-08-05 13:00:00,3693.0000000000005,5401.524
1746,2023-08-05 13:15:00,4502.0,3648.7224
1747,2023-08-05 13:30:00,2842.9999999999995,2900.869
1748,2023-08-05 13:45:00,0.0,1691.5299
1749,2023-08-05 14:00:00,0.0,1537.3413
1750,2023-08-05 14:15:00,0.0,1129.366
1751,2023-08-05 14:30:00,1070.0,864.3027
1752,2023-08-05 14:45:00,1080.0,682.05164
1753,2023-08-05 15:00:00,0.0,738.64087
1754,2023-08-05 15:15:00,0.0,655.86
1755,2023-08-05 15:30:00,943.0,442.2938
1756,2023-08-05 15:45:00,0.0,425.79468
1757,2023-08-05 16:00:00,0.0,428.3038
1758,2023-08-05 16:15:00,0.0,399.28854
1759,2023-08-05 16:30:00,0.0,369.40225
1760,2023-08-05 16:45:00,0.0,371.3511
1761,2023-08-05 17:00:00,0.0,390.32486
1762,2023-08-05 17:15:00,0.0,425.25244
1763,2023-08-05 17:30:00,1229.0,465.56256
1764,2023-08-05 17:45:00,1260.0,496.4256
1765,2023-08-05 18:00:00,769.0,582.53625
1766,2023-08-05 18:15:00,0.0,578.622
1767,2023-08-05 18:30:00,0.0,420.50476
1768,2023-08-05 18:45:00,0.0,373.00842
1769,2023-08-05 19:00:00,0.0,368.42294
1770,2023-08-05 19:15:00,0.0,399.1132
1771,2023-08-05 19:30:00,0.0,428.67514
1772,2023-08-05 19:45:00,1532.0,460.41495
1773,2023-08-06 06:00:00,2049.0,496.97687
1774,2023-08-06 06:15:00,2348.0,1205.3087
1775,2023-08-06 06:30:00,3021.0,1786.0194
1776,2023-08-06 06:45:00,3025.0,2104.6519
1777,2023-08-06 07:00:00,2741.0,2413.4858
1778,2023-08-06 07:15:00,2605.0,2873.7449
1779,2023-08-06 07:30:00,2484.0,3173.4626
1780,2023-08-06 07:45:00,3304.0,3456.4438
1781,2023-08-06 08:00:00,4807.0,3813.2627
1782,2023-08-06 08:15:00,5187.0,4276.2
1783,2023-08-06 08:30:00,4362.0,4989.542
1784,2023-08-06 08:45:00,7501.999999999999,5910.6523
1785,2023-08-06 09:00:00,6435.0,7072.257
1786,2023-08-06 09:15:00,5792.0,6836.279
1787,2023-08-06 09:30:00,5551.0,6410.594
1788,2023-08-06 09:45:00,5852.0,6592.5015
1789,2023-08-06 10:00:00,6437.0,5743.8423
1790,2023-08-06 10:15:00,6094.999999999999,6133.283
1791,2023-08-06 10:30:00,8407.0,7336.534
1792,2023-08-06 10:45:00,6295.0,9087.828
1793,2023-08-06 11:00:00,6396.000000000001,7401.5986
1794,2023-08-06 11:15:00,5906.0,5165.402
1795,2023-08-06 11:30:00,8937.0,7953.177
1796,2023-08-06 11:45:00,7756.0,9291.107
1797,2023-08-06 12:00:00,4249.0,7179.054
1798,2023-08-06 12:15:00,2425.0,6654.878
1799,2023-08-06 12:30:00,3598.9999999999995,6715.7886
1800,2023-08-06 12:45:00,4514.0,5385.873
1801,2023-08-06 13:00:00,4516.0,6179.285
1802,2023-08-06 13:15:00,5413.0,5203.2363
1803,2023-08-06 13:30:00,5782.999999999999,5156.8154
1804,2023-08-06 13:45:00,8899.0,4926.996
1805,2023-08-06 14:00:00,0.0,4540.8726
1806,2023-08-06 14:15:00,0.0,3755.2974
1807,2023-08-06 14:30:00,0.0,2875.0754
1808,2023-08-06 14:45:00,0.0,3011.451
1809,2023-08-06 15:00:00,0.0,1243.5892
1810,2023-08-06 15:15:00,136.0,640.14026
1811,2023-08-06 15:30:00,275.0,372.36627
1812,2023-08-06 15:45:00,334.0,211.79607
1813,2023-08-06 16:00:00,0.0,386.42566
1814,2023-08-06 16:15:00,364.0,318.91833
1815,2023-08-06 16:30:00,0.0,453.5038
1816,2023-08-06 16:45:00,0.0,166.38022
1817,2023-08-06 17:00:00,0.0,388.76852
1818,2023-08-06 17:15:00,0.0,309.4486
1819,2023-08-06 17:30:00,0.0,336.29758
1820,2023-08-06 17:45:00,0.0,350.5727
1821,2023-08-06 18:00:00,0.0,360.3694
1822,2023-08-06 18:15:00,0.0,384.81958
1823,2023-08-06 18:30:00,0.0,402.8828
1824,2023-08-06 18:45:00,0.0,432.73035
1825,2023-08-06 19:00:00,0.0,447.9368
1826,2023-08-06 19:15:00,0.0,475.87195
1827,2023-08-06 19:30:00,0.0,494.4422
1828,2023-08-06 19:45:00,1584.0,510.31363
1829,2023-08-07 06:00:00,1943.0,521.8684
1830,2023-08-07 06:15:00,2157.0,1291.1422
1831,2023-08-07 06:30:00,1283.0,1652.889
1832,2023-08-07 06:45:00,1379.0,1776.1589
1833,2023-08-07 07:00:00,2967.0,2103.891
1834,2023-08-07 07:15:00,3190.0000000000005,2496.5723
1835,2023-08-07 07:30:00,3753.0,2975.1401
1836,2023-08-07 07:45:00,5228.0,3758.9856
1837,2023-08-07 08:00:00,4462.0,5042.551
1838,2023-08-07 08:15:00,4362.0,5634.707
1839,2023-08-07 08:30:00,5180.0,6871.417
1840,2023-08-07 08:45:00,6440.0,7086.527
1841,2023-08-07 09:00:00,9259.0,6909.1157
1842,2023-08-07 09:15:00,11109.0,7614.146
1843,2023-08-07 09:30:00,4560.0,8373.279
1844,2023-08-07 09:45:00,15285.0,9378.007
1845,2023-08-07 10:00:00,12461.000000000002,12482.973
1846,2023-08-07 10:15:00,9585.0,13147.021
1847,2023-08-07 10:30:00,15912.0,12084.812
1848,2023-08-07 10:45:00,8022.0,13177.503
1849,2023-08-07 11:00:00,4713.0,9896.712
1850,2023-08-07 11:15:00,11085.0,11903.199
1851,2023-08-07 11:30:00,11966.999999999998,12006.726
1852,2023-08-07 11:45:00,16315.0,11872.329
1853,2023-08-07 12:00:00,11553.0,12100.417
1854,2023-08-07 12:15:00,7289.0,12306.066
1855,2023-08-07 12:30:00,10380.0,13034.475
1856,2023-08-07 12:45:00,20552.0,16014.011
1857,2023-08-07 13:00:00,13013.0,16012.992
1858,2023-08-07 13:15:00,13548.0,13217.018
1859,2023-08-07 13:30:00,13242.0,11456.606
1860,2023-08-07 13:45:00,13405.0,11394.06
1861,2023-08-07 14:00:00,11330.0,10606.585
1862,2023-08-07 14:15:00,6016.999999999999,8796.725
1863,2023-08-07 14:30:00,14728.0,10421.224
1864,2023-08-07 14:45:00,11451.0,11305.967
1865,2023-08-07 15:00:00,4840.0,9254.772
1866,2023-08-07 15:15:00,3397.0,6869.276
1867,2023-08-07 15:30:00,6143.000000000001,9263.381
1868,2023-08-07 15:45:00,11062.0,7789.1514
1869,2023-08-07 16:00:00,5621.0,6721.03
1870,2023-08-07 16:15:00,4336.0,5354.7344
1871,2023-08-07 16:30:00,7702.0,5120.0967
1872,2023-08-07 16:45:00,6871.0,4912.0083
1873,2023-08-07 17:00:00,5668.0,3396.3625
1874,2023-08-07 17:15:00,4050.9999999999995,2913.9902
1875,2023-08-07 17:30:00,3279.0,2177.488
1876,2023-08-07 17:45:00,2078.0,1459.6099
1877,2023-08-07 18:00:00,1412.0000000000002,905.31757
1878,2023-08-07 18:15:00,685.0,587.11255
1879,2023-08-07 18:30:00,0.0,376.6069
1880,2023-08-07 18:45:00,0.0,252.8895
1881,2023-08-07 19:00:00,0.0,381.40488
1882,2023-08-07 19:15:00,0.0,376.927
1883,2023-08-07 19:30:00,0.0,433.3178
1884,2023-08-07 19:45:00,1103.0,463.69296
1885,2023-08-08 06:00:00,1133.0,492.13077
1886,2023-08-08 06:15:00,1248.0,1064.9015
1887,2023-08-08 06:30:00,910.0,1477.9669
1888,2023-08-08 06:45:00,1510.9999999999998,1714.4437
1889,2023-08-08 07:00:00,1927.9999999999998,1932.2643
1890,2023-08-08 07:15:00,2638.0,1976.5492
1891,2023-08-08 07:30:00,2812.0000000000005,2031.8566
1892,2023-08-08 07:45:00,3214.0,2416.6406
1893,2023-08-08 08:00:00,2876.0,3331.2837
1894,2023-08-08 08:15:00,4445.0,4259.946
1895,2023-08-08 08:30:00,6583.0,5769.122
1896,2023-08-08 08:45:00,6393.0,6596.9897
1897,2023-08-08 09:00:00,7625.999999999999,6396.3677
1898,2023-08-08 09:15:00,6885.0,6314.7646
1899,2023-08-08 09:30:00,8280.0,6835.699
1900,2023-08-08 09:45:00,7663.0,7540.233
1901,2023-08-08 10:00:00,4406.0,5798.6396
1902,2023-08-08 10:15:00,5940.0,4831.4175
1903,2023-08-08 10:30:00,3146.0,5409.066
1904,2023-08-08 10:45:00,5631.0,6540.472
1905,2023-08-08 11:00:00,5341.0,5496.774
1906,2023-08-08 11:15:00,2077.0,5301.2627
1907,2023-08-08 11:30:00,3547.0,8108.9336
1908,2023-08-08 11:45:00,7210.0,11632.1
1909,2023-08-08 12:00:00,19964.0,13771.33
1910,2023-08-08 12:15:00,8983.0,15712.932
1911,2023-08-08 12:30:00,10376.0,11817.97
1912,2023-08-08 12:45:00,13144.0,9410.381
1913,2023-08-08 13:00:00,9372.0,11974.124
1914,2023-08-08 13:15:00,13811.0,11294.257
1915,2023-08-08 13:30:00,4515.0,13292.928
1916,2023-08-08 13:45:00,8428.0,2986.543
1917,2023-08-08 14:00:00,6285.999999999999,2933.8035
1918,2023-08-08 14:15:00,6406.0,11696.023
1919,2023-08-08 14:30:00,8122.0,7848.71
1920,2023-08-08 14:45:00,2068.0,2062.5854
1921,2023-08-08 15:00:00,8768.0,6001.0933
1922,2023-08-08 15:15:00,2670.0,6358.318
1923,2023-08-08 15:30:00,7044.0,5151.58
1924,2023-08-08 15:45:00,3633.0,3409.1182
1925,2023-08-08 16:00:00,3711.0,4246.3315
1926,2023-08-08 16:15:00,1315.0,2215.4656
1927,2023-08-08 16:30:00,482.99999999999994,962.9959
1928,2023-08-08 16:45:00,3008.0,1342.0
1929,2023-08-08 17:00:00,1662.9999999999998,1099.1158
1930,2023-08-08 17:15:00,0.0,991.1256
1931,2023-08-08 17:30:00,1084.0,619.8698
1932,2023-08-08 17:45:00,0.0,415.3811
1933,2023-08-08 18:00:00,0.0,247.43117
1934,2023-08-08 18:15:00,0.0,464.5312
1935,2023-08-08 18:30:00,0.0,409.05817
1936,2023-08-08 18:45:00,0.0,430.1567
1937,2023-08-08 19:00:00,0.0,441.60992
1938,2023-08-08 19:15:00,0.0,450.29974
1939,2023-08-08 19:30:00,0.0,463.84467
1940,2023-08-08 19:45:00,955.0,476.2215
1941,2023-08-09 06:00:00,1291.0,496.32428
1942,2023-08-09 06:15:00,1413.0,1026.1682
1943,2023-08-09 06:30:00,1604.0,1326.9923
1944,2023-08-09 06:45:00,1827.0000000000002,1495.0149
1945,2023-08-09 07:00:00,2451.0,1885.225
1946,2023-08-09 07:15:00,2485.0,2109.2434
1947,2023-08-09 07:30:00,2939.0,2721.0168
1948,2023-08-09 07:45:00,2459.0,2842.4375
1949,2023-08-09 08:00:00,4014.0,3476.9126
1950,2023-08-09 08:15:00,3494.0000000000005,4760.8965
1951,2023-08-09 08:30:00,4869.0,5895.1997
1952,2023-08-09 08:45:00,8311.0,7062.036
1953,2023-08-09 09:00:00,9231.0,9849.2295
1954,2023-08-09 09:15:00,11412.999999999998,11607.215
1955,2023-08-09 09:30:00,12889.0,13124.766
1956,2023-08-09 09:45:00,14321.0,13652.103
1957,2023-08-09 10:00:00,12185.0,14082.983
1958,2023-08-09 10:15:00,12407.0,13994.495
1959,2023-08-09 10:30:00,12452.0,13945.591
1960,2023-08-09 10:45:00,12455.0,13640.267
1961,2023-08-09 11:00:00,10868.0,13299.611
1962,2023-08-09 11:15:00,12881.000000000002,13144.855
1963,2023-08-09 11:30:00,8637.0,12992.978
1964,2023-08-09 11:45:00,12316.0,11388.557
1965,2023-08-09 12:00:00,10177.0,10566.262
1966,2023-08-09 12:15:00,7932.0,10296.037
1967,2023-08-09 12:30:00,3682.0,9240.265
1968,2023-08-09 12:45:00,4564.0,11091.449
1969,2023-08-09 13:00:00,16971.0,11294.282
1970,2023-08-09 13:15:00,7988.0,11033.478
1971,2023-08-09 13:30:00,1802.0,8149.9097
1972,2023-08-09 13:45:00,1056.0,8240.691
1973,2023-08-09 14:00:00,1692.0,10690.76
1974,2023-08-09 14:15:00,5247.0,10798.867
1975,2023-08-09 14:30:00,15158.0,11645.2
1976,2023-08-09 14:45:00,14035.0,10710.546
1977,2023-08-09 15:00:00,11802.000000000002,7813.827
1978,2023-08-09 15:15:00,6367.0,6745.4023
1979,2023-08-09 15:30:00,6495.999999999999,6976.694
1980,2023-08-09 15:45:00,5364.0,6118.7085
1981,2023-08-09 16:00:00,6635.999999999999,5852.474
1982,2023-08-09 16:15:00,5323.0,6659.982
1983,2023-08-09 16:30:00,6519.999999999999,5452.217
1984,2023-08-09 16:45:00,5743.0,4009.0974
1985,2023-08-09 17:00:00,4357.0,4553.05
1986,2023-08-09 17:15:00,4539.0,3191.076
1987,2023-08-09 17:30:00,3068.0,2503.5225
1988,2023-08-09 17:45:00,2093.0,1703.9662
1989,2023-08-09 18:00:00,1309.0,1133.7891
1990,2023-08-09 18:15:00,614.0,666.7814
1991,2023-08-09 18:30:00,0.0,445.57785
1992,2023-08-09 18:45:00,0.0,330.7563
1993,2023-08-09 19:00:00,0.0,403.5704
1994,2023-08-09 19:15:00,0.0,428.3222
1995,2023-08-09 19:30:00,0.0,470.3952
1996,2023-08-09 19:45:00,1017.0,492.02417
1997,2023-08-10 06:00:00,1259.0,509.03857
1998,2023-08-10 06:15:00,896.0000000000001,949.11884
1999,2023-08-10 06:30:00,686.0,1097.4037
2000,2023-08-10 06:45:00,1786.0000000000002,1232.0146
2001,2023-08-10 07:00:00,2965.0,1631.9305
2002,2023-08-10 07:15:00,3136.0,2161.6895
2003,2023-08-10 07:30:00,3968.9999999999995,2863.85
2004,2023-08-10 07:45:00,4348.0,3725.4634
2005,2023-08-10 08:00:00,4322.0,4432.4097
2006,2023-08-10 08:15:00,5071.0,5230.7363
2007,2023-08-10 08:30:00,4808.0,5532.0317
2008,2023-08-10 08:45:00,4279.0,5250.494
2009,2023-08-10 09:00:00,5180.0,5442.408
2010,2023-08-10 09:15:00,4461.0,5868.582
2011,2023-08-10 09:30:00,4571.0,6090.9233
2012,2023-08-10 09:45:00,4877.0,6125.1855
2013,2023-08-10 10:00:00,5603.0,6326.5728
2014,2023-08-10 10:15:00,5665.0,6635.0356
2015,2023-08-10 10:30:00,7021.0,7409.4253
2016,2023-08-10 10:45:00,6676.000000000001,8197.643
2017,2023-08-10 11:00:00,7864.0,8299.083
2018,2023-08-10 11:15:00,8046.0,8409.249
2019,2023-08-10 11:30:00,10139.0,9227.922
2020,2023-08-10 11:45:00,11560.000000000002,10315.818
2021,2023-08-10 12:00:00,14010.0,11616.963
2022,2023-08-10 12:15:00,14182.0,12437.997
2023,2023-08-10 12:30:00,11121.0,11518.743
2024,2023-08-10 12:45:00,9685.0,10571.313
2025,2023-08-10 13:00:00,9451.0,10044.81
2026,2023-08-10 13:15:00,10387.0,9521.056
2027,2023-08-10 13:30:00,7570.0,9033.235
2028,2023-08-10 13:45:00,7722.0,7853.483
2029,2023-08-10 14:00:00,3987.0,7086.472
2030,2023-08-10 14:15:00,2625.0,4599.3
2031,2023-08-10 14:30:00,3152.0,4165.3423
2032,2023-08-10 14:45:00,3799.0,4079.0015
2033,2023-08-10 15:00:00,3545.0000000000005,3321.9094
2034,2023-08-10 15:15:00,2790.0,2924.0273
2035,2023-08-10 15:30:00,3125.0,2562.0522
2036,2023-08-10 15:45:00,3442.0,2243.8132
2037,2023-08-10 16:00:00,3442.9999999999995,1897.998
2038,2023-08-10 16:15:00,3748.0,1718.281
2039,2023-08-10 16:30:00,3063.0,1633.3763
2040,2023-08-10 16:45:00,1605.0,1288.5302
2041,2023-08-10 17:00:00,919.0,860.3
2042,2023-08-10 17:15:00,0.0,504.2423
2043,2023-08-10 17:30:00,0.0,252.2585
2044,2023-08-10 17:45:00,0.0,317.0945
2045,2023-08-10 18:00:00,0.0,320.54013
2046,2023-08-10 18:15:00,0.0,362.33774
2047,2023-08-10 18:30:00,0.0,383.03156
2048,2023-08-10 18:45:00,0.0,395.91864
2049,2023-08-10 19:00:00,0.0,403.6485
2050,2023-08-10 19:15:00,0.0,409.2025
2051,2023-08-10 19:30:00,0.0,417.6227
2052,2023-08-10 19:45:00,500.99999999999994,423.62842
2053,2023-08-11 06:00:00,554.0,435.84946
2054,2023-08-11 06:15:00,608.0,529.4762
2055,2023-08-11 06:30:00,695.0,448.4994
2056,2023-08-11 06:45:00,794.0,506.58286
2057,2023-08-11 07:00:00,845.0,614.5597
2058,2023-08-11 07:15:00,912.0,688.67285
2059,2023-08-11 07:30:00,1051.0,870.8108
2060,2023-08-11 07:45:00,1351.0,1189.6901
2061,2023-08-11 08:00:00,1826.0,1851.2543
2062,2023-08-11 08:15:00,3822.0,2713.9463
2063,2023-08-11 08:30:00,5638.0,4639.743
2064,2023-08-11 08:45:00,6712.0,6281.1074
2065,2023-08-11 09:00:00,9002.0,8409.428
2066,2023-08-11 09:15:00,10459.0,10594.259
2067,2023-08-11 09:30:00,11681.000000000002,11849.898
2068,2023-08-11 09:45:00,12748.0,12919.704
2069,2023-08-11 10:00:00,13659.0,14035.591
2070,2023-08-11 10:15:00,15024.0,14655.304
2071,2023-08-11 10:30:00,14388.0,15255.999
2072,2023-08-11 10:45:00,14239.999999999998,15423.413
2073,2023-08-11 11:00:00,15772.0,16013.121
2074,2023-08-11 11:15:00,16850.0,16249.677
2075,2023-08-11 11:30:00,17527.0,16559.91
2076,2023-08-11 11:45:00,17472.0,16839.207
2077,2023-08-11 12:00:00,17629.0,17063.22
2078,2023-08-11 12:15:00,17316.0,17418.227
2079,2023-08-11 12:30:00,16962.0,17444.639
2080,2023-08-11 12:45:00,16853.0,17608.66
2081,2023-08-11 13:00:00,16742.0,17507.518
2082,2023-08-11 13:15:00,16047.0,16955.426
2083,2023-08-11 13:30:00,16638.0,16246.129
2084,2023-08-11 13:45:00,12520.0,15441.717
2085,2023-08-11 14:00:00,12942.0,13593.539
2086,2023-08-11 14:15:00,13337.0,13483.84
2087,2023-08-11 14:30:00,12071.0,13370.396
2088,2023-08-11 14:45:00,12112.0,11639.137
2089,2023-08-11 15:00:00,8971.0,11007.811
2090,2023-08-11 15:15:00,9101.0,8114.8154
2091,2023-08-11 15:30:00,5157.0,7093.1436
2092,2023-08-11 15:45:00,4686.0,5290.0737
2093,2023-08-11 16:00:00,4917.0,3976.6147
2094,2023-08-11 16:15:00,3694.0,4141.8306
2095,2023-08-11 16:30:00,3409.0,3019.473
2096,2023-08-11 16:45:00,2488.0,2485.2317
2097,2023-08-11 17:00:00,1581.0,1502.1593
2098,2023-08-11 17:15:00,1371.0,1033.3141
2099,2023-08-11 17:30:00,939.0,720.79047
2100,2023-08-11 17:45:00,0.0,558.53534
2101,2023-08-11 18:00:00,0.0,413.33185
2102,2023-08-11 18:15:00,0.0,401.9873
2103,2023-08-11 18:30:00,0.0,377.57364
2104,2023-08-11 18:45:00,0.0,402.36066
2105,2023-08-11 19:00:00,0.0,421.35416
2106,2023-08-11 19:15:00,0.0,447.9079
2107,2023-08-11 19:30:00,0.0,480.31635
2108,2023-08-11 19:45:00,2760.0,518.3556
2109,2023-08-12 06:00:00,2235.0,563.6723
2110,2023-08-12 06:15:00,1991.0,1539.8597
2111,2023-08-12 06:30:00,884.0,2057.1821
2112,2023-08-12 06:45:00,0.0,1428.1296
2113,2023-08-12 07:00:00,0.0,1117.2557
2114,2023-08-12 07:15:00,0.0,690.08044
2115,2023-08-12 07:30:00,0.0,527.9072
2116,2023-08-12 07:45:00,0.0,625.29974
2117,2023-08-12 08:00:00,732.0,810.101
2118,2023-08-12 08:15:00,1645.0,1084.4459
2119,2023-08-12 08:30:00,3063.0,2168.5308
2120,2023-08-12 08:45:00,2498.0,2048.7969
2121,2023-08-12 09:00:00,1574.0,2109.9622
2122,2023-08-12 09:15:00,946.0,2186.8542
2123,2023-08-12 09:30:00,681.0,1844.9523
2124,2023-08-12 09:45:00,1838.0,1559.0614
2125,2023-08-12 10:00:00,2628.0,1629.0392
2126,2023-08-12 10:15:00,1883.0,2005.3749
2127,2023-08-12 10:30:00,2644.0,3167.3438
2128,2023-08-12 10:45:00,2869.0,4862.1143
2129,2023-08-12 11:00:00,4161.0,6294.8936
2130,2023-08-12 11:15:00,11858.0,7394.977
2131,2023-08-12 11:30:00,5995.0,8019.4976
2132,2023-08-12 11:45:00,4117.0,7779.4043
2133,2023-08-12 12:00:00,5374.0,9270.054
2134,2023-08-12 12:15:00,8074.999999999999,11354.319
2135,2023-08-12 12:30:00,15476.0,11327.508
2136,2023-08-12 12:45:00,8839.0,11543.456
2137,2023-08-12 13:00:00,7820.0,9659.776
2138,2023-08-12 13:15:00,9907.0,9793.224
2139,2023-08-12 13:30:00,11169.0,10790.875
2140,2023-08-12 13:45:00,10246.0,8842.374
2141,2023-08-12 14:00:00,8276.0,9580.293
2142,2023-08-12 14:15:00,8810.0,9825.645
2143,2023-08-12 14:30:00,13579.0,11029.162
2144,2023-08-12 14:45:00,13628.0,11107.236
2145,2023-08-12 15:00:00,12549.0,10250.981
2146,2023-08-12 15:15:00,10861.0,9057.541
2147,2023-08-12 15:30:00,7398.0,8769.147
2148,2023-08-12 15:45:00,7512.0,8049.8604
2149,2023-08-12 16:00:00,9511.0,7550.8145
2150,2023-08-12 16:15:00,5310.0,6123.127
2151,2023-08-12 16:30:00,3533.0000000000005,4716.3584
2152,2023-08-12 16:45:00,5935.0,4203.6436
2153,2023-08-12 17:00:00,4703.0,3632.689
2154,2023-08-12 17:15:00,2194.0,2377.8936
2155,2023-08-12 17:30:00,1142.0,1638.8318
2156,2023-08-12 17:45:00,804.0,1002.0855
2157,2023-08-12 18:00:00,0.0,476.41132
2158,2023-08-12 18:15:00,0.0,237.0741
2159,2023-08-12 18:30:00,0.0,398.92133
2160,2023-08-12 18:45:00,0.0,392.5097
2161,2023-08-12 19:00:00,0.0,446.7273
2162,2023-08-12 19:15:00,0.0,465.6967
2163,2023-08-12 19:30:00,0.0,475.65463
2164,2023-08-12 19:45:00,895.0000000000001,484.33463
2165,2023-08-13 06:00:00,1201.0,495.9108
2166,2023-08-13 06:15:00,1060.0,932.7762
2167,2023-08-13 06:30:00,733.0,1102.757
2168,2023-08-13 06:45:00,683.0,1072.6102
2169,2023-08-13 07:00:00,1128.0,1186.3541
2170,2023-08-13 07:15:00,1427.0,1139.4803
2171,2023-08-13 07:30:00,1198.0,1325.4596
2172,2023-08-13 07:45:00,1307.0,1928.8131
2173,2023-08-13 08:00:00,2189.0,2966.7817
2174,2023-08-13 08:15:00,4633.0,4168.157
2175,2023-08-13 08:30:00,6033.000000000001,5338.005
2176,2023-08-13 08:45:00,7009.0,6145.3228
2177,2023-08-13 09:00:00,8847.0,7171.339
2178,2023-08-13 09:15:00,10731.0,7924.6255
2179,2023-08-13 09:30:00,11076.0,8145.686
2180,2023-08-13 09:45:00,7799.0,7876.7026
2181,2023-08-13 10:00:00,2828.0,7562.2866
2182,2023-08-13 10:15:00,2962.0,7866.2314
2183,2023-08-13 10:30:00,5433.0,8327.478
2184,2023-08-13 10:45:00,10585.0,8146.5005
2185,2023-08-13 11:00:00,11245.000000000002,8312.366
2186,2023-08-13 11:15:00,11367.0,8517.237
2187,2023-08-13 11:30:00,7450.0,9672.032
2188,2023-08-13 11:45:00,9304.0,11100.64
2189,2023-08-13 12:00:00,11518.0,12173.051
2190,2023-08-13 12:15:00,17435.0,11621.945
2191,2023-08-13 12:30:00,8421.0,11234.016
2192,2023-08-13 12:45:00,15772.0,10058.17
2193,2023-08-13 13:00:00,11742.0,10668.774
2194,2023-08-13 13:15:00,5975.0,9076.21
2195,2023-08-13 13:30:00,5542.0,8086.3354
2196,2023-08-13 13:45:00,6367.0,7032.696
2197,2023-08-13 14:00:00,5060.0,5114.6377
2198,2023-08-13 14:15:00,4111.0,4845.1235
2199,2023-08-13 14:30:00,3615.0000000000005,5294.2593
2200,2023-08-13 14:45:00,5149.0,5803.4595
2201,2023-08-13 15:00:00,9407.0,5725.641
2202,2023-08-13 15:15:00,5269.0,5576.0244
2203,2023-08-13 15:30:00,4547.0,5122.258
2204,2023-08-13 15:45:00,9130.0,5049.208
2205,2023-08-13 16:00:00,5545.0,4107.66
2206,2023-08-13 16:15:00,1599.0000000000002,3165.1958
2207,2023-08-13 16:30:00,947.0,2101.6572
2208,2023-08-13 16:45:00,614.0,1047.9768
2209,2023-08-13 17:00:00,0.0,388.17545
2210,2023-08-13 17:15:00,0.0,276.3885
2211,2023-08-13 17:30:00,0.0,428.4998
2212,2023-08-13 17:45:00,707.0,436.86133
2213,2023-08-13 18:00:00,0.0,480.329
2214,2023-08-13 18:15:00,0.0,471.9845
2215,2023-08-13 18:30:00,0.0,431.42432
2216,2023-08-13 18:45:00,0.0,424.70886
2217,2023-08-13 19:00:00,0.0,438.9824
2218,2023-08-13 19:15:00,0.0,448.5707
2219,2023-08-13 19:30:00,0.0,466.01004
2220,2023-08-13 19:45:00,841.0,489.6952
2221,2023-08-14 06:00:00,1600.0,513.6205
2222,2023-08-14 06:15:00,2131.0,1031.389
2223,2023-08-14 06:30:00,2631.0,1387.7638
2224,2023-08-14 06:45:00,2712.0,1771.4592
2225,2023-08-14 07:00:00,2635.0,2236.636
2226,2023-08-14 07:15:00,2838.0,2349.2017
2227,2023-08-14 07:30:00,2468.0,2201.254
2228,2023-08-14 07:45:00,2410.0,2371.3672
2229,2023-08-14 08:00:00,2441.0,3333.5354
2230,2023-08-14 08:15:00,6799.0,4552.271
2231,2023-08-14 08:30:00,5784.0,6509.791
2232,2023-08-14 08:45:00,6487.0,7529.5723
2233,2023-08-14 09:00:00,8872.0,8624.485
2234,2023-08-14 09:15:00,10313.0,10165.258
2235,2023-08-14 09:30:00,11643.000000000002,10657.102
2236,2023-08-14 09:45:00,12733.0,12040.67
2237,2023-08-14 10:00:00,13230.999999999998,12964.878
2238,2023-08-14 10:15:00,12678.0,14117.269
2239,2023-08-14 10:30:00,15191.0,15021.614
2240,2023-08-14 10:45:00,16112.000000000002,15138.574
2241,2023-08-14 11:00:00,11538.0,14708.052
2242,2023-08-14 11:15:00,18076.0,14853.221
2243,2023-08-14 11:30:00,16404.0,16645.688
2244,2023-08-14 11:45:00,15738.0,16783.525
2245,2023-08-14 12:00:00,17390.0,15830.636
2246,2023-08-14 12:15:00,14917.999999999998,17019.672
2247,2023-08-14 12:30:00,14538.0,14909.174
2248,2023-08-14 12:45:00,14034.0,14857.263
2249,2023-08-14 13:00:00,16552.0,14669.073
2250,2023-08-14 13:15:00,16216.0,16564.652
2251,2023-08-14 13:30:00,16044.0,15922.572
2252,2023-08-14 13:45:00,15819.000000000002,15137.639
2253,2023-08-14 14:00:00,14712.0,15841.764
2254,2023-08-14 14:15:00,14667.000000000002,14447.963
2255,2023-08-14 14:30:00,13739.0,14375.029
2256,2023-08-14 14:45:00,12853.0,14059.407
2257,2023-08-14 15:00:00,12361.999999999998,13168.799
2258,2023-08-14 15:15:00,10905.0,12066.469
2259,2023-08-14 15:30:00,12127.0,10926.218
2260,2023-08-14 15:45:00,9473.0,11264.012
2261,2023-08-14 16:00:00,7227.0,9428.1875
2262,2023-08-14 16:15:00,2178.0,4124.4893
2263,2023-08-14 16:30:00,3469.0,2448.7654
2264,2023-08-14 16:45:00,3188.0,2485.7544
2265,2023-08-14 17:00:00,2631.0,1657.2307
2266,2023-08-14 17:15:00,2208.0,1348.0782
2267,2023-08-14 17:30:00,2310.0,1310.1622
2268,2023-08-14 17:45:00,1287.0,1252.5255
2269,2023-08-14 18:00:00,910.0,1187.2394
2270,2023-08-14 18:15:00,0.0,1039.9392
2271,2023-08-14 18:30:00,0.0,910.3938
2272,2023-08-14 18:45:00,0.0,634.14624
2273,2023-08-14 19:00:00,0.0,539.6854
2274,2023-08-14 19:15:00,0.0,498.31876
2275,2023-08-14 19:30:00,0.0,468.73083
2276,2023-08-14 19:45:00,512.0,460.03772
2277,2023-08-15 06:00:00,756.0,459.6006
2278,2023-08-15 06:15:00,1792.0000000000002,633.31573
2279,2023-08-15 06:30:00,1088.0,594.57776
2280,2023-08-15 06:45:00,906.0,679.8325
2281,2023-08-15 07:00:00,1157.0,920.0685
2282,2023-08-15 07:15:00,1249.0,1284.3695
2283,2023-08-15 07:30:00,1443.0000000000002,1808.9216
2284,2023-08-15 07:45:00,1861.0,2681.8162
2285,2023-08-15 08:00:00,2338.0,3814.6208
2286,2023-08-15 08:15:00,5044.0,5251.3267
2287,2023-08-15 08:30:00,6918.000000000001,6685.6733
2288,2023-08-15 08:45:00,8469.0,7659.6987
2289,2023-08-15 09:00:00,10388.0,8665.96
2290,2023-08-15 09:15:00,9899.0,9667.797
2291,2023-08-15 09:30:00,8693.0,10284.33
2292,2023-08-15 09:45:00,11763.0,11165.51
2293,2023-08-15 10:00:00,13242.0,12444.314
2294,2023-08-15 10:15:00,12056.0,12818.274
2295,2023-08-15 10:30:00,11344.0,13407.838
2296,2023-08-15 10:45:00,11000.0,14162.092
2297,2023-08-15 11:00:00,11503.0,14038.781
2298,2023-08-15 11:15:00,14807.000000000002,14007.4
2299,2023-08-15 11:30:00,9288.0,13283.604
2300,2023-08-15 11:45:00,12799.0,13093.4795
2301,2023-08-15 12:00:00,18509.0,14618.101
2302,2023-08-15 12:15:00,12526.0,15445.111
2303,2023-08-15 12:30:00,11568.999999999998,13869.859
2304,2023-08-15 12:45:00,11104.0,14414.075
2305,2023-08-15 13:00:00,11084.0,13100.895
2306,2023-08-15 13:15:00,11903.0,11120.332
2307,2023-08-15 13:30:00,11755.0,10478.781
2308,2023-08-15 13:45:00,10892.0,10373.019
2309,2023-08-15 14:00:00,10697.0,11201.283
2310,2023-08-15 14:15:00,12663.999999999998,12063.812
2311,2023-08-15 14:30:00,14384.0,11846.442
2312,2023-08-15 14:45:00,9876.0,10415.725
2313,2023-08-15 15:00:00,5547.0,8797.649
2314,2023-08-15 15:15:00,10313.0,7583.6567
2315,2023-08-15 15:30:00,9138.0,7542.471
2316,2023-08-15 15:45:00,8777.0,7022.859
2317,2023-08-15 16:00:00,5780.000000000001,6302.1924
2318,2023-08-15 16:15:00,5504.0,6319.0083
2319,2023-08-15 16:30:00,6136.0,5496.0127
2320,2023-08-15 16:45:00,4002.0,4286.906
2321,2023-08-15 17:00:00,2329.0,2660.6099
2322,2023-08-15 17:15:00,1332.0,1703.0875
2323,2023-08-15 17:30:00,0.0,831.89264
2324,2023-08-15 17:45:00,1016.0,303.84003
2325,2023-08-15 18:00:00,688.0,450.6816
2326,2023-08-15 18:15:00,0.0,287.2858
2327,2023-08-15 18:30:00,0.0,411.41788
2328,2023-08-15 18:45:00,0.0,418.36047
2329,2023-08-15 19:00:00,0.0,389.7922
2330,2023-08-15 19:15:00,0.0,404.84488
2331,2023-08-15 19:30:00,0.0,405.0075
2332,2023-08-15 19:45:00,0.0,420.13803
2333,2023-08-16 06:00:00,0.0,444.7181
2334,2023-08-16 06:15:00,1026.0,648.6953
2335,2023-08-16 06:30:00,1339.0,663.753
2336,2023-08-16 06:45:00,1043.0,992.7709
2337,2023-08-16 07:00:00,1450.0,1469.8044
2338,2023-08-16 07:15:00,2167.0,1570.5454
2339,2023-08-16 07:30:00,2833.0,1885.958
2340,2023-08-16 07:45:00,2939.9999999999995,2171.0767
2341,2023-08-16 08:00:00,3339.0,2875.9697
2342,2023-08-16 08:15:00,4268.0,3784.528
2343,2023-08-16 08:30:00,5832.0,4797.159
2344,2023-08-16 08:45:00,6154.000000000001,5474.0317
2345,2023-08-16 09:00:00,5860.999999999999,6480.0845
2346,2023-08-16 09:15:00,6164.0,7595.747
2347,2023-08-16 09:30:00,7376.0,8535.617
2348,2023-08-16 09:45:00,11626.0,9707.454
2349,2023-08-16 10:00:00,9500.0,10796.119
2350,2023-08-16 10:15:00,12457.0,11068.068
2351,2023-08-16 10:30:00,8286.0,11146.836
2352,2023-08-16 10:45:00,10681.0,10436.895
2353,2023-08-16 11:00:00,11384.0,11288.299
2354,2023-08-16 11:15:00,9665.0,11869.028
2355,2023-08-16 11:30:00,10565.0,11703.577
2356,2023-08-16 11:45:00,12061.0,13893.003
2357,2023-08-16 12:00:00,17013.0,14997.597
2358,2023-08-16 12:15:00,17768.0,16125.449
2359,2023-08-16 12:30:00,16581.0,16254.592
2360,2023-08-16 12:45:00,16619.0,16209.62
2361,2023-08-16 13:00:00,16355.0,14654.715
2362,2023-08-16 13:15:00,8677.0,13139.608
2363,2023-08-16 13:30:00,9472.0,11952.389
2364,2023-08-16 13:45:00,14772.000000000002,11827.695
2365,2023-08-16 14:00:00,13739.0,11785.664
2366,2023-08-16 14:15:00,8668.0,8843.686
2367,2023-08-16 14:30:00,5781.0,6979.2524
2368,2023-08-16 14:45:00,3880.0000000000005,7555.0386
2369,2023-08-16 15:00:00,3388.0,6883.244
2370,2023-08-16 15:15:00,4044.0,6073.674
2371,2023-08-16 15:30:00,5788.000000000001,5745.2637
2372,2023-08-16 15:45:00,6357.0,4911.6553
2373,2023-08-16 16:00:00,4698.0,4092.8225
2374,2023-08-16 16:15:00,4376.0,3722.2654
2375,2023-08-16 16:30:00,2203.0,3146.4902
2376,2023-08-16 16:45:00,1718.0,1666.6342
2377,2023-08-16 17:00:00,1365.0,1148.385
2378,2023-08-16 17:15:00,0.0,806.31177
2379,2023-08-16 17:30:00,0.0,515.80334
2380,2023-08-16 17:45:00,0.0,480.5036
2381,2023-08-16 18:00:00,0.0,381.7517
2382,2023-08-16 18:15:00,0.0,417.83194
2383,2023-08-16 18:30:00,0.0,423.83807
2384,2023-08-16 18:45:00,0.0,428.88025
2385,2023-08-16 19:00:00,0.0,434.41916
2386,2023-08-16 19:15:00,0.0,442.55194
2387,2023-08-16 19:30:00,0.0,454.23563
2388,2023-08-16 19:45:00,931.0000000000001,466.484
2389,2023-08-17 06:00:00,952.0,482.82416
2390,2023-08-17 06:15:00,804.0,1011.3677
2391,2023-08-17 06:30:00,1122.0,1231.0632
2392,2023-08-17 06:45:00,1693.0,1139.4612
2393,2023-08-17 07:00:00,1526.0,1314.1669
2394,2023-08-17 07:15:00,2212.0,1509.9905
2395,2023-08-17 07:30:00,2523.0,1775.5559
2396,2023-08-17 07:45:00,2282.0,2055.5679
2397,2023-08-17 08:00:00,2832.0,2427.8728
2398,2023-08-17 08:15:00,2164.0,2613.5762
2399,2023-08-17 08:30:00,2113.0,2457.9814
2400,2023-08-17 08:45:00,1789.0,2248.0608
2401,2023-08-17 09:00:00,1104.0,2116.1533
2402,2023-08-17 09:15:00,1360.0,1934.9307
2403,2023-08-17 09:30:00,1632.0000000000002,1998.2134
2404,2023-08-17 09:45:00,2103.0,2354.5356
2405,2023-08-17 10:00:00,2837.0,2796.3972
2406,2023-08-17 10:15:00,3380.0,3170.148
2407,2023-08-17 10:30:00,3000.0,3438.5374
2408,2023-08-17 10:45:00,3253.0,3337.4219
2409,2023-08-17 11:00:00,3060.0,3121.4194
2410,2023-08-17 11:15:00,3040.0,3187.4292
2411,2023-08-17 11:30:00,3471.0000000000005,3331.8167
2412,2023-08-17 11:45:00,2910.0,3269.6904
2413,2023-08-17 12:00:00,2498.0,3036.8818
2414,2023-08-17 12:15:00,2434.0,2806.1724
2415,2023-08-17 12:30:00,3116.0000000000005,2729.1047
2416,2023-08-17 12:45:00,2380.0,2635.7468
2417,2023-08-17 13:00:00,3511.0,2754.9956
2418,2023-08-17 13:15:00,3411.9999999999995,3086.0513
2419,2023-08-17 13:30:00,2567.0,2989.6594
2420,2023-08-17 13:45:00,2417.0,2475.9082
2421,2023-08-17 14:00:00,2038.9999999999998,2371.89
2422,2023-08-17 14:15:00,2070.0,1934.7603
2423,2023-08-17 14:30:00,1938.0000000000002,1978.4574
2424,2023-08-17 14:45:00,1422.0,1776.1381
2425,2023-08-17 15:00:00,1302.0,1448.1511
2426,2023-08-17 15:15:00,989.0,1123.3136
2427,2023-08-17 15:30:00,772.9999999999999,1000.2296
2428,2023-08-17 15:45:00,1186.0,1006.8258
2429,2023-08-17 16:00:00,826.0,860.31384
2430,2023-08-17 16:15:00,0.0,685.128
2431,2023-08-17 16:30:00,0.0,518.4875
2432,2023-08-17 16:45:00,0.0,401.55405
2433,2023-08-17 17:00:00,0.0,324.4137
2434,2023-08-17 17:15:00,0.0,327.1079
2435,2023-08-17 17:30:00,0.0,321.73914
2436,2023-08-17 17:45:00,0.0,325.05875
2437,2023-08-17 18:00:00,0.0,333.88474
2438,2023-08-17 18:15:00,0.0,344.09836
2439,2023-08-17 18:30:00,0.0,358.1361
2440,2023-08-17 18:45:00,0.0,371.57346
2441,2023-08-17 19:00:00,0.0,390.0478
2442,2023-08-17 19:15:00,0.0,401.56958
2443,2023-08-17 19:30:00,0.0,414.9879
2444,2023-08-17 19:45:00,1296.0,430.2214
2445,2023-08-18 06:00:00,1000.9999999999999,447.08212
2446,2023-08-18 06:15:00,1050.0,1022.92664
2447,2023-08-18 06:30:00,1650.0,1202.4376
2448,2023-08-18 06:45:00,1805.0,1303.3812
2449,2023-08-18 07:00:00,1590.9999999999998,1587.3037
2450,2023-08-18 07:15:00,1777.0,1797.2289
2451,2023-08-18 07:30:00,2091.0,2023.0961
2452,2023-08-18 07:45:00,2310.0,2322.6943
2453,2023-08-18 08:00:00,2454.0,2832.6362
2454,2023-08-18 08:15:00,2803.9999999999995,3383.483
2455,2023-08-18 08:30:00,3559.9999999999995,4115.8896
2456,2023-08-18 08:45:00,3698.0,4666.362
2457,2023-08-18 09:00:00,3703.0,4969.4966
2458,2023-08-18 09:15:00,4201.0,5525.8047
2459,2023-08-18 09:30:00,4418.0,6163.6665
2460,2023-08-18 09:45:00,5184.0,6770.812
2461,2023-08-18 10:00:00,5540.0,7431.651
2462,2023-08-18 10:15:00,7401.0,8713.986
2463,2023-08-18 10:30:00,9138.0,9645.344
2464,2023-08-18 10:45:00,8090.0,10110.753
2465,2023-08-18 11:00:00,10472.0,11553.652
2466,2023-08-18 11:15:00,16167.0,13392.605
2467,2023-08-18 11:30:00,15264.0,14961.854
2468,2023-08-18 11:45:00,17313.0,14744.413
2469,2023-08-18 12:00:00,16748.0,14440.247
2470,2023-08-18 12:15:00,16974.0,15032.687
2471,2023-08-18 12:30:00,16361.0,15031.407
2472,2023-08-18 12:45:00,15843.0,14901.831
2473,2023-08-18 13:00:00,16270.0,14887.437
2474,2023-08-18 13:15:00,15597.0,15141.605
2475,2023-08-18 13:30:00,14374.000000000002,14402.511
2476,2023-08-18 13:45:00,13713.0,13960.504
2477,2023-08-18 14:00:00,13699.000000000002,13761.332
2478,2023-08-18 14:15:00,13496.0,13435.274
2479,2023-08-18 14:30:00,12778.0,12909.418
2480,2023-08-18 14:45:00,12548.0,12502.855
2481,2023-08-18 15:00:00,9830.0,11463.224
2482,2023-08-18 15:15:00,8994.0,9698.555
2483,2023-08-18 15:30:00,9585.0,9288.771
2484,2023-08-18 15:45:00,8601.0,8544.8955
2485,2023-08-18 16:00:00,6053.0,6958.112
2486,2023-08-18 16:15:00,4194.0,5979.6353
2487,2023-08-18 16:30:00,2107.0,5089.2915
2488,2023-08-18 16:45:00,1791.0,4078.923
2489,2023-08-18 17:00:00,2508.0,3048.23
2490,2023-08-18 17:15:00,2297.0,1978.2249
2491,2023-08-18 17:30:00,1105.0,1117.1572
2492,2023-08-18 17:45:00,0.0,807.5426
2493,2023-08-18 18:00:00,0.0,575.5287
2494,2023-08-18 18:15:00,0.0,491.45068
2495,2023-08-18 18:30:00,0.0,358.8547
2496,2023-08-18 18:45:00,0.0,411.4442
2497,2023-08-18 19:00:00,0.0,424.8667
2498,2023-08-18 19:15:00,0.0,438.77438
2499,2023-08-18 19:30:00,0.0,457.84485
2500,2023-08-18 19:45:00,943.0,480.13174
2501,2023-08-19 06:00:00,1060.0,510.31876
2502,2023-08-19 06:15:00,1547.9999999999998,1151.8691
2503,2023-08-19 06:30:00,1590.0,1570.8271
2504,2023-08-19 06:45:00,1840.0,1711.0493
2505,2023-08-19 07:00:00,1849.9999999999998,1915.648
2506,2023-08-19 07:15:00,2095.0,1995.0326
2507,2023-08-19 07:30:00,2702.0,2249.6301
2508,2023-08-19 07:45:00,2702.0,2617.865
2509,2023-08-19 08:00:00,3212.9999999999995,3153.3586
2510,2023-08-19 08:15:00,3577.0,3688.9248
2511,2023-08-19 08:30:00,4500.0,4331.2207
2512,2023-08-19 08:45:00,5318.0,4690.232
2513,2023-08-19 09:00:00,7040.0,6036.178
2514,2023-08-19 09:15:00,5496.0,6882.5054
2515,2023-08-19 09:30:00,6238.0,5916.799
2516,2023-08-19 09:45:00,7701.000000000001,5992.81
2517,2023-08-19 10:00:00,4714.0,6539.3975
2518,2023-08-19 10:15:00,5801.999999999999,5680.3315
2519,2023-08-19 10:30:00,6741.0,5568.621
2520,2023-08-19 10:45:00,2386.0,4569.8237
2521,2023-08-19 11:00:00,1540.0,3943.8499
2522,2023-08-19 11:15:00,2701.0,4326.42
2523,2023-08-19 11:30:00,6185.0,4020.9597
2524,2023-08-19 11:45:00,5774.0,3825.8308
2525,2023-08-19 12:00:00,3082.0,3450.793
2526,2023-08-19 12:15:00,2657.0,3316.479
2527,2023-08-19 12:30:00,1540.0,3323.7449
2528,2023-08-19 12:45:00,2726.0,2888.6086
2529,2023-08-19 13:00:00,2610.0,2523.968
2530,2023-08-19 13:15:00,1871.0,2434.9458
2531,2023-08-19 13:30:00,2063.0,2403.804
2532,2023-08-19 13:45:00,2018.0000000000002,2500.5227
2533,2023-08-19 14:00:00,1508.9999999999998,2247.6353
2534,2023-08-19 14:15:00,1538.0,2088.8186
2535,2023-08-19 14:30:00,1469.9999999999998,2029.854
2536,2023-08-19 14:45:00,898.0,1684.4092
2537,2023-08-19 15:00:00,0.0,1406.3634
2538,2023-08-19 15:15:00,1458.0,929.82684
2539,2023-08-19 15:30:00,2674.0,956.7664
2540,2023-08-19 15:45:00,3902.9999999999995,1439.6271
2541,2023-08-19 16:00:00,8445.0,3286.9038
2542,2023-08-19 16:15:00,7290.0,4049.0051
2543,2023-08-19 16:30:00,5991.0,4813.182
2544,2023-08-19 16:45:00,4848.0,4229.1797
2545,2023-08-19 17:00:00,2522.0,3571.8496
2546,2023-08-19 17:15:00,1773.0,2474.0269
2547,2023-08-19 17:30:00,1158.0,1681.1707
2548,2023-08-19 17:45:00,1325.0,997.11597
2549,2023-08-19 18:00:00,0.0,588.0536
2550,2023-08-19 18:15:00,0.0,383.3644
2551,2023-08-19 18:30:00,0.0,400.47006
2552,2023-08-19 18:45:00,0.0,388.65384
2553,2023-08-19 19:00:00,0.0,432.01755
2554,2023-08-19 19:15:00,0.0,444.06927
2555,2023-08-19 19:30:00,0.0,448.71002
2556,2023-08-19 19:45:00,480.0,451.04385
2557,2023-08-20 06:00:00,562.0,452.66705
2558,2023-08-20 06:15:00,666.0,753.91437
2559,2023-08-20 06:30:00,743.0000000000001,666.6763
2560,2023-08-20 06:45:00,849.9999999999999,689.8347
2561,2023-08-20 07:00:00,970.0000000000001,839.3957
2562,2023-08-20 07:15:00,1102.0,963.13745
2563,2023-08-20 07:30:00,1341.0,1127.9305
2564,2023-08-20 07:45:00,1593.0000000000002,1433.5272
2565,2023-08-20 08:00:00,2438.0,2125.1348
2566,2023-08-20 08:15:00,3490.0000000000005,3213.0981
2567,2023-08-20 08:30:00,5197.0,4695.8296
2568,2023-08-20 08:45:00,6729.0,6237.7173
2569,2023-08-20 09:00:00,8361.0,7842.8135
2570,2023-08-20 09:15:00,9831.0,9389.018
2571,2023-08-20 09:30:00,11070.0,10796.808
2572,2023-08-20 09:45:00,11926.000000000002,11912.997
2573,2023-08-20 10:00:00,13357.999999999998,12852.051
2574,2023-08-20 10:15:00,13177.000000000002,13637.098
2575,2023-08-20 10:30:00,14986.0,14181.142
2576,2023-08-20 10:45:00,15693.0,15079.196
2577,2023-08-20 11:00:00,14263.0,15244.204
2578,2023-08-20 11:15:00,13930.0,15652.31
2579,2023-08-20 11:30:00,16779.0,16100.893
2580,2023-08-20 11:45:00,18225.0,16831.521
2581,2023-08-20 12:00:00,18017.0,16837.89
2582,2023-08-20 12:15:00,17747.0,17098.707
2583,2023-08-20 12:30:00,17861.0,17553.037
2584,2023-08-20 12:45:00,17564.0,17455.754
2585,2023-08-20 13:00:00,17073.0,17485.023
2586,2023-08-20 13:15:00,16691.0,16950.88
2587,2023-08-20 13:30:00,16324.999999999998,16739.81
2588,2023-08-20 13:45:00,15933.0,15866.454
2589,2023-08-20 14:00:00,14858.000000000002,15156.936
2590,2023-08-20 14:15:00,13182.999999999998,13801.954
2591,2023-08-20 14:30:00,11266.0,12501.675
2592,2023-08-20 14:45:00,11998.999999999998,11979.4
2593,2023-08-20 15:00:00,11339.999999999998,11879.321
2594,2023-08-20 15:15:00,11628.0,11118.661
2595,2023-08-20 15:30:00,10515.0,10234.003
2596,2023-08-20 15:45:00,9506.0,8782.12
2597,2023-08-20 16:00:00,8107.000000000001,7361.3096
2598,2023-08-20 16:15:00,7189.0,6335.5996
2599,2023-08-20 16:30:00,6191.999999999999,5103.499
2600,2023-08-20 16:45:00,5041.0,3905.8088
2601,2023-08-20 17:00:00,3703.0,2917.4814
2602,2023-08-20 17:15:00,1551.9999999999998,1872.1758
2603,2023-08-20 17:30:00,0.0,1146.4653
2604,2023-08-20 17:45:00,0.0,637.32385
2605,2023-08-20 18:00:00,0.0,437.34332
2606,2023-08-20 18:15:00,0.0,391.0831
2607,2023-08-20 18:30:00,0.0,426.19827
2608,2023-08-20 18:45:00,0.0,440.61426
2609,2023-08-20 19:00:00,0.0,453.4653
2610,2023-08-20 19:15:00,0.0,465.1098
2611,2023-08-20 19:30:00,0.0,477.1085
2612,2023-08-20 19:45:00,974.0,491.3887
2613,2023-08-21 06:00:00,1053.0,507.16873
2614,2023-08-21 06:15:00,1121.0,973.8734
2615,2023-08-21 06:30:00,1915.0,1178.6188
2616,2023-08-21 06:45:00,1695.0,1348.2927
2617,2023-08-21 07:00:00,2229.0,1788.521
2618,2023-08-21 07:15:00,2130.0,2097.4143
2619,2023-08-21 07:30:00,2354.0,2416.606
2620,2023-08-21 07:45:00,3836.0,2871.9595
2621,2023-08-21 08:00:00,4491.0,3803.3032
2622,2023-08-21 08:15:00,6307.0,5403.5337
2623,2023-08-21 08:30:00,7606.0,7037.1055
2624,2023-08-21 08:45:00,5813.0,6862.7173
2625,2023-08-21 09:00:00,3619.0000000000005,6190.1025
2626,2023-08-21 09:15:00,5868.999999999999,5424.7876
2627,2023-08-21 09:30:00,4292.0,5177.964
2628,2023-08-21 09:45:00,6542.0,5631.2407
2629,2023-08-21 10:00:00,6538.0,5941.4854
2630,2023-08-21 10:15:00,5807.000000000001,6907.1104
2631,2023-08-21 10:30:00,10194.0,8380.1045
2632,2023-08-21 10:45:00,10996.0,10057.849
2633,2023-08-21 11:00:00,10787.0,10123.3
2634,2023-08-21 11:15:00,9961.0,11308.8125
2635,2023-08-21 11:30:00,12894.000000000002,13498.79
2636,2023-08-21 11:45:00,17327.0,14682.986
2637,2023-08-21 12:00:00,17361.0,16250.054
2638,2023-08-21 12:15:00,16879.0,16255.751
2639,2023-08-21 12:30:00,16473.0,17036.688
2640,2023-08-21 12:45:00,15586.0,16876.639
2641,2023-08-21 13:00:00,16631.0,16408.254
2642,2023-08-21 13:15:00,13682.0,15542.033
2643,2023-08-21 13:30:00,17171.0,14769.132
2644,2023-08-21 13:45:00,10846.0,15362.1455
2645,2023-08-21 14:00:00,10275.0,11613.996
2646,2023-08-21 14:15:00,9181.0,5895.3794
2647,2023-08-21 14:30:00,11933.0,11538.638
2648,2023-08-21 14:45:00,9778.0,11586.348
2649,2023-08-21 15:00:00,13007.0,8388.3125
2650,2023-08-21 15:15:00,9456.0,9745.412
2651,2023-08-21 15:30:00,9641.0,10148.305
2652,2023-08-21 15:45:00,9157.0,6158.6465
2653,2023-08-21 16:00:00,7804.0,6856.4224
2654,2023-08-21 16:15:00,6789.000000000001,5436.579
2655,2023-08-21 16:30:00,5143.0,4347.3633
2656,2023-08-21 16:45:00,2817.0,2868.1426
2657,2023-08-21 17:00:00,2914.0,2002.9373
2658,2023-08-21 17:15:00,827.0,1054.006
2659,2023-08-21 17:30:00,1491.0,723.98883
2660,2023-08-21 17:45:00,813.9999999999999,513.12573
2661,2023-08-21 18:00:00,0.0,423.75214
2662,2023-08-21 18:15:00,0.0,388.52194
2663,2023-08-21 18:30:00,0.0,463.2644
2664,2023-08-21 18:45:00,0.0,445.19376
2665,2023-08-21 19:00:00,0.0,477.32996
2666,2023-08-21 19:15:00,0.0,487.1475
2667,2023-08-21 19:30:00,0.0,499.68314
2668,2023-08-21 19:45:00,691.0,512.54126
2669,2023-08-22 06:00:00,834.0,524.39984
2670,2023-08-22 06:15:00,1807.0,968.559
2671,2023-08-22 06:30:00,2097.0,1304.876
2672,2023-08-22 06:45:00,2314.0,1669.1198
2673,2023-08-22 07:00:00,1577.0,2012.9215
2674,2023-08-22 07:15:00,1409.0,1899.2009
2675,2023-08-22 07:30:00,1910.0,1629.588
2676,2023-08-22 07:45:00,2427.0,1806.5992
2677,2023-08-22 08:00:00,4150.0,2583.6597
2678,2023-08-22 08:15:00,4685.0,4007.5269
2679,2023-08-22 08:30:00,5071.0,5534.028
2680,2023-08-22 08:45:00,5260.0,6211.164
2681,2023-08-22 09:00:00,5467.0,7188.74
2682,2023-08-22 09:15:00,7103.999999999999,7491.74
2683,2023-08-22 09:30:00,8322.0,7735.7773
2684,2023-08-22 09:45:00,7093.000000000001,7966.7383
2685,2023-08-22 10:00:00,7660.0,9038.273
2686,2023-08-22 10:15:00,11670.0,10535.454
2687,2023-08-22 10:30:00,10534.0,10878.9375
2688,2023-08-22 10:45:00,7379.0,9969.013
2689,2023-08-22 11:00:00,6209.0,8620.884
2690,2023-08-22 11:15:00,7407.999999999999,8330.434
2691,2023-08-22 11:30:00,6640.0,7140.1714
2692,2023-08-22 11:45:00,6823.0,6905.2236
2693,2023-08-22 12:00:00,7902.0,7798.5386
2694,2023-08-22 12:15:00,8581.0,7717.702
2695,2023-08-22 12:30:00,6089.0,7303.79
2696,2023-08-22 12:45:00,4924.0,6557.8467
2697,2023-08-22 13:00:00,5331.0,5807.0605
2698,2023-08-22 13:15:00,4750.0,6124.024
2699,2023-08-22 13:30:00,8354.0,6125.281
2700,2023-08-22 13:45:00,8319.0,8072.533
2701,2023-08-22 14:00:00,13968.0,9842.283
2702,2023-08-22 14:15:00,12905.999999999998,11266.582
2703,2023-08-22 14:30:00,7150.0,9883.099
2704,2023-08-22 14:45:00,12991.0,8294.059
2705,2023-08-22 15:00:00,11884.0,8809.263
2706,2023-08-22 15:15:00,10956.0,7260.5435
2707,2023-08-22 15:30:00,10151.0,5672.1533
2708,2023-08-22 15:45:00,8988.0,5729.6865
2709,2023-08-22 16:00:00,7861.0,4941.2095
2710,2023-08-22 16:15:00,6631.0,4465.6743
2711,2023-08-22 16:30:00,5489.0,3752.101
2712,2023-08-22 16:45:00,4246.0,3081.0122
2713,2023-08-22 17:00:00,3394.0,2346.1836
2714,2023-08-22 17:15:00,2564.0,1824.7493
2715,2023-08-22 17:30:00,1648.0,1384.5662
2716,2023-08-22 17:45:00,858.0000000000001,976.6081
2717,2023-08-22 18:00:00,0.0,701.9481
2718,2023-08-22 18:15:00,0.0,484.46246
2719,2023-08-22 18:30:00,0.0,437.41962
2720,2023-08-22 18:45:00,0.0,403.33524
2721,2023-08-22 19:00:00,0.0,428.86652
2722,2023-08-22 19:15:00,0.0,438.86975
2723,2023-08-22 19:30:00,0.0,451.6996
2724,2023-08-22 19:45:00,424.99999999999994,467.77716
2725,2023-08-23 06:00:00,476.0,483.294
2726,2023-08-23 06:15:00,563.0,885.2495
2727,2023-08-23 06:30:00,635.0,947.1767
2728,2023-08-23 06:45:00,733.0,1007.5552
2729,2023-08-23 07:00:00,800.0,1117.5299
2730,2023-08-23 07:15:00,877.0,1166.9495
2731,2023-08-23 07:30:00,994.0,1172.6514
2732,2023-08-23 07:45:00,1340.0,1345.7906
2733,2023-08-23 08:00:00,1886.9999999999998,1736.5215
2734,2023-08-23 08:15:00,2184.0,2404.4148
2735,2023-08-23 08:30:00,4488.0,3602.4753
2736,2023-08-23 08:45:00,5800.0,5373.8774
2737,2023-08-23 09:00:00,7309.0,7087.709
2738,2023-08-23 09:15:00,9132.0,8675.092
2739,2023-08-23 09:30:00,10617.0,10276.303
2740,2023-08-23 09:45:00,11635.0,11204.979
2741,2023-08-23 10:00:00,12615.0,12222.346
2742,2023-08-23 10:15:00,13295.000000000002,13108.855
2743,2023-08-23 10:30:00,14183.000000000002,13822.041
2744,2023-08-23 10:45:00,13697.0,14278.718
2745,2023-08-23 11:00:00,16182.000000000002,15103.141
2746,2023-08-23 11:15:00,16823.0,15593.028
2747,2023-08-23 11:30:00,16509.0,15034.498
2748,2023-08-23 11:45:00,15809.0,15104.637
2749,2023-08-23 12:00:00,11145.999999999998,14495.793
2750,2023-08-23 12:15:00,18001.0,15027.18
2751,2023-08-23 12:30:00,16195.000000000002,17037.1
2752,2023-08-23 12:45:00,17459.0,17254.723
2753,2023-08-23 13:00:00,15297.000000000002,15908.263
2754,2023-08-23 13:15:00,13815.0,15255.113
2755,2023-08-23 13:30:00,13344.0,15076.8955
2756,2023-08-23 13:45:00,14386.0,14012.544
2757,2023-08-23 14:00:00,14869.0,14303.093
2758,2023-08-23 14:15:00,14067.0,14016.21
2759,2023-08-23 14:30:00,13175.0,13680.75
2760,2023-08-23 14:45:00,11968.0,12636.02
2761,2023-08-23 15:00:00,11630.000000000002,12198.159
2762,2023-08-23 15:15:00,10889.0,10848.172
2763,2023-08-23 15:30:00,9960.0,9471.138
2764,2023-08-23 15:45:00,8649.0,8217.289
2765,2023-08-23 16:00:00,7310.0,7081.75
2766,2023-08-23 16:15:00,6587.000000000001,5843.319
2767,2023-08-23 16:30:00,5345.0,5116.586
2768,2023-08-23 16:45:00,4227.0,3856.6963
2769,2023-08-23 17:00:00,2978.0,2341.1406
2770,2023-08-23 17:15:00,733.0,1379.0868
2771,2023-08-23 17:30:00,0.0,627.5906
2772,2023-08-23 17:45:00,0.0,230.44615
2773,2023-08-23 18:00:00,0.0,292.6568
2774,2023-08-23 18:15:00,0.0,311.3857
2775,2023-08-23 18:30:00,0.0,363.08212
2776,2023-08-23 18:45:00,0.0,378.20355
2777,2023-08-23 19:00:00,0.0,389.22647
2778,2023-08-23 19:15:00,0.0,390.71606
2779,2023-08-23 19:30:00,0.0,392.34543
2780,2023-08-23 19:45:00,427.00000000000006,396.90387
2781,2023-08-24 06:00:00,462.99999999999994,402.74332
2782,2023-08-24 06:15:00,550.0,846.54785
2783,2023-08-24 06:30:00,645.0,876.3435
2784,2023-08-24 06:45:00,1242.0,1078.4479
2785,2023-08-24 07:00:00,831.0,1409.8029
2786,2023-08-24 07:15:00,983.0,1555.6808
2787,2023-08-24 07:30:00,1198.0,1885.5707
2788,2023-08-24 07:45:00,1561.0,2364.025
2789,2023-08-24 08:00:00,2163.0,2982.0205
2790,2023-08-24 08:15:00,2750.0,4008.6133
2791,2023-08-24 08:30:00,4874.0,5391.527
2792,2023-08-24 08:45:00,6860.0,6709.978
2793,2023-08-24 09:00:00,7036.0,7832.4565
2794,2023-08-24 09:15:00,7754.999999999999,8882.122
2795,2023-08-24 09:30:00,7894.0,9885.236
2796,2023-08-24 09:45:00,10928.0,10949.037
2797,2023-08-24 10:00:00,12635.0,11559.849
2798,2023-08-24 10:15:00,11935.0,12055.684
2799,2023-08-24 10:30:00,11113.0,12455.3545
2800,2023-08-24 10:45:00,13789.0,13170.782
2801,2023-08-24 11:00:00,14384.0,12853.363
2802,2023-08-24 11:15:00,9229.0,11496.063
2803,2023-08-24 11:30:00,5663.0,9876.449
2804,2023-08-24 11:45:00,5951.0,8076.5405
2805,2023-08-24 12:00:00,6335.0,7492.1333
2806,2023-08-24 12:15:00,7520.999999999999,6742.483
2807,2023-08-24 12:30:00,4940.0,5871.2505
2808,2023-08-24 12:45:00,6587.000000000001,5708.4175
2809,2023-08-24 13:00:00,5746.0,5382.5977
2810,2023-08-24 13:15:00,2436.0,3531.1462
2811,2023-08-24 13:30:00,1221.0,2683.6836
2812,2023-08-24 13:45:00,731.0,2219.8406
2813,2023-08-24 14:00:00,1184.0,1728.8833
2814,2023-08-24 14:15:00,1689.0,1611.3884
2815,2023-08-24 14:30:00,2147.0,1546.5165
2816,2023-08-24 14:45:00,1184.0,1549.767
2817,2023-08-24 15:00:00,1762.0,1471.934
2818,2023-08-24 15:15:00,1623.0,1373.4226
2819,2023-08-24 15:30:00,1436.9999999999998,1101.0521
2820,2023-08-24 15:45:00,1334.0,1000.1649
2821,2023-08-24 16:00:00,1135.0,920.67535
2822,2023-08-24 16:15:00,1551.9999999999998,924.6598
2823,2023-08-24 16:30:00,1664.9999999999998,966.5942
2824,2023-08-24 16:45:00,2283.0,1075.9104
2825,2023-08-24 17:00:00,2134.0,1171.1088
2826,2023-08-24 17:15:00,1194.0,1038.2572
2827,2023-08-24 17:30:00,776.9999999999999,804.6278
2828,2023-08-24 17:45:00,999.0,643.2146
2829,2023-08-24 18:00:00,0.0,456.47815
2830,2023-08-24 18:15:00,0.0,263.46454
2831,2023-08-24 18:30:00,0.0,311.22922
2832,2023-08-24 18:45:00,0.0,287.6066
2833,2023-08-24 19:00:00,0.0,336.9984
2834,2023-08-24 19:15:00,0.0,357.50793
2835,2023-08-24 19:30:00,0.0,371.14328
2836,2023-08-24 19:45:00,964.9999999999999,384.45328
2837,2023-08-25 06:00:00,1056.0,403.32242
2838,2023-08-25 06:15:00,1677.0000000000002,1005.8438
2839,2023-08-25 06:30:00,1973.0000000000002,1391.8966
2840,2023-08-25 06:45:00,2537.0,1550.0009
2841,2023-08-25 07:00:00,1043.0,1665.4464
2842,2023-08-25 07:15:00,0.0,1382.5664
2843,2023-08-25 07:30:00,0.0,616.9914
2844,2023-08-25 07:45:00,0.0,329.3543
2845,2023-08-25 08:00:00,2764.0,753.5425
2846,2023-08-25 08:15:00,2419.0,1730.2922
2847,2023-08-25 08:30:00,1490.0,3467.1855
2848,2023-08-25 08:45:00,2164.0,1627.1346
2849,2023-08-25 09:00:00,0.0,1323.5394
2850,2023-08-25 09:15:00,0.0,1090.2244
2851,2023-08-25 09:30:00,1640.0000000000002,1112.2515
2852,2023-08-25 09:45:00,1908.0,1290.5764
2853,2023-08-25 10:00:00,1745.0000000000002,1839.5723
2854,2023-08-25 10:15:00,1788.0000000000002,1615.8058
2855,2023-08-25 10:30:00,893.0000000000001,1861.9126
2856,2023-08-25 10:45:00,2035.0,2186.8384
2857,2023-08-25 11:00:00,3414.0,2450.7905
2858,2023-08-25 11:15:00,2435.0,2318.4705
2859,2023-08-25 11:30:00,1877.0,2285.307
2860,2023-08-25 11:45:00,1489.0,2577.0037
2861,2023-08-25 12:00:00,1360.0,2577.0808
2862,2023-08-25 12:15:00,2287.0,2393.1375
2863,2023-08-25 12:30:00,3456.0,2456.0352
2864,2023-08-25 12:45:00,3325.0,2384.8281
2865,2023-08-25 13:00:00,2304.0,2165.8486
2866,2023-08-25 13:15:00,1120.0,2126.9739
2867,2023-08-25 13:30:00,1196.0,1987.0068
2868,2023-08-25 13:45:00,1033.0,1708.0586
2869,2023-08-25 14:00:00,941.0,1218.3162
2870,2023-08-25 14:15:00,753.0,1091.0604
2871,2023-08-25 14:30:00,0.0,933.6033
2872,2023-08-25 14:45:00,1031.0,867.03125
2873,2023-08-25 15:00:00,1465.0,704.6603
2874,2023-08-25 15:15:00,1537.0,1152.5533
2875,2023-08-25 15:30:00,2999.0000000000005,1489.4546
2876,2023-08-25 15:45:00,3305.0,1547.5505
2877,2023-08-25 16:00:00,1792.0000000000002,1430.4408
2878,2023-08-25 16:15:00,3722.0,1579.2375
2879,2023-08-25 16:30:00,1571.0,2003.6736
2880,2023-08-25 16:45:00,1187.0,1548.6473
2881,2023-08-25 17:00:00,0.0,427.52603
2882,2023-08-25 17:15:00,0.0,256.76834
2883,2023-08-25 17:30:00,0.0,345.5287
2884,2023-08-25 17:45:00,0.0,286.55368
2885,2023-08-25 18:00:00,0.0,323.9293
2886,2023-08-25 18:15:00,0.0,344.78363
2887,2023-08-25 18:30:00,0.0,354.42734
2888,2023-08-25 18:45:00,0.0,356.76926
2889,2023-08-25 19:00:00,0.0,358.169
2890,2023-08-25 19:15:00,0.0,361.65173
2891,2023-08-25 19:30:00,0.0,369.75693
2892,2023-08-25 19:45:00,784.0,389.32068
2893,2023-08-26 06:00:00,752.0,415.0608
2894,2023-08-26 06:15:00,927.9999999999999,973.2043
2895,2023-08-26 06:30:00,1028.0,1223.4137
2896,2023-08-26 06:45:00,1044.0,1170.0918
2897,2023-08-26 07:00:00,1025.0,1372.4332
2898,2023-08-26 07:15:00,1293.0,1433.1993
2899,2023-08-26 07:30:00,1451.0000000000002,1587.0345
2900,2023-08-26 07:45:00,1912.0,2028.9985
2901,2023-08-26 08:00:00,2660.0,2768.163
2902,2023-08-26 08:15:00,3446.0,3591.0903
2903,2023-08-26 08:30:00,5170.0,4755.815
2904,2023-08-26 08:45:00,4243.0,5752.9062
2905,2023-08-26 09:00:00,8286.0,6989.058
2906,2023-08-26 09:15:00,8109.999999999999,8894.092
2907,2023-08-26 09:30:00,7703.999999999999,9797.745
2908,2023-08-26 09:45:00,10863.0,10290.316
2909,2023-08-26 10:00:00,13507.0,11836.695
2910,2023-08-26 10:15:00,14290.0,12342.195
2911,2023-08-26 10:30:00,11408.0,11936.5205
2912,2023-08-26 10:45:00,16367.0,12868.892
2913,2023-08-26 11:00:00,15334.999999999998,14167.818
2914,2023-08-26 11:15:00,14172.0,14324.061
2915,2023-08-26 11:30:00,17146.0,14269.442
2916,2023-08-26 11:45:00,13930.999999999998,14222.957
2917,2023-08-26 12:00:00,9977.0,12460.024
2918,2023-08-26 12:15:00,8485.0,12208.9
2919,2023-08-26 12:30:00,8649.0,12740.242
2920,2023-08-26 12:45:00,16915.0,13644.821
2921,2023-08-26 13:00:00,12001.0,15340.972
2922,2023-08-26 13:15:00,15401.0,15008.625
2923,2023-08-26 13:30:00,15757.0,13294.596
2924,2023-08-26 13:45:00,13311.000000000002,11644.5205
2925,2023-08-26 14:00:00,12115.0,10335.78
2926,2023-08-26 14:15:00,5084.0,9451.106
2927,2023-08-26 14:30:00,10808.0,9099.462
2928,2023-08-26 14:45:00,12179.0,10427.596
2929,2023-08-26 15:00:00,2931.0,8745.757
2930,2023-08-26 15:15:00,3310.0,2776.0293
2931,2023-08-26 15:30:00,2060.0,25.695164
2932,2023-08-26 15:45:00,1697.9999999999998,1973.3989
2933,2023-08-26 16:00:00,4896.0,2851.092
2934,2023-08-26 16:15:00,3259.9999999999995,2576.7993
2935,2023-08-26 16:30:00,1641.0,2197.1584
2936,2023-08-26 16:45:00,0.0,1341.0977
2937,2023-08-26 17:00:00,0.0,714.75903
2938,2023-08-26 17:15:00,0.0,307.9725
2939,2023-08-26 17:30:00,0.0,238.23907
2940,2023-08-26 17:45:00,0.0,260.6087
2941,2023-08-26 18:00:00,0.0,293.23987
2942,2023-08-26 18:15:00,0.0,322.13132
2943,2023-08-26 18:30:00,0.0,345.4339
2944,2023-08-26 18:45:00,0.0,360.37585
2945,2023-08-26 19:00:00,0.0,370.98462
2946,2023-08-26 19:15:00,0.0,383.95358
2947,2023-08-26 19:30:00,0.0,398.0849
2948,2023-08-26 19:45:00,0.0,407.3725
2949,2023-08-27 06:00:00,0.0,419.3882
2950,2023-08-27 06:15:00,0.0,588.51587
2951,2023-08-27 06:30:00,0.0,600.80804
2952,2023-08-27 06:45:00,1239.0,655.9144
2953,2023-08-27 07:00:00,1213.0,719.8149
2954,2023-08-27 07:15:00,1430.0,1250.4325
2955,2023-08-27 07:30:00,2717.0,1772.4126
2956,2023-08-27 07:45:00,3082.0,2334.3499
2957,2023-08-27 08:00:00,2793.0,2660.3792
2958,2023-08-27 08:15:00,3238.0,2978.375
2959,2023-08-27 08:30:00,4442.0,3513.0925
2960,2023-08-27 08:45:00,4817.0,4443.8574
2961,2023-08-27 09:00:00,7370.000000000001,5961.548
2962,2023-08-27 09:15:00,5346.0,7678.082
2963,2023-08-27 09:30:00,5683.000000000001,7618.383
2964,2023-08-27 09:45:00,9638.0,8436.291
2965,2023-08-27 10:00:00,9019.0,9896.243
2966,2023-08-27 10:15:00,7695.0,9836.456
2967,2023-08-27 10:30:00,14895.0,11504.724
2968,2023-08-27 10:45:00,15235.0,13442.957
2969,2023-08-27 11:00:00,13605.0,13700.196
2970,2023-08-27 11:15:00,16123.0,13683.767
2971,2023-08-27 11:30:00,13135.0,13334.094
2972,2023-08-27 11:45:00,4196.0,9772.5
2973,2023-08-27 12:00:00,544.0,7043.025
2974,2023-08-27 12:15:00,1857.0,4682.8154
2975,2023-08-27 12:30:00,1699.9999999999998,3727.5771
2976,2023-08-27 12:45:00,2046.0,3341.3057
2977,2023-08-27 13:00:00,2258.0,3086.4072
2978,2023-08-27 13:15:00,2289.0,3101.8828
2979,2023-08-27 13:30:00,3002.0,3308.665
2980,2023-08-27 13:45:00,2256.0,3755.1963
2981,2023-08-27 14:00:00,8840.0,5068.368
2982,2023-08-27 14:15:00,13080.0,6988.746
2983,2023-08-27 14:30:00,13398.0,8499.471
2984,2023-08-27 14:45:00,12127.0,9595.352
2985,2023-08-27 15:00:00,11472.0,10196.305
2986,2023-08-27 15:15:00,10483.0,9479.57
2987,2023-08-27 15:30:00,9167.0,8512.948
2988,2023-08-27 15:45:00,5785.0,6330.447
2989,2023-08-27 16:00:00,5215.0,5027.879
2990,2023-08-27 16:15:00,4981.0,4671.984
2991,2023-08-27 16:30:00,1310.0,3377.0864
2992,2023-08-27 16:45:00,2776.0,2337.52
2993,2023-08-27 17:00:00,2806.0,1972.6501
2994,2023-08-27 17:15:00,1722.0,1720.2683
2995,2023-08-27 17:30:00,1171.0,997.4744
2996,2023-08-27 17:45:00,0.0,617.452
2997,2023-08-27 18:00:00,0.0,56.275177
2998,2023-08-27 18:15:00,0.0,228.54028
2999,2023-08-27 18:30:00,0.0,297.99637
3000,2023-08-27 18:45:00,0.0,369.14856
3001,2023-08-27 19:00:00,0.0,399.18707
3002,2023-08-27 19:15:00,0.0,413.2255
3003,2023-08-27 19:30:00,0.0,420.54938
3004,2023-08-27 19:45:00,354.0,423.42722
3005,2023-08-28 06:00:00,438.0,425.7803
3006,2023-08-28 06:15:00,510.0,855.36523
3007,2023-08-28 06:30:00,564.0,892.5727
3008,2023-08-28 06:45:00,647.0,938.4171
3009,2023-08-28 07:00:00,717.0,1099.1204
3010,2023-08-28 07:15:00,807.0,1203.9786
3011,2023-08-28 07:30:00,932.0000000000001,1314.9614
3012,2023-08-28 07:45:00,1226.0,1594.4875
3013,2023-08-28 08:00:00,1736.9999999999998,1984.357
3014,2023-08-28 08:15:00,2789.0,2599.128
3015,2023-08-28 08:30:00,5094.0,3384.359
3016,2023-08-28 08:45:00,3461.0,4323.9805
3017,2023-08-28 09:00:00,7660.999999999999,5526.066
3018,2023-08-28 09:15:00,5330.0,7763.4023
3019,2023-08-28 09:30:00,7698.000000000001,8173.8667
3020,2023-08-28 09:45:00,5691.0,7763.593
3021,2023-08-28 10:00:00,8322.0,9214.847
3022,2023-08-28 10:15:00,7955.0,9423.429
3023,2023-08-28 10:30:00,11638.0,10193.299
3024,2023-08-28 10:45:00,14856.0,13191.877
3025,2023-08-28 11:00:00,11768.0,13802.299
3026,2023-08-28 11:15:00,9321.0,11718.188
3027,2023-08-28 11:30:00,2319.0,7499.0425
3028,2023-08-28 11:45:00,4631.0,3803.8005
3029,2023-08-28 12:00:00,5913.0,5233.4863
3030,2023-08-28 12:15:00,6592.0,5296.612
3031,2023-08-28 12:30:00,4312.0,5905.913
3032,2023-08-28 12:45:00,9416.0,8429.834
3033,2023-08-28 13:00:00,15349.0,10846.92
3034,2023-08-28 13:15:00,9576.0,10324.116
3035,2023-08-28 13:30:00,12092.0,8051.681
3036,2023-08-28 13:45:00,8103.0,6579.0215
3037,2023-08-28 14:00:00,1136.0,4417.2134
3038,2023-08-28 14:15:00,0.0,3777.4685
3039,2023-08-28 14:30:00,0.0,1973.8851
3040,2023-08-28 14:45:00,0.0,1254.6252
3041,2023-08-28 15:00:00,560.0,563.7925
3042,2023-08-28 15:15:00,816.0000000000001,320.95148
3043,2023-08-28 15:30:00,1248.0,212.92436
3044,2023-08-28 15:45:00,1679.0,573.3161
3045,2023-08-28 16:00:00,2157.0,649.6134
3046,2023-08-28 16:15:00,2379.0,858.2434
3047,2023-08-28 16:30:00,2059.0,955.6092
3048,2023-08-28 16:45:00,1888.0,937.4921
3049,2023-08-28 17:00:00,1429.0,716.8749
3050,2023-08-28 17:15:00,0.0,363.39374
3051,2023-08-28 17:30:00,0.0,182.9998
3052,2023-08-28 17:45:00,0.0,202.01712
3053,2023-08-28 18:00:00,0.0,239.07451
3054,2023-08-28 18:15:00,0.0,291.57263
3055,2023-08-28 18:30:00,0.0,322.13455
3056,2023-08-28 18:45:00,0.0,344.76538
3057,2023-08-28 19:00:00,0.0,361.29028
3058,2023-08-28 19:15:00,0.0,376.65234
3059,2023-08-28 19:30:00,0.0,394.2995
3060,2023-08-28 19:45:00,1226.0,416.18066
3061,2023-08-29 06:00:00,1374.0,439.4943
3062,2023-08-29 06:15:00,1423.0,1081.7848
3063,2023-08-29 06:30:00,1572.0,1362.8024
3064,2023-08-29 06:45:00,1812.0,1578.3046
3065,2023-08-29 07:00:00,2105.0,1842.5897
3066,2023-08-29 07:15:00,2293.0,2067.9202
3067,2023-08-29 07:30:00,2145.0,2190.3315
3068,2023-08-29 07:45:00,2079.0,2273.723
3069,2023-08-29 08:00:00,2405.0,2467.2012
3070,2023-08-29 08:15:00,2961.0,2821.9783
3071,2023-08-29 08:30:00,4153.0,3131.729
3072,2023-08-29 08:45:00,3633.9999999999995,3453.6406
3073,2023-08-29 09:00:00,3289.0,3789.9119
3074,2023-08-29 09:15:00,3576.0000000000005,4274.244
3075,2023-08-29 09:30:00,4162.0,4431.205
3076,2023-08-29 09:45:00,4633.0,4239.882
3077,2023-08-29 10:00:00,5401.0,4253.1255
3078,2023-08-29 10:15:00,6374.0,4160.2495
3079,2023-08-29 10:30:00,6915.0,4141.3374
3080,2023-08-29 10:45:00,7316.000000000001,4182.078
3081,2023-08-29 11:00:00,7618.0,4392.9927
3082,2023-08-29 11:15:00,6177.0,4521.086
3083,2023-08-29 11:30:00,1438.0,5035.1567
3084,2023-08-29 11:45:00,760.0,5617.156
3085,2023-08-29 12:00:00,1886.0,7178.591
3086,2023-08-29 12:15:00,4917.0,8645.774
3087,2023-08-29 12:30:00,13481.0,10094.268
3088,2023-08-29 12:45:00,13812.0,11244.287
3089,2023-08-29 13:00:00,10852.0,10601.606
3090,2023-08-29 13:15:00,13764.0,10722.62
3091,2023-08-29 13:30:00,10514.0,11477.078
3092,2023-08-29 13:45:00,6862.0,8827.391
3093,2023-08-29 14:00:00,8687.0,7893.424
3094,2023-08-29 14:15:00,4843.0,7150.1753
3095,2023-08-29 14:30:00,7983.0,5701.706
3096,2023-08-29 14:45:00,4661.0,6232.1416
3097,2023-08-29 15:00:00,4446.0,5415.7417
3098,2023-08-29 15:15:00,2386.0,2091.6377
3099,2023-08-29 15:30:00,2170.0,2293.8137
3100,2023-08-29 15:45:00,2411.0,2415.245
3101,2023-08-29 16:00:00,3062.0,1732.6315
3102,2023-08-29 16:15:00,1751.0000000000002,1498.5894
3103,2023-08-29 16:30:00,952.0,1204.8921
3104,2023-08-29 16:45:00,0.0,847.77094
3105,2023-08-29 17:00:00,0.0,542.0221
3106,2023-08-29 17:15:00,0.0,323.44174
3107,2023-08-29 17:30:00,0.0,258.84943
3108,2023-08-29 17:45:00,0.0,278.1714
3109,2023-08-29 18:00:00,0.0,298.78415
3110,2023-08-29 18:15:00,0.0,324.67548
3111,2023-08-29 18:30:00,0.0,344.7021
3112,2023-08-29 18:45:00,0.0,362.0702
3113,2023-08-29 19:00:00,0.0,378.41476
3114,2023-08-29 19:15:00,0.0,392.00943
3115,2023-08-29 19:30:00,0.0,406.5439
3116,2023-08-29 19:45:00,540.0,416.37106
3117,2023-08-30 06:00:00,769.0,424.76447
3118,2023-08-30 06:15:00,992.0,986.6497
3119,2023-08-30 06:30:00,1492.0,1107.4161
3120,2023-08-30 06:45:00,2070.0,1236.2091
3121,2023-08-30 07:00:00,2503.0,1638.5104
3122,2023-08-30 07:15:00,3861.0,2172.784
3123,2023-08-30 07:30:00,4524.0,2697.8806
3124,2023-08-30 07:45:00,1986.0,2971.1902
3125,2023-08-30 08:00:00,1133.0,2978.3308
3126,2023-08-30 08:15:00,1303.0,2651.3674
3127,2023-08-30 08:30:00,1632.0000000000002,2164.1018
3128,2023-08-30 08:45:00,1643.0,1698.179
3129,2023-08-30 09:00:00,2196.0,1730.3353
3130,2023-08-30 09:15:00,1372.0,1880.5938
3131,2023-08-30 09:30:00,1574.0,2293.8352
3132,2023-08-30 09:45:00,2830.9999999999995,2826.4243
3133,2023-08-30 10:00:00,3674.0,2998.7383
3134,2023-08-30 10:15:00,1651.0,2619.524
3135,2023-08-30 10:30:00,1282.0,2219.351
3136,2023-08-30 10:45:00,2027.0,1625.2274
3137,2023-08-30 11:00:00,1069.0,1481.0463
3138,2023-08-30 11:15:00,0.0,1589.9243
3139,2023-08-30 11:30:00,919.0,2471.065
3140,2023-08-30 11:45:00,3052.9999999999995,1886.2928
3141,2023-08-30 12:00:00,5511.0,3616.02
3142,2023-08-30 12:15:00,8334.0,2941.7146
3143,2023-08-30 12:30:00,7352.0,4042.3052
3144,2023-08-30 12:45:00,1035.0,5168.768
3145,2023-08-30 13:00:00,4530.0,5969.6304
3146,2023-08-30 13:15:00,12727.999999999998,8123.4043
3147,2023-08-30 13:30:00,10734.0,9875.178
3148,2023-08-30 13:45:00,9692.0,9281.619
3149,2023-08-30 14:00:00,9058.0,10956.822
3150,2023-08-30 14:15:00,14393.000000000002,11630.237
3151,2023-08-30 14:30:00,12565.0,11434.196
3152,2023-08-30 14:45:00,8010.0,8849.223
3153,2023-08-30 15:00:00,5097.0,7379.0376
3154,2023-08-30 15:15:00,5060.0,7467.138
3155,2023-08-30 15:30:00,8716.0,7038.7437
3156,2023-08-30 15:45:00,8487.0,6202.4263
3157,2023-08-30 16:00:00,3407.9999999999995,4810.9253
3158,2023-08-30 16:15:00,5413.0,3836.6545
3159,2023-08-30 16:30:00,1128.0,2692.8167
3160,2023-08-30 16:45:00,938.0,1727.4551
3161,2023-08-30 17:00:00,1061.0,1221.6333
3162,2023-08-30 17:15:00,1734.0,723.1158
3163,2023-08-30 17:30:00,802.0,406.0311
3164,2023-08-30 17:45:00,0.0,396.27115
3165,2023-08-30 18:00:00,0.0,308.73184
3166,2023-08-30 18:15:00,0.0,323.48233
3167,2023-08-30 18:30:00,0.0,319.3844
3168,2023-08-30 18:45:00,0.0,351.27805
3169,2023-08-30 19:00:00,0.0,366.2157
3170,2023-08-30 19:15:00,0.0,378.42212
3171,2023-08-30 19:30:00,0.0,394.77124
3172,2023-08-30 19:45:00,622.0,413.49033
3173,2023-08-31 06:00:00,734.9999999999999,434.86627
3174,2023-08-31 06:15:00,1041.0,966.0498
3175,2023-08-31 06:30:00,2195.0,1330.5337
3176,2023-08-31 06:45:00,1999.0,1637.5105
3177,2023-08-31 07:00:00,2285.0,2135.1663
3178,2023-08-31 07:15:00,3304.0,2568.4077
3179,2023-08-31 07:30:00,3145.0,2804.3682
3180,2023-08-31 07:45:00,2992.0,3091.5984
3181,2023-08-31 08:00:00,4314.0,3711.0698
3182,2023-08-31 08:15:00,3863.9999999999995,4330.8394
3183,2023-08-31 08:30:00,6099.0,4608.7954
3184,2023-08-31 08:45:00,5507.0,5181.8022
3185,2023-08-31 09:00:00,8475.0,7105.506
3186,2023-08-31 09:15:00,6708.000000000001,8415.455
3187,2023-08-31 09:30:00,4053.0,6010.9253
3188,2023-08-31 09:45:00,5420.0,5270.188
3189,2023-08-31 10:00:00,6841.0,7718.63
3190,2023-08-31 10:15:00,9736.0,9046.113
3191,2023-08-31 10:30:00,12518.000000000002,11389.953
3192,2023-08-31 10:45:00,8729.0,11597.978
3193,2023-08-31 11:00:00,5891.0,8967.003
3194,2023-08-31 11:15:00,7132.0,6166.6646
3195,2023-08-31 11:30:00,5533.0,6180.811
3196,2023-08-31 11:45:00,7203.000000000001,6906.488
3197,2023-08-31 12:00:00,16389.0,13170.754
3198,2023-08-31 12:15:00,8516.0,14074.585
3199,2023-08-31 12:30:00,13240.0,11053.87
3200,2023-08-31 12:45:00,18548.0,14816.014
3201,2023-08-31 13:00:00,13605.0,18489.06
3202,2023-08-31 13:15:00,13276.000000000002,12554.06
3203,2023-08-31 13:30:00,3208.9999999999995,11860.794
3204,2023-08-31 13:45:00,7605.0,3475.6611
3205,2023-08-31 14:00:00,13054.0,8396.075
3206,2023-08-31 14:15:00,10053.0,9240.787
3207,2023-08-31 14:30:00,7247.0,6707.8115
3208,2023-08-31 14:45:00,10569.0,8864.563
3209,2023-08-31 15:00:00,11651.0,9147.649
3210,2023-08-31 15:15:00,8583.0,6230.761
3211,2023-08-31 15:30:00,7563.999999999999,5827.7573
3212,2023-08-31 15:45:00,6584.0,6586.5425
3213,2023-08-31 16:00:00,7090.000000000001,5693.6216
3214,2023-08-31 16:15:00,6008.999999999999,5191.9644
3215,2023-08-31 16:30:00,4717.0,4298.908
3216,2023-08-31 16:45:00,3583.0,3388.522
3217,2023-08-31 17:00:00,2450.0,2617.029
3218,2023-08-31 17:15:00,1375.0,1843.7343
3219,2023-08-31 17:30:00,600.0,1077.1759
3220,2023-08-31 17:45:00,0.0,598.15454
3221,2023-08-31 18:00:00,0.0,403.06708
3222,2023-08-31 18:15:00,0.0,360.46014
3223,2023-08-31 18:30:00,0.0,349.26996
3224,2023-08-31 18:45:00,0.0,395.40573
3225,2023-08-31 19:00:00,0.0,418.80374
3226,2023-08-31 19:15:00,0.0,436.98123
3227,2023-08-31 19:30:00,0.0,453.74048
3228,2023-08-31 19:45:00,779.0000000000001,470.30048
3229,2023-09-01 06:00:00,870.0,486.8087
3230,2023-09-01 06:15:00,1163.0,1130.6161
3231,2023-09-01 06:30:00,1512.0,1529.5784
3232,2023-09-01 06:45:00,2106.0,1653.4109
3233,2023-09-01 07:00:00,2705.0,1957.3396
3234,2023-09-01 07:15:00,2673.0,2243.546
3235,2023-09-01 07:30:00,2899.0,2621.0518
3236,2023-09-01 07:45:00,3450.0,3166.052
3237,2023-09-01 08:00:00,4146.0,3445.9346
3238,2023-09-01 08:15:00,3590.9999999999995,3543.526
3239,2023-09-01 08:30:00,2277.0,3529.5383
3240,2023-09-01 08:45:00,2915.0,3274.639
3241,2023-09-01 09:00:00,3598.0,3544.67
3242,2023-09-01 09:15:00,3799.0,3722.2878
3243,2023-09-01 09:30:00,3672.9999999999995,3799.9573
3244,2023-09-01 09:45:00,3687.0,4146.6914
3245,2023-09-01 10:00:00,3686.0,3982.0583
3246,2023-09-01 10:15:00,2900.9999999999995,3466.4756
3247,2023-09-01 10:30:00,2614.0,3304.129
3248,2023-09-01 10:45:00,2817.0,3150.9307
3249,2023-09-01 11:00:00,2243.0,3065.156
3250,2023-09-01 11:15:00,1690.0,2774.7598
3251,2023-09-01 11:30:00,1512.9999999999998,2558.3096
3252,2023-09-01 11:45:00,1614.0,2351.44
3253,2023-09-01 12:00:00,1637.0,2004.5399
3254,2023-09-01 12:15:00,1681.0,1930.2465
3255,2023-09-01 12:30:00,1360.0,2022.4309
3256,2023-09-01 12:45:00,2265.0,2280.167
3257,2023-09-01 13:00:00,3922.0,2662.491
3258,2023-09-01 13:15:00,4575.0,2853.3079
3259,2023-09-01 13:30:00,3350.0000000000005,2890.8364
3260,2023-09-01 13:45:00,2629.0,2960.1365
3261,2023-09-01 14:00:00,1573.0,2756.3093
3262,2023-09-01 14:15:00,1085.0,2381.9482
3263,2023-09-01 14:30:00,1079.0,1961.3168
3264,2023-09-01 14:45:00,1093.0,1588.3539
3265,2023-09-01 15:00:00,1054.0,1203.17
3266,2023-09-01 15:15:00,927.9999999999999,1007.2306
3267,2023-09-01 15:30:00,0.0,841.179
3268,2023-09-01 15:45:00,0.0,722.6885
3269,2023-09-01 16:00:00,0.0,526.76715
3270,2023-09-01 16:15:00,0.0,371.64124
3271,2023-09-01 16:30:00,0.0,379.25854
3272,2023-09-01 16:45:00,0.0,382.81555
3273,2023-09-01 17:00:00,0.0,390.44916
3274,2023-09-01 17:15:00,0.0,396.7092
3275,2023-09-01 17:30:00,0.0,399.3121
3276,2023-09-01 17:45:00,0.0,402.58005
3277,2023-09-01 18:00:00,0.0,403.42093
3278,2023-09-01 18:15:00,0.0,407.32788
3279,2023-09-01 18:30:00,0.0,406.11108
3280,2023-09-01 18:45:00,0.0,406.16653
3281,2023-09-01 19:00:00,0.0,407.95367
3282,2023-09-01 19:15:00,0.0,411.8716
3283,2023-09-01 19:30:00,0.0,418.80118
3284,2023-09-01 19:45:00,554.0,429.5876
3285,2023-09-02 06:00:00,661.0,444.9824
3286,2023-09-02 06:15:00,884.0,999.66754
3287,2023-09-02 06:30:00,1141.0,1236.8732
3288,2023-09-02 06:45:00,1002.9999999999999,1233.663
3289,2023-09-02 07:00:00,1071.0,1338.7194
3290,2023-09-02 07:15:00,1001.9999999999999,1398.8761
3291,2023-09-02 07:30:00,1231.0,1494.6229
3292,2023-09-02 07:45:00,1740.9999999999998,1624.5269
3293,2023-09-02 08:00:00,1545.0,1849.3439
3294,2023-09-02 08:15:00,1705.9999999999998,2344.5776
3295,2023-09-02 08:30:00,1964.9999999999998,3050.9883
3296,2023-09-02 08:45:00,2050.0,3617.2566
3297,2023-09-02 09:00:00,2736.0,4137.989
3298,2023-09-02 09:15:00,3301.0,4691.5635
3299,2023-09-02 09:30:00,8534.0,5145.986
3300,2023-09-02 09:45:00,7396.0,5624.258
3301,2023-09-02 10:00:00,3452.0,5338.628
3302,2023-09-02 10:15:00,3056.9999999999995,5926.424
3303,2023-09-02 10:30:00,6899.000000000001,6648.799
3304,2023-09-02 10:45:00,8536.0,6194.8477
3305,2023-09-02 11:00:00,4647.0,5327.6753
3306,2023-09-02 11:15:00,3280.0000000000005,5529.2256
3307,2023-09-02 11:30:00,10143.0,6975.2065
3308,2023-09-02 11:45:00,5852.0,8905.69
3309,2023-09-02 12:00:00,11536.0,8804.435
3310,2023-09-02 12:15:00,13650.999999999998,9910.728
3311,2023-09-02 12:30:00,7099.0,10468.887
3312,2023-09-02 12:45:00,14223.0,9672.127
3313,2023-09-02 13:00:00,5750.0,10919.776
3314,2023-09-02 13:15:00,5507.0,9341.295
3315,2023-09-02 13:30:00,13398.0,9620.82
3316,2023-09-02 13:45:00,13379.0,11378.544
3317,2023-09-02 14:00:00,12873.0,9745.189
3318,2023-09-02 14:15:00,9159.0,9209.212
3319,2023-09-02 14:30:00,10699.0,9656.879
3320,2023-09-02 14:45:00,7824.0,7972.939
3321,2023-09-02 15:00:00,4024.0000000000005,5212.9053
3322,2023-09-02 15:15:00,4809.0,4395.6216
3323,2023-09-02 15:30:00,2877.0,3937.4683
3324,2023-09-02 15:45:00,4015.9999999999995,3635.4985
3325,2023-09-02 16:00:00,2094.0,2780.385
3326,2023-09-02 16:15:00,4940.0,2316.6384
3327,2023-09-02 16:30:00,3405.0,2725.928
3328,2023-09-02 16:45:00,2135.0,2319.744
3329,2023-09-02 17:00:00,1598.0,2007.2935
3330,2023-09-02 17:15:00,1148.0,1783.2726
3331,2023-09-02 17:30:00,0.0,1313.2451
3332,2023-09-02 17:45:00,0.0,1064.7955
3333,2023-09-02 18:00:00,0.0,617.3542
3334,2023-09-02 18:15:00,0.0,468.44568
3335,2023-09-02 18:30:00,0.0,443.2151
3336,2023-09-02 18:45:00,0.0,423.7289
3337,2023-09-02 19:00:00,0.0,419.6424
3338,2023-09-02 19:15:00,0.0,416.38907
3339,2023-09-02 19:30:00,0.0,414.76828
3340,2023-09-02 19:45:00,786.0,413.1936
3341,2023-09-03 06:00:00,1127.0,413.76428
3342,2023-09-03 06:15:00,1330.0,712.13324
3343,2023-09-03 06:30:00,1826.0,686.0851
3344,2023-09-03 06:45:00,2249.0,824.2145
3345,2023-09-03 07:00:00,2277.0,993.08215
3346,2023-09-03 07:15:00,2422.0,1139.8502
3347,2023-09-03 07:30:00,2327.0,1278.8451
3348,2023-09-03 07:45:00,1929.9999999999998,1656.3033
3349,2023-09-03 08:00:00,1808.0,2208.0232
3350,2023-09-03 08:15:00,2197.0,2959.2366
3351,2023-09-03 08:30:00,2898.0000000000005,4020.9197
3352,2023-09-03 08:45:00,4665.0,4895.153
3353,2023-09-03 09:00:00,7242.0,6039.602
3354,2023-09-03 09:15:00,7485.999999999999,7293.006
3355,2023-09-03 09:30:00,8457.0,8481.162
3356,2023-09-03 09:45:00,8856.0,9857.709
3357,2023-09-03 10:00:00,11169.0,10829.613
3358,2023-09-03 10:15:00,12748.0,11621.833
3359,2023-09-03 10:30:00,12048.0,12193.59
3360,2023-09-03 10:45:00,12259.999999999998,12835.001
3361,2023-09-03 11:00:00,12622.999999999998,13785.724
3362,2023-09-03 11:15:00,14898.999999999998,14444.203
3363,2023-09-03 11:30:00,15312.0,14842.15
3364,2023-09-03 11:45:00,15104.0,15011.489
3365,2023-09-03 12:00:00,12811.000000000002,14736.127
3366,2023-09-03 12:15:00,12866.0,14532.814
3367,2023-09-03 12:30:00,12886.999999999998,14097.718
3368,2023-09-03 12:45:00,15226.0,14661.381
3369,2023-09-03 13:00:00,15439.999999999998,15513.015
3370,2023-09-03 13:15:00,15463.0,15662.711
3371,2023-09-03 13:30:00,14926.0,15184.107
3372,2023-09-03 13:45:00,14885.0,14270.076
3373,2023-09-03 14:00:00,10780.0,12140.547
3374,2023-09-03 14:15:00,6527.0,9984.645
3375,2023-09-03 14:30:00,6810.0,9198.769
3376,2023-09-03 14:45:00,12308.000000000002,9189.702
3377,2023-09-03 15:00:00,11079.0,9170.129
3378,2023-09-03 15:15:00,9017.0,6941.326
3379,2023-09-03 15:30:00,4665.0,5981.198
3380,2023-09-03 15:45:00,3429.0,5476.539
3381,2023-09-03 16:00:00,5052.0,4444.3643
3382,2023-09-03 16:15:00,3328.0,3215.8862
3383,2023-09-03 16:30:00,2271.0,2004.3428
3384,2023-09-03 16:45:00,1573.0,1660.9558
3385,2023-09-03 17:00:00,0.0,893.2473
3386,2023-09-03 17:15:00,0.0,284.72067
3387,2023-09-03 17:30:00,0.0,240.59879
3388,2023-09-03 17:45:00,0.0,226.64713
3389,2023-09-03 18:00:00,0.0,307.5418
3390,2023-09-03 18:15:00,0.0,352.96048
3391,2023-09-03 18:30:00,0.0,388.54788
3392,2023-09-03 18:45:00,0.0,425.49704
3393,2023-09-03 19:00:00,0.0,466.52417
3394,2023-09-03 19:15:00,0.0,515.9635
3395,2023-09-03 19:30:00,0.0,573.40546
3396,2023-09-03 19:45:00,321.0,638.1543
3397,2023-09-04 06:00:00,416.0,704.57306
3398,2023-09-04 06:15:00,485.00000000000006,2284.9348
3399,2023-09-04 06:30:00,554.0,2912.3003
3400,2023-09-04 06:45:00,647.0,3495.4773
3401,2023-09-04 07:00:00,763.0,4203.3013
3402,2023-09-04 07:15:00,897.0,4578.3135
3403,2023-09-04 07:30:00,1003.9999999999999,4938.3555
3404,2023-09-04 07:45:00,1168.0,5396.544
3405,2023-09-04 08:00:00,1467.0,5805.8315
3406,2023-09-04 08:15:00,1882.0,6045.225
3407,2023-09-04 08:30:00,2434.0,6064.445
3408,2023-09-04 08:45:00,3266.0,6029.918
3409,2023-09-04 09:00:00,5189.0,5879.006
3410,2023-09-04 09:15:00,6744.0,6020.024
3411,2023-09-04 09:30:00,7684.0,6014.0806
3412,2023-09-04 09:45:00,9193.0,6242.4585
3413,2023-09-04 10:00:00,10338.0,6674.947
3414,2023-09-04 10:15:00,12102.0,7005.049
3415,2023-09-04 10:30:00,12993.0,7624.8584
3416,2023-09-04 10:45:00,0.0,8393.413
3417,2023-09-04 11:00:00,13067.0,9510.014
3418,2023-09-04 11:15:00,16003.0,12975.803
3419,2023-09-04 11:30:00,16524.0,12784.687
3420,2023-09-04 11:45:00,16916.0,11940.607
3421,2023-09-04 12:00:00,16429.0,14200.39
3422,2023-09-04 12:15:00,15830.0,13932.466
3423,2023-09-04 12:30:00,15493.0,15402.347
3424,2023-09-04 12:45:00,15188.0,15489.472
3425,2023-09-04 13:00:00,14196.0,15512.515
3426,2023-09-04 13:15:00,13992.000000000002,15326.49
3427,2023-09-04 13:30:00,14057.0,14749.872
3428,2023-09-04 13:45:00,13480.0,14411.93
3429,2023-09-04 14:00:00,13063.0,13685.961
3430,2023-09-04 14:15:00,13362.0,13252.773
3431,2023-09-04 14:30:00,12988.999999999998,12652.436
3432,2023-09-04 14:45:00,11820.0,11893.946
3433,2023-09-04 15:00:00,10360.0,10605.322
3434,2023-09-04 15:15:00,9574.0,9220.056
3435,2023-09-04 15:30:00,7302.999999999999,7827.031
3436,2023-09-04 15:45:00,6239.0,6159.797
3437,2023-09-04 16:00:00,4205.0,4697.1226
3438,2023-09-04 16:15:00,3466.0,3299.182
3439,2023-09-04 16:30:00,1943.0,2271.752
3440,2023-09-04 16:45:00,1503.0,1370.3892
3441,2023-09-04 17:00:00,1267.0,843.10333
3442,2023-09-04 17:15:00,788.0,529.8094
3443,2023-09-04 17:30:00,0.0,330.84174
3444,2023-09-04 17:45:00,0.0,251.66237
3445,2023-09-04 18:00:00,0.0,344.32578
3446,2023-09-04 18:15:00,0.0,340.08902
3447,2023-09-04 18:30:00,0.0,375.41537
3448,2023-09-04 18:45:00,0.0,382.95114
3449,2023-09-04 19:00:00,0.0,390.37973
3450,2023-09-04 19:15:00,0.0,397.70493
3451,2023-09-04 19:30:00,0.0,402.6225
3452,2023-09-04 19:45:00,193.99999999999997,410.15927
3453,2023-09-05 06:00:00,250.99999999999997,413.66364
3454,2023-09-05 06:15:00,303.0,744.31
3455,2023-09-05 06:30:00,361.0,721.99896
3456,2023-09-05 06:45:00,420.0,865.5925
3457,2023-09-05 07:00:00,461.0,1055.2152
3458,2023-09-05 07:15:00,515.0,1133.8857
3459,2023-09-05 07:30:00,576.0,1283.7365
3460,2023-09-05 07:45:00,660.0,1565.803
3461,2023-09-05 08:00:00,746.0,1945.5232
3462,2023-09-05 08:15:00,912.0,2521.9395
3463,2023-09-05 08:30:00,1291.0,3441.7
3464,2023-09-05 08:45:00,1789.0,4157.6387
3465,2023-09-05 09:00:00,3079.0,5191.0884
3466,2023-09-05 09:15:00,5392.0,6340.858
3467,2023-09-05 09:30:00,6503.0,7521.7114
3468,2023-09-05 09:45:00,8046.0,8766.061
3469,2023-09-05 10:00:00,9783.0,10146.9
3470,2023-09-05 10:15:00,11750.0,11296.652
3471,2023-09-05 10:30:00,12934.0,12141.228
3472,2023-09-05 10:45:00,13981.0,13028.725
3473,2023-09-05 11:00:00,15008.0,13634.445
3474,2023-09-05 11:15:00,15636.0,14355.225
3475,2023-09-05 11:30:00,16079.999999999998,14835.509
3476,2023-09-05 11:45:00,16096.000000000002,15197.333
3477,2023-09-05 12:00:00,16142.0,15496.131
3478,2023-09-05 12:15:00,16008.0,15695.801
3479,2023-09-05 12:30:00,15772.0,15726.026
3480,2023-09-05 12:45:00,15533.0,15659.426
3481,2023-09-05 13:00:00,15215.0,15369.67
3482,2023-09-05 13:15:00,14786.0,15099.48
3483,2023-09-05 13:30:00,14332.0,14586.449
3484,2023-09-05 13:45:00,13848.0,13975.973
3485,2023-09-05 14:00:00,13247.000000000002,13337.458
3486,2023-09-05 14:15:00,12602.0,12512.929
3487,2023-09-05 14:30:00,11950.999999999998,11641.613
3488,2023-09-05 14:45:00,11183.0,10674.399
3489,2023-09-05 15:00:00,10358.0,9706.797
3490,2023-09-05 15:15:00,9464.0,8624.758
3491,2023-09-05 15:30:00,8484.0,7539.481
3492,2023-09-05 15:45:00,7474.0,6418.8027
3493,2023-09-05 16:00:00,6431.000000000001,5273.19
3494,2023-09-05 16:15:00,5324.0,4169.9443
3495,2023-09-05 16:30:00,4236.0,3140.6143
3496,2023-09-05 16:45:00,3146.9999999999995,2289.473
3497,2023-09-05 17:00:00,2074.0,1532.5778
3498,2023-09-05 17:15:00,526.0,1022.59546
3499,2023-09-05 17:30:00,0.0,618.4858
3500,2023-09-05 17:45:00,0.0,390.01852
3501,2023-09-05 18:00:00,0.0,394.2323
3502,2023-09-05 18:15:00,0.0,351.32285
3503,2023-09-05 18:30:00,0.0,396.98056
3504,2023-09-05 18:45:00,0.0,407.057
3505,2023-09-05 19:00:00,0.0,416.09134
3506,2023-09-05 19:15:00,0.0,424.09854
3507,2023-09-05 19:30:00,0.0,430.446
3508,2023-09-05 19:45:00,192.0,437.44565
3509,2023-09-06 06:00:00,250.0,439.81873
3510,2023-09-06 06:15:00,307.0,778.6399
3511,2023-09-06 06:30:00,365.0,723.0931
3512,2023-09-06 06:45:00,424.99999999999994,780.9633
3513,2023-09-06 07:00:00,470.0,890.96533
3514,2023-09-06 07:15:00,525.0,892.36334
3515,2023-09-06 07:30:00,583.0,950.2097
3516,2023-09-06 07:45:00,663.0,1096.7241
3517,2023-09-06 08:00:00,742.0000000000001,1383.4625
3518,2023-09-06 08:15:00,924.0,1785.7128
3519,2023-09-06 08:30:00,1293.0,2569.5532
3520,2023-09-06 08:45:00,1787.0,3090.5579
3521,2023-09-06 09:00:00,2873.9999999999995,3913.8813
3522,2023-09-06 09:15:00,5276.0,4876.08
3523,2023-09-06 09:30:00,6408.0,5993.7896
3524,2023-09-06 09:45:00,7988.0,7082.673
3525,2023-09-06 10:00:00,9709.0,8467.511
3526,2023-09-06 10:15:00,11634.0,9641.969
3527,2023-09-06 10:30:00,12832.999999999998,10646.445
3528,2023-09-06 10:45:00,13941.000000000002,11470.031
3529,2023-09-06 11:00:00,14977.0,12196.034
3530,2023-09-06 11:15:00,15681.0,13063.059
3531,2023-09-06 11:30:00,16117.999999999998,13773.264
3532,2023-09-06 11:45:00,16162.0,14167.323
3533,2023-09-06 12:00:00,16108.0,14732.163
3534,2023-09-06 12:15:00,15922.0,15108.522
3535,2023-09-06 12:30:00,15781.000000000002,15310.225
3536,2023-09-06 12:45:00,15411.0,15287.942
3537,2023-09-06 13:00:00,15143.0,15444.098
3538,2023-09-06 13:15:00,14764.0,15100.847
3539,2023-09-06 13:30:00,14233.0,14778.723
3540,2023-09-06 13:45:00,13723.0,14529.091
3541,2023-09-06 14:00:00,13315.0,14006.597
3542,2023-09-06 14:15:00,12595.0,13404.513
3543,2023-09-06 14:30:00,11915.999999999998,12519.3125
3544,2023-09-06 14:45:00,11065.0,11925.245
3545,2023-09-06 15:00:00,10285.0,10977.901
3546,2023-09-06 15:15:00,9433.0,10007.257
3547,2023-09-06 15:30:00,8460.0,8951.996
3548,2023-09-06 15:45:00,7418.0,7699.948
3549,2023-09-06 16:00:00,6360.0,6436.965
3550,2023-09-06 16:15:00,5264.0,4982.1353
3551,2023-09-06 16:30:00,4167.0,3730.7856
3552,2023-09-06 16:45:00,3071.0,2496.845
3553,2023-09-06 17:00:00,1964.0,1619.9209
3554,2023-09-06 17:15:00,481.0,1060.6041
3555,2023-09-06 17:30:00,0.0,682.8092
3556,2023-09-06 17:45:00,0.0,503.5144
3557,2023-09-06 18:00:00,0.0,488.33636
3558,2023-09-06 18:15:00,0.0,405.07394
3559,2023-09-06 18:30:00,0.0,472.97247
3560,2023-09-06 18:45:00,0.0,495.8751
3561,2023-09-06 19:00:00,0.0,511.30872
3562,2023-09-06 19:15:00,0.0,521.40424
3563,2023-09-06 19:30:00,0.0,526.1302
3564,2023-09-06 19:45:00,219.0,528.9984
3565,2023-09-07 06:00:00,282.0,527.75806
3566,2023-09-07 06:15:00,340.0,949.43256
3567,2023-09-07 06:30:00,405.0,1098.5828
3568,2023-09-07 06:45:00,467.00000000000006,1262.7258
3569,2023-09-07 07:00:00,521.0,1204.267
3570,2023-09-07 07:15:00,583.0,1160.4697
3571,2023-09-07 07:30:00,644.0,1200.2974
3572,2023-09-07 07:45:00,723.0,1295.7344
3573,2023-09-07 08:00:00,810.9999999999999,1589.5746
3574,2023-09-07 08:15:00,1011.0,2091.6348
3575,2023-09-07 08:30:00,1379.0,3096.9055
3576,2023-09-07 08:45:00,1857.0,3755.0837
3577,2023-09-07 09:00:00,2981.0,4428.8125
3578,2023-09-07 09:15:00,5153.0,5255.6377
3579,2023-09-07 09:30:00,6490.0,6143.21
3580,2023-09-07 09:45:00,8038.0,6846.411
3581,2023-09-07 10:00:00,9853.0,7829.0312
3582,2023-09-07 10:15:00,11718.999999999998,8731.497
3583,2023-09-07 10:30:00,12921.0,9411.187
3584,2023-09-07 10:45:00,14004.0,10193.137
3585,2023-09-07 11:00:00,15031.0,10958.931
3586,2023-09-07 11:15:00,15735.999999999998,11694.801
3587,2023-09-07 11:30:00,16266.0,12379.312
3588,2023-09-07 11:45:00,16283.0,12971.696
3589,2023-09-07 12:00:00,16152.0,13506.997
3590,2023-09-07 12:15:00,15996.999999999998,13901.964
3591,2023-09-07 12:30:00,15818.0,14220.166
3592,2023-09-07 12:45:00,15528.0,14370.117
3593,2023-09-07 13:00:00,15239.0,14163.894
3594,2023-09-07 13:15:00,14810.000000000002,13930.867
3595,2023-09-07 13:30:00,14296.0,13632.5205
3596,2023-09-07 13:45:00,13763.000000000002,13214.032
3597,2023-09-07 14:00:00,13283.0,12588.384
3598,2023-09-07 14:15:00,12608.0,11849.263
3599,2023-09-07 14:30:00,11875.000000000002,10976.242
3600,2023-09-07 14:45:00,11116.999999999998,10092.632
3601,2023-09-07 15:00:00,10240.0,9102.141
3602,2023-09-07 15:15:00,9318.0,8154.835
3603,2023-09-07 15:30:00,8288.0,7212.263
3604,2023-09-07 15:45:00,7227.0,6313.0728
3605,2023-09-07 16:00:00,6118.0,5322.3237
3606,2023-09-07 16:15:00,5008.0,4577.042
3607,2023-09-07 16:30:00,3916.0,3611.415
3608,2023-09-07 16:45:00,2856.0,2773.3179
3609,2023-09-07 17:00:00,1760.0,2018.7928
3610,2023-09-07 17:15:00,458.0,1363.6931
3611,2023-09-07 17:30:00,0.0,882.77106
3612,2023-09-07 17:45:00,0.0,533.15906
3613,2023-09-07 18:00:00,0.0,439.28003
3614,2023-09-07 18:15:00,0.0,345.16705
3615,2023-09-07 18:30:00,0.0,384.41153
3616,2023-09-07 18:45:00,0.0,388.3337
3617,2023-09-07 19:00:00,0.0,389.2868
3618,2023-09-07 19:15:00,0.0,387.659
3619,2023-09-07 19:30:00,0.0,385.16434
3620,2023-09-07 19:45:00,225.0,385.05624
3621,2023-09-08 06:00:00,296.0,384.00317
3622,2023-09-08 06:15:00,360.0,354.26157
3623,2023-09-08 06:30:00,425.99999999999994,350.51938
3624,2023-09-08 06:45:00,490.0,571.3735
3625,2023-09-08 07:00:00,543.0,626.3609
3626,2023-09-08 07:15:00,605.0,798.7994
3627,2023-09-08 07:30:00,667.0,1024.8625
3628,2023-09-08 07:45:00,736.9999999999999,1311.8474
3629,2023-09-08 08:00:00,839.0,1724.9132
3630,2023-09-08 08:15:00,1049.0,2396.5925
3631,2023-09-08 08:30:00,1409.0,3430.6294
3632,2023-09-08 08:45:00,1862.0000000000002,4586.6187
3633,2023-09-08 09:00:00,2934.0,5982.771
3634,2023-09-08 09:15:00,4911.0,7295.8174
3635,2023-09-08 09:30:00,6441.0,8558.523
3636,2023-09-08 09:45:00,8048.000000000001,9563.426
3637,2023-09-08 10:00:00,9760.0,10390.785
3638,2023-09-08 10:15:00,11628.0,11313.008
3639,2023-09-08 10:30:00,12778.999999999998,11777.197
3640,2023-09-08 10:45:00,13820.000000000002,12316.206
3641,2023-09-08 11:00:00,14885.999999999998,13008.833
3642,2023-09-08 11:15:00,15686.0,13521.886
3643,2023-09-08 11:30:00,16132.0,13939.184
3644,2023-09-08 11:45:00,16079.999999999998,14169.332
3645,2023-09-08 12:00:00,15932.0,14438.255
3646,2023-09-08 12:15:00,15779.0,14679.434
3647,2023-09-08 12:30:00,15462.0,14648.474
3648,2023-09-08 12:45:00,15159.999999999998,14446.547
3649,2023-09-08 13:00:00,14859.0,14111.213
3650,2023-09-08 13:15:00,14576.0,13628.774
3651,2023-09-08 13:30:00,14097.000000000002,13042.689
3652,2023-09-08 13:45:00,13484.0,12332.103
3653,2023-09-08 14:00:00,12791.0,11597.945
3654,2023-09-08 14:15:00,12031.000000000002,10873.693
3655,2023-09-08 14:30:00,11361.0,10092.719
3656,2023-09-08 14:45:00,10594.0,9317.758
3657,2023-09-08 15:00:00,9728.0,8325.552
3658,2023-09-08 15:15:00,8759.0,7411.6523
3659,2023-09-08 15:30:00,7850.0,6482.069
3660,2023-09-08 15:45:00,6830.0,5703.7666
3661,2023-09-08 16:00:00,5652.0,4750.785
3662,2023-09-08 16:15:00,4403.0,3926.3945
3663,2023-09-08 16:30:00,3173.0,3014.53
3664,2023-09-08 16:45:00,2480.0,2242.1638
3665,2023-09-08 17:00:00,1465.0,1562.6595
3666,2023-09-08 17:15:00,0.0,1065.3514
3667,2023-09-08 17:30:00,0.0,754.7097
3668,2023-09-08 17:45:00,0.0,559.1689
3669,2023-09-08 18:00:00,0.0,392.41492
3670,2023-09-08 18:15:00,0.0,451.14987
3671,2023-09-08 18:30:00,0.0,469.06717
3672,2023-09-08 18:45:00,0.0,485.40118
3673,2023-09-08 19:00:00,0.0,498.1357
3674,2023-09-08 19:15:00,0.0,507.9541
3675,2023-09-08 19:30:00,0.0,517.32697
3676,2023-09-08 19:45:00,281.0,523.546
3677,2023-09-09 06:00:00,398.0,530.6017
3678,2023-09-09 06:15:00,494.0,1061.5483
3679,2023-09-09 06:30:00,589.0,1295.7283
3680,2023-09-09 06:45:00,667.0,1562.656
3681,2023-09-09 07:00:00,729.0,1495.8815
3682,2023-09-09 07:15:00,840.0,1464.3403
3683,2023-09-09 07:30:00,964.9999999999999,1465.789
3684,2023-09-09 07:45:00,1065.0,1538.5991
3685,2023-09-09 08:00:00,1198.0,1831.1067
3686,2023-09-09 08:15:00,1522.0,2414.6975
3687,2023-09-09 08:30:00,1923.0,3568.1675
3688,2023-09-09 08:45:00,2422.0,4352.9185
3689,2023-09-09 09:00:00,3503.0,5316.607
3690,2023-09-09 09:15:00,5237.0,6391.438
3691,2023-09-09 09:30:00,6634.0,7468.9297
3692,2023-09-09 09:45:00,8179.999999999999,8372.558
3693,2023-09-09 10:00:00,9879.0,9420.95
3694,2023-09-09 10:15:00,11110.0,10175.196
3695,2023-09-09 10:30:00,12313.0,10867.949
3696,2023-09-09 10:45:00,13325.0,11358.971
3697,2023-09-09 11:00:00,14153.0,11961.735
3698,2023-09-09 11:15:00,14982.000000000002,12352.973
3699,2023-09-09 11:30:00,15340.0,12854.986
3700,2023-09-09 11:45:00,15571.000000000002,13162.388
3701,2023-09-09 12:00:00,15635.0,13518.326
3702,2023-09-09 12:15:00,15286.999999999998,13690.741
3703,2023-09-09 12:30:00,15089.999999999998,13791.897
3704,2023-09-09 12:45:00,14894.0,13834.443
3705,2023-09-09 13:00:00,14370.0,13579.374
3706,2023-09-09 13:15:00,13970.0,13199.717
3707,2023-09-09 13:30:00,13524.000000000002,12777.634
3708,2023-09-09 13:45:00,12963.0,12247.74
3709,2023-09-09 14:00:00,12140.0,11772.228
3710,2023-09-09 14:15:00,11298.0,11113.608
3711,2023-09-09 14:30:00,10756.0,10375.266
3712,2023-09-09 14:45:00,10007.0,9575.774
3713,2023-09-09 15:00:00,8951.0,8836.471
3714,2023-09-09 15:15:00,7929.999999999999,8130.629
3715,2023-09-09 15:30:00,7088.0,7161.8994
3716,2023-09-09 15:45:00,6168.0,6328.108
3717,2023-09-09 16:00:00,5197.0,5303.17
3718,2023-09-09 16:15:00,4202.0,4259.2754
3719,2023-09-09 16:30:00,3208.9999999999995,3226.2886
3720,2023-09-09 16:45:00,2161.0,2267.802
3721,2023-09-09 17:00:00,1109.0,1460.8456
3722,2023-09-09 17:15:00,0.0,922.28375
3723,2023-09-09 17:30:00,0.0,561.0861
3724,2023-09-09 17:45:00,0.0,458.52948
3725,2023-09-09 18:00:00,0.0,339.26547
3726,2023-09-09 18:15:00,0.0,419.35846
3727,2023-09-09 18:30:00,0.0,448.65698
3728,2023-09-09 18:45:00,0.0,472.4123
3729,2023-09-09 19:00:00,0.0,491.8679
3730,2023-09-09 19:15:00,0.0,508.28488
3731,2023-09-09 19:30:00,0.0,523.6032
3732,2023-09-09 19:45:00,384.0,533.5385
3733,2023-09-10 06:00:00,522.0,541.1447
3734,2023-09-10 06:15:00,657.0,1124.726
3735,2023-09-10 06:30:00,801.0,1331.0082
3736,2023-09-10 06:45:00,962.9999999999999,1538.7467
3737,2023-09-10 07:00:00,1132.0,1437.824
3738,2023-09-10 07:15:00,1326.0,1428.446
3739,2023-09-10 07:30:00,1547.9999999999998,1369.5768
3740,2023-09-10 07:45:00,1779.9999999999998,1368.8464
3741,2023-09-10 08:00:00,2136.0,1571.8165
3742,2023-09-10 08:15:00,2582.0,2128.3748
3743,2023-09-10 08:30:00,2856.0,3133.5767
3744,2023-09-10 08:45:00,3573.0,3772.2083
3745,2023-09-10 09:00:00,4563.0,4592.073
3746,2023-09-10 09:15:00,5657.0,5467.8613
3747,2023-09-10 09:30:00,6855.0,6368.5107
3748,2023-09-10 09:45:00,8206.0,7253.6016
3749,2023-09-10 10:00:00,9509.0,8193.304
3750,2023-09-10 10:15:00,10569.0,8942.852
3751,2023-09-10 10:30:00,11523.0,9626.437
3752,2023-09-10 10:45:00,12414.0,10530.039
3753,2023-09-10 11:00:00,13291.0,11106.293
3754,2023-09-10 11:15:00,13937.0,11665.929
3755,2023-09-10 11:30:00,14354.0,12073.256
3756,2023-09-10 11:45:00,14398.0,12383.097
3757,2023-09-10 12:00:00,14187.0,12647.18
3758,2023-09-10 12:15:00,14067.0,12651.672
3759,2023-09-10 12:30:00,13709.0,12862.239
3760,2023-09-10 12:45:00,13696.000000000002,12613.627
3761,2023-09-10 13:00:00,12962.0,12335.088
3762,2023-09-10 13:15:00,11717.0,11554.943
3763,2023-09-10 13:30:00,10691.0,10829.08
3764,2023-09-10 13:45:00,10571.0,10225.628
3765,2023-09-10 14:00:00,11020.0,9683.195
3766,2023-09-10 14:15:00,10354.0,9391.081
3767,2023-09-10 14:30:00,10069.0,8823.531
3768,2023-09-10 14:45:00,9360.0,8521.41
3769,2023-09-10 15:00:00,8684.0,7948.9644
3770,2023-09-10 15:15:00,7657.999999999999,7160.937
3771,2023-09-10 15:30:00,6252.0,6351.0923
3772,2023-09-10 15:45:00,4482.0,5234.919
3773,2023-09-10 16:00:00,3234.0,4317.237
3774,2023-09-10 16:15:00,2134.0,3315.2085
3775,2023-09-10 16:30:00,1629.9999999999998,2418.0198
3776,2023-09-10 16:45:00,1152.0,1657.065
3777,2023-09-10 17:00:00,1181.0,1102.8483
3778,2023-09-10 17:15:00,0.0,736.6836
3779,2023-09-10 17:30:00,0.0,561.2782
3780,2023-09-10 17:45:00,0.0,504.39395
3781,2023-09-10 18:00:00,0.0,382.5797
3782,2023-09-10 18:15:00,0.0,452.8353
3783,2023-09-10 18:30:00,0.0,478.2181
3784,2023-09-10 18:45:00,0.0,498.2662
3785,2023-09-10 19:00:00,0.0,514.4492
3786,2023-09-10 19:15:00,0.0,527.16113
3787,2023-09-10 19:30:00,0.0,538.817
3788,2023-09-10 19:45:00,279.0,546.9438
3789,2023-09-11 06:00:00,403.0,554.9731
3790,2023-09-11 06:15:00,539.0,1129.3578
3791,2023-09-11 06:30:00,652.0,1451.2891
3792,2023-09-11 06:45:00,748.0,1736.825
3793,2023-09-11 07:00:00,894.0000000000001,1727.0862
3794,2023-09-11 07:15:00,1062.0,1826.4282
3795,2023-09-11 07:30:00,1173.0,1815.5085
3796,2023-09-11 07:45:00,1465.0,1872.3463
3797,2023-09-11 08:00:00,1496.0,2171.9966
3798,2023-09-11 08:15:00,1689.0,2663.239
3799,2023-09-11 08:30:00,2063.0,3877.5623
3800,2023-09-11 08:45:00,2518.0,4592.912
3801,2023-09-11 09:00:00,3289.0,5382.8096
3802,2023-09-11 09:15:00,4958.0,6400.7124
3803,2023-09-11 09:30:00,6257.0,7652.197
3804,2023-09-11 09:45:00,7639.000000000001,8776.029
3805,2023-09-11 10:00:00,9389.0,10012.362
3806,2023-09-11 10:15:00,10654.0,11057.91
3807,2023-09-11 10:30:00,11842.999999999998,11770.738
3808,2023-09-11 10:45:00,12895.0,12438.022
3809,2023-09-11 11:00:00,13951.0,12887.172
3810,2023-09-11 11:15:00,14502.0,13169.826
3811,2023-09-11 11:30:00,14994.0,13232.922
3812,2023-09-11 11:45:00,14990.999999999998,13343.6045
3813,2023-09-11 12:00:00,14919.0,13111.681
3814,2023-09-11 12:15:00,14698.0,12865.125
3815,2023-09-11 12:30:00,14452.0,12707.464
3816,2023-09-11 12:45:00,14048.999999999998,12366.547
3817,2023-09-11 13:00:00,13464.0,12099.088
3818,2023-09-11 13:15:00,13382.0,11827.639
3819,2023-09-11 13:30:00,12961.0,11359.547
3820,2023-09-11 13:45:00,11761.0,10311.679
3821,2023-09-11 14:00:00,10256.0,9697.053
3822,2023-09-11 14:15:00,9890.0,8894.351
3823,2023-09-11 14:30:00,9616.0,8213.102
3824,2023-09-11 14:45:00,8234.0,7472.634
3825,2023-09-11 15:00:00,7812.0,6504.469
3826,2023-09-11 15:15:00,6756.999999999999,5577.4707
3827,2023-09-11 15:30:00,6866.0,5059.9688
3828,2023-09-11 15:45:00,4914.0,4637.7925
3829,2023-09-11 16:00:00,2368.0,3234.548
3830,2023-09-11 16:15:00,1312.0,2122.642
3831,2023-09-11 16:30:00,838.0,1301.3878
3832,2023-09-11 16:45:00,0.0,607.6828
3833,2023-09-11 17:00:00,0.0,276.24634
3834,2023-09-11 17:15:00,0.0,316.4302
3835,2023-09-11 17:30:00,0.0,273.01575
3836,2023-09-11 17:45:00,0.0,336.8789
3837,2023-09-11 18:00:00,0.0,358.88223
3838,2023-09-11 18:15:00,0.0,374.80753
3839,2023-09-11 18:30:00,0.0,389.0888
3840,2023-09-11 18:45:00,0.0,400.51468
3841,2023-09-11 19:00:00,0.0,413.67337
3842,2023-09-11 19:15:00,0.0,420.38693
3843,2023-09-11 19:30:00,0.0,428.3056
3844,2023-09-11 19:45:00,0.0,429.65686
3845,2023-09-12 06:00:00,0.0,431.15897
3846,2023-09-12 06:15:00,621.0,612.789
3847,2023-09-12 06:30:00,0.0,567.8376
3848,2023-09-12 06:45:00,0.0,678.3528
3849,2023-09-12 07:00:00,0.0,645.4354
3850,2023-09-12 07:15:00,781.0000000000001,624.95306
3851,2023-09-12 07:30:00,0.0,628.6432
3852,2023-09-12 07:45:00,0.0,775.45746
3853,2023-09-12 08:00:00,0.0,536.1468
3854,2023-09-12 08:15:00,675.0,580.60474
3855,2023-09-12 08:30:00,1380.0,818.21124
3856,2023-09-12 08:45:00,2830.9999999999995,1532.4191
3857,2023-09-12 09:00:00,3721.0,2392.3538
3858,2023-09-12 09:15:00,5893.000000000001,3941.2222
3859,2023-09-12 09:30:00,5946.0,5537.256
3860,2023-09-12 09:45:00,9558.0,6065.2163
3861,2023-09-12 10:00:00,9278.0,8962.911
3862,2023-09-12 10:15:00,9668.0,11297.683
3863,2023-09-12 10:30:00,4258.0,7883.6406
3864,2023-09-12 10:45:00,4599.0,6921.243
3865,2023-09-12 11:00:00,14015.0,10894.823
3866,2023-09-12 11:15:00,14413.0,11872.285
3867,2023-09-12 11:30:00,14601.0,12923.543
3868,2023-09-12 11:45:00,11756.0,13445.082
3869,2023-09-12 12:00:00,13838.0,14643.99
3870,2023-09-12 12:15:00,13953.0,13428.03
3871,2023-09-12 12:30:00,9088.0,12131.488
3872,2023-09-12 12:45:00,11435.0,11854.676
3873,2023-09-12 13:00:00,13957.000000000002,12816.382
3874,2023-09-12 13:15:00,14056.0,12942.726
3875,2023-09-12 13:30:00,12504.0,12728.285
3876,2023-09-12 13:45:00,12413.000000000002,12445.983
3877,2023-09-12 14:00:00,12277.0,12013.313
3878,2023-09-12 14:15:00,11353.000000000002,10825.258
3879,2023-09-12 14:30:00,9318.0,9499.503
3880,2023-09-12 14:45:00,7957.0,7868.816
3881,2023-09-12 15:00:00,4795.0,5654.6235
3882,2023-09-12 15:15:00,7141.0,4277.3945
3883,2023-09-12 15:30:00,3964.9999999999995,4910.1567
3884,2023-09-12 15:45:00,1645.0,3662.2454
3885,2023-09-12 16:00:00,1793.0,2165.9927
3886,2023-09-12 16:15:00,1183.0,1636.4111
3887,2023-09-12 16:30:00,930.0000000000001,774.5379
3888,2023-09-12 16:45:00,624.0,443.3421
3889,2023-09-12 17:00:00,0.0,221.77005
3890,2023-09-12 17:15:00,0.0,164.24477
3891,2023-09-12 17:30:00,0.0,346.78275
3892,2023-09-12 17:45:00,0.0,356.4141
3893,2023-09-12 18:00:00,0.0,383.8716
3894,2023-09-12 18:15:00,0.0,387.9531
3895,2023-09-12 18:30:00,0.0,391.7936
3896,2023-09-12 18:45:00,0.0,395.53165
3897,2023-09-12 19:00:00,0.0,403.0693
3898,2023-09-12 19:15:00,0.0,415.56155
3899,2023-09-12 19:30:00,0.0,425.2883
3900,2023-09-12 19:45:00,0.0,442.16446
3901,2023-09-13 06:00:00,1018.0,454.2158
3902,2023-09-13 06:15:00,0.0,639.96747
3903,2023-09-13 06:30:00,0.0,798.64465
3904,2023-09-13 06:45:00,0.0,620.3628
3905,2023-09-13 07:00:00,1311.0,558.351
3906,2023-09-13 07:15:00,0.0,702.12897
3907,2023-09-13 07:30:00,2331.0,1306.3798
3908,2023-09-13 07:45:00,3107.9999999999995,1158.0914
3909,2023-09-13 08:00:00,3605.0,1969.1804
3910,2023-09-13 08:15:00,2396.0,3347.4028
3911,2023-09-13 08:30:00,2274.0,3453.9136
3912,2023-09-13 08:45:00,3785.9999999999995,4830.0054
3913,2023-09-13 09:00:00,5913.0,4946.835
3914,2023-09-13 09:15:00,5963.000000000001,5665.5327
3915,2023-09-13 09:30:00,5992.999999999999,6727.9307
3916,2023-09-13 09:45:00,9087.0,7690.0884
3917,2023-09-13 10:00:00,8379.0,9264.359
3918,2023-09-13 10:15:00,8836.0,10155.411
3919,2023-09-13 10:30:00,13357.999999999998,11044.769
3920,2023-09-13 10:45:00,5833.999999999999,10948.2
3921,2023-09-13 11:00:00,4508.0,9162.01
3922,2023-09-13 11:15:00,3006.0,9754.173
3923,2023-09-13 11:30:00,3643.0,8921.364
3924,2023-09-13 11:45:00,4494.0,8125.9404
3925,2023-09-13 12:00:00,15100.0,8620.591
3926,2023-09-13 12:15:00,8422.0,7743.094
3927,2023-09-13 12:30:00,4634.0,6672.8154
3928,2023-09-13 12:45:00,1463.0,6876.5376
3929,2023-09-13 13:00:00,2444.0,7058.134
3930,2023-09-13 13:15:00,3773.9999999999995,5735.936
3931,2023-09-13 13:30:00,5533.0,4064.058
3932,2023-09-13 13:45:00,7049.0,3052.5625
3933,2023-09-13 14:00:00,5376.0,2774.7874
3934,2023-09-13 14:15:00,2863.0000000000005,2603.3591
3935,2023-09-13 14:30:00,2286.0,2736.1824
3936,2023-09-13 14:45:00,1079.0,2454.9348
3937,2023-09-13 15:00:00,1855.0,1928.6986
3938,2023-09-13 15:15:00,2320.0,1562.1821
3939,2023-09-13 15:30:00,1375.0,1243.0061
3940,2023-09-13 15:45:00,1707.0,1114.1865
3941,2023-09-13 16:00:00,1572.0,1094.3219
3942,2023-09-13 16:15:00,1442.0,1011.1326
3943,2023-09-13 16:30:00,1124.0,881.2376
3944,2023-09-13 16:45:00,990.0,705.24036
3945,2023-09-13 17:00:00,806.0,508.9252
3946,2023-09-13 17:15:00,0.0,407.16235
3947,2023-09-13 17:30:00,0.0,329.2797
3948,2023-09-13 17:45:00,0.0,318.26898
3949,2023-09-13 18:00:00,0.0,285.02502
3950,2023-09-13 18:15:00,0.0,307.76367
3951,2023-09-13 18:30:00,0.0,318.88965
3952,2023-09-13 18:45:00,0.0,331.03204
3953,2023-09-13 19:00:00,0.0,341.7656
3954,2023-09-13 19:15:00,0.0,354.02176
3955,2023-09-13 19:30:00,0.0,370.6959
3956,2023-09-13 19:45:00,282.0,386.94363
3957,2023-09-14 06:00:00,505.0,413.46027
3958,2023-09-14 06:15:00,661.0,532.9632
3959,2023-09-14 06:30:00,759.0,704.674
3960,2023-09-14 06:45:00,811.9999999999999,1159.4098
3961,2023-09-14 07:00:00,943.0,1816.962
3962,2023-09-14 07:15:00,1263.0,2574.5754
3963,2023-09-14 07:30:00,2036.0,3535.2363
3964,2023-09-14 07:45:00,2329.0,4552.8784
3965,2023-09-14 08:00:00,1970.9999999999998,5913.1772
3966,2023-09-14 08:15:00,1986.0,7289.465
3967,2023-09-14 08:30:00,2253.0,8608.649
3968,2023-09-14 08:45:00,2352.0,9415.234
3969,2023-09-14 09:00:00,3021.9999999999995,9980.181
3970,2023-09-14 09:15:00,4619.0,10585.463
3971,2023-09-14 09:30:00,6187.0,11313.096
3972,2023-09-14 09:45:00,7914.0,11921.841
3973,2023-09-14 10:00:00,9753.0,12574.261
3974,2023-09-14 10:15:00,11841.0,13151.279
3975,2023-09-14 10:30:00,12822.0,13386.611
3976,2023-09-14 10:45:00,15256.0,13593.989
3977,2023-09-14 11:00:00,10252.0,13349.758
3978,2023-09-14 11:15:00,4722.0,12545.563
3979,2023-09-14 11:30:00,17873.0,13668.119
3980,2023-09-14 11:45:00,17163.0,16661.355
3981,2023-09-14 12:00:00,17503.0,17802.209
3982,2023-09-14 12:15:00,17364.0,15318.122
3983,2023-09-14 12:30:00,8591.0,14888.754
3984,2023-09-14 12:45:00,5656.0,5919.7993
3985,2023-09-14 13:00:00,3867.9999999999995,3331.6658
3986,2023-09-14 13:15:00,14213.0,5683.567
3987,2023-09-14 13:30:00,2527.0,13079.9375
3988,2023-09-14 13:45:00,11735.000000000002,7934.2124
3989,2023-09-14 14:00:00,12052.0,2778.3765
3990,2023-09-14 14:15:00,12777.0,10150.5205
3991,2023-09-14 14:30:00,11428.0,9714.096
3992,2023-09-14 14:45:00,8888.0,9380.577
3993,2023-09-14 15:00:00,7628.0,10113.483
3994,2023-09-14 15:15:00,7382.0,9466.333
3995,2023-09-14 15:30:00,7300.000000000001,7236.293
3996,2023-09-14 15:45:00,4456.0,5189.261
3997,2023-09-14 16:00:00,5028.0,3540.8013
3998,2023-09-14 16:15:00,3805.0,2787.3076
3999,2023-09-14 16:30:00,2538.0,2124.9138
4000,2023-09-14 16:45:00,1707.0,1400.8785
4001,2023-09-14 17:00:00,0.0,779.6021
4002,2023-09-14 17:15:00,0.0,327.6198
4003,2023-09-14 17:30:00,0.0,316.14017
4004,2023-09-14 17:45:00,0.0,340.2294
4005,2023-09-14 18:00:00,0.0,390.55606
4006,2023-09-14 18:15:00,0.0,417.1174
4007,2023-09-14 18:30:00,0.0,434.6397
4008,2023-09-14 18:45:00,0.0,450.20322
4009,2023-09-14 19:00:00,0.0,463.86996
4010,2023-09-14 19:15:00,0.0,477.66727
4011,2023-09-14 19:30:00,0.0,490.16614
4012,2023-09-14 19:45:00,271.0,500.02252
4013,2023-09-15 06:00:00,333.0,501.5339
4014,2023-09-15 06:15:00,402.0,1000.00543
4015,2023-09-15 06:30:00,513.0,999.28925
4016,2023-09-15 06:45:00,621.0,946.7566
4017,2023-09-15 07:00:00,670.0,1021.99817
4018,2023-09-15 07:15:00,693.0,1046.0692
4019,2023-09-15 07:30:00,735.9999999999999,1090.3616
4020,2023-09-15 07:45:00,797.0,1201.3325
4021,2023-09-15 08:00:00,886.0,1364.0217
4022,2023-09-15 08:15:00,1031.0,1618.9568
4023,2023-09-15 08:30:00,1300.0,2155.3425
4024,2023-09-15 08:45:00,1718.0,2609.7822
4025,2023-09-15 09:00:00,2349.0,3329.1736
4026,2023-09-15 09:15:00,3698.0,4381.418
4027,2023-09-15 09:30:00,5996.0,5794.717
4028,2023-09-15 09:45:00,7622.0,7532.995
4029,2023-09-15 10:00:00,9487.0,9118.37
4030,2023-09-15 10:15:00,11342.0,10852.372
4031,2023-09-15 10:30:00,12593.999999999998,11923.421
4032,2023-09-15 10:45:00,13801.000000000002,12788.602
4033,2023-09-15 11:00:00,14419.0,13481.97
4034,2023-09-15 11:15:00,15509.999999999998,13808.347
4035,2023-09-15 11:30:00,15852.0,14432.699
4036,2023-09-15 11:45:00,15868.0,14595.753
4037,2023-09-15 12:00:00,15827.0,14623.415
4038,2023-09-15 12:15:00,15610.0,14740.303
4039,2023-09-15 12:30:00,15479.0,14355.93
4040,2023-09-15 12:45:00,15248.999999999998,14125.16
4041,2023-09-15 13:00:00,14758.0,13786.296
4042,2023-09-15 13:15:00,14302.0,13298.601
4043,2023-09-15 13:30:00,13749.0,12916.621
4044,2023-09-15 13:45:00,13195.999999999998,12247.255
4045,2023-09-15 14:00:00,12578.0,11806.036
4046,2023-09-15 14:15:00,11562.0,10974.331
4047,2023-09-15 14:30:00,11041.0,9985.308
4048,2023-09-15 14:45:00,9930.0,9329.036
4049,2023-09-15 15:00:00,9166.0,8968.847
4050,2023-09-15 15:15:00,6659.0,7573.434
4051,2023-09-15 15:30:00,6820.0,5685.008
4052,2023-09-15 15:45:00,5380.0,5078.2725
4053,2023-09-15 16:00:00,3755.0000000000005,4316.566
4054,2023-09-15 16:15:00,3740.0,3045.068
4055,2023-09-15 16:30:00,2570.0,2220.6704
4056,2023-09-15 16:45:00,1078.0,1241.8783
4057,2023-09-15 17:00:00,0.0,755.5032
4058,2023-09-15 17:15:00,0.0,427.83493
4059,2023-09-15 17:30:00,0.0,385.54074
4060,2023-09-15 17:45:00,0.0,370.42734
4061,2023-09-15 18:00:00,0.0,421.63
4062,2023-09-15 18:15:00,0.0,444.121
4063,2023-09-15 18:30:00,0.0,457.96936
4064,2023-09-15 18:45:00,0.0,464.3714
4065,2023-09-15 19:00:00,0.0,465.87955
4066,2023-09-15 19:15:00,0.0,467.80072
4067,2023-09-15 19:30:00,0.0,467.63626
4068,2023-09-15 19:45:00,418.0,471.98532
4069,2023-09-16 06:00:00,748.0,474.84662
4070,2023-09-16 06:15:00,887.9999999999999,736.4457
4071,2023-09-16 06:30:00,1430.0,771.3907
4072,2023-09-16 06:45:00,1764.0,922.3748
4073,2023-09-16 07:00:00,1723.0,1210.0272
4074,2023-09-16 07:15:00,1863.0,1311.9955
4075,2023-09-16 07:30:00,1469.9999999999998,1364.0948
4076,2023-09-16 07:45:00,1461.0,1359.5416
4077,2023-09-16 08:00:00,2433.0,1628.5569
4078,2023-09-16 08:15:00,2464.0,2188.195
4079,2023-09-16 08:30:00,3699.0,3126.2593
4080,2023-09-16 08:45:00,4374.0,4003.2046
4081,2023-09-16 09:00:00,4863.0,4885.8193
4082,2023-09-16 09:15:00,6078.999999999999,5767.727
4083,2023-09-16 09:30:00,6502.0,7249.484
4084,2023-09-16 09:45:00,8212.0,8285.829
4085,2023-09-16 10:00:00,8976.0,9464.358
4086,2023-09-16 10:15:00,9116.0,10177.237
4087,2023-09-16 10:30:00,12161.0,11417.562
4088,2023-09-16 10:45:00,12934.0,12928.965
4089,2023-09-16 11:00:00,13863.0,14037.377
4090,2023-09-16 11:15:00,14880.000000000002,14469.871
4091,2023-09-16 11:30:00,13525.0,14929.444
4092,2023-09-16 11:45:00,14341.0,13994.242
4093,2023-09-16 12:00:00,13500.0,14292.661
4094,2023-09-16 12:15:00,13124.0,13978.161
4095,2023-09-16 12:30:00,14274.999999999998,13993.659
4096,2023-09-16 12:45:00,11685.0,13308.479
4097,2023-09-16 13:00:00,12230.0,12010.301
4098,2023-09-16 13:15:00,12096.0,11361.497
4099,2023-09-16 13:30:00,12103.999999999998,12435.023
4100,2023-09-16 13:45:00,10335.0,11508.652
4101,2023-09-16 14:00:00,8620.0,9333.1
4102,2023-09-16 14:15:00,8337.0,8512.515
4103,2023-09-16 14:30:00,8160.0,7514.0938
4104,2023-09-16 14:45:00,5948.0,6529.734
4105,2023-09-16 15:00:00,6304.999999999999,5836.0044
4106,2023-09-16 15:15:00,6955.0,5504.531
4107,2023-09-16 15:30:00,5649.0,4532.0005
4108,2023-09-16 15:45:00,3962.0000000000005,3545.5342
4109,2023-09-16 16:00:00,2313.0,2623.44
4110,2023-09-16 16:15:00,1569.0,1823.4291
4111,2023-09-16 16:30:00,913.0,1073.6353
4112,2023-09-16 16:45:00,0.0,587.18744
4113,2023-09-16 17:00:00,0.0,358.0254
4114,2023-09-16 17:15:00,0.0,369.7184
4115,2023-09-16 17:30:00,0.0,369.42398
4116,2023-09-16 17:45:00,0.0,412.76953
4117,2023-09-16 18:00:00,0.0,432.12415
4118,2023-09-16 18:15:00,0.0,444.7492
4119,2023-09-16 18:30:00,0.0,451.806
4120,2023-09-16 18:45:00,0.0,453.5661
4121,2023-09-16 19:00:00,0.0,452.30197
4122,2023-09-16 19:15:00,0.0,448.44757
4123,2023-09-16 19:30:00,0.0,446.73654
4124,2023-09-16 19:45:00,0.0,442.8861
4125,2023-09-17 06:00:00,0.0,442.1419
4126,2023-09-17 06:15:00,0.0,522.16095
4127,2023-09-17 06:30:00,0.0,481.72147
4128,2023-09-17 06:45:00,0.0,490.20248
4129,2023-09-17 07:00:00,1504.0,530.1311
4130,2023-09-17 07:15:00,1656.0,613.08777
4131,2023-09-17 07:30:00,2388.0,1273.7412
4132,2023-09-17 07:45:00,2670.0,2033.5209
4133,2023-09-17 08:00:00,1336.0,2054.2307
4134,2023-09-17 08:15:00,3854.0,2570.3713
4135,2023-09-17 08:30:00,4707.0,3391.1936
4136,2023-09-17 08:45:00,4759.0,3594.2607
4137,2023-09-17 09:00:00,3910.0,4164.2295
4138,2023-09-17 09:15:00,3865.0,5148.5854
4139,2023-09-17 09:30:00,3668.9999999999995,5819.9243
4140,2023-09-17 09:45:00,4389.0,6469.809
4141,2023-09-17 10:00:00,4963.0,7006.3823
4142,2023-09-17 10:15:00,7008.0,7552.613
4143,2023-09-17 10:30:00,9791.0,7911.645
4144,2023-09-17 10:45:00,6899.000000000001,7633.1714
4145,2023-09-17 11:00:00,3121.0,5803.4204
4146,2023-09-17 11:15:00,6323.0,4253.455
4147,2023-09-17 11:30:00,2608.0,4016.8616
4148,2023-09-17 11:45:00,10330.0,4904.45
4149,2023-09-17 12:00:00,5441.0,9149.588
4150,2023-09-17 12:15:00,4425.0,7335.234
4151,2023-09-17 12:30:00,10929.0,5783.028
4152,2023-09-17 12:45:00,10892.0,11842.826
4153,2023-09-17 13:00:00,10973.0,13270.681
4154,2023-09-17 13:15:00,9915.0,11401.248
4155,2023-09-17 13:30:00,6704.0,8175.6567
4156,2023-09-17 13:45:00,8348.0,7582.884
4157,2023-09-17 14:00:00,5890.0,7231.1973
4158,2023-09-17 14:15:00,10236.0,7585.1963
4159,2023-09-17 14:30:00,9298.0,7673.658
4160,2023-09-17 14:45:00,5457.0,6313.352
4161,2023-09-17 15:00:00,3216.9999999999995,3541.0442
4162,2023-09-17 15:15:00,3721.0,3663.0364
4163,2023-09-17 15:30:00,2418.0,2708.5774
4164,2023-09-17 15:45:00,1968.9999999999998,2082.8157
4165,2023-09-17 16:00:00,1419.0,1647.8403
4166,2023-09-17 16:15:00,872.0,907.0265
4167,2023-09-17 16:30:00,0.0,545.3442
4168,2023-09-17 16:45:00,0.0,276.691
4169,2023-09-17 17:00:00,0.0,292.25882
4170,2023-09-17 17:15:00,0.0,324.77496
4171,2023-09-17 17:30:00,0.0,367.02063
4172,2023-09-17 17:45:00,0.0,387.04245
4173,2023-09-17 18:00:00,0.0,402.3285
4174,2023-09-17 18:15:00,0.0,415.95575
4175,2023-09-17 18:30:00,0.0,427.68842
4176,2023-09-17 18:45:00,0.0,438.377
4177,2023-09-17 19:00:00,0.0,445.91483
4178,2023-09-17 19:15:00,0.0,452.1243
4179,2023-09-17 19:30:00,0.0,452.4489
4180,2023-09-17 19:45:00,0.0,450.82306
4181,2023-09-18 06:00:00,0.0,448.003
4182,2023-09-18 06:15:00,0.0,540.67664
4183,2023-09-18 06:30:00,0.0,489.8393
4184,2023-09-18 06:45:00,0.0,471.3436
4185,2023-09-18 07:00:00,806.0,477.7546
4186,2023-09-18 07:15:00,1118.0,511.91144
4187,2023-09-18 07:30:00,1516.9999999999998,920.4094
4188,2023-09-18 07:45:00,2695.0,1672.0287
4189,2023-09-18 08:00:00,1208.0,1890.0961
4190,2023-09-18 08:15:00,1108.0,1920.2642
4191,2023-09-18 08:30:00,2439.0,2260.8945
4192,2023-09-18 08:45:00,4567.0,3063.6396
4193,2023-09-18 09:00:00,4119.0,4387.524
4194,2023-09-18 09:15:00,4605.0,4829.104
4195,2023-09-18 09:30:00,4485.0,4416.711
4196,2023-09-18 09:45:00,5855.0,4557.897
4197,2023-09-18 10:00:00,6195.0,6420.0693
4198,2023-09-18 10:15:00,5692.0,6458.2085
4199,2023-09-18 10:30:00,7094.0,6023.555
4200,2023-09-18 10:45:00,7698.000000000001,7086.4097
4201,2023-09-18 11:00:00,9963.0,9117.519
4202,2023-09-18 11:15:00,9257.0,9701.532
4203,2023-09-18 11:30:00,4537.0,7405.131
4204,2023-09-18 11:45:00,6917.0,6125.907
4205,2023-09-18 12:00:00,2751.0,5772.4795
4206,2023-09-18 12:15:00,2278.0,5089.864
4207,2023-09-18 12:30:00,9144.0,5948.982
4208,2023-09-18 12:45:00,11081.0,8688.401
4209,2023-09-18 13:00:00,10479.0,9989.246
4210,2023-09-18 13:15:00,12515.000000000002,10094.07
4211,2023-09-18 13:30:00,9885.0,9693.429
4212,2023-09-18 13:45:00,10903.0,8268.799
4213,2023-09-18 14:00:00,8209.0,8348.432
4214,2023-09-18 14:15:00,11122.0,9320.691
4215,2023-09-18 14:30:00,4085.9999999999995,8246.583
4216,2023-09-18 14:45:00,9844.0,5784.584
4217,2023-09-18 15:00:00,8442.0,5980.3755
4218,2023-09-18 15:15:00,7224.999999999999,5884.7153
4219,2023-09-18 15:30:00,4958.0,4111.351
4220,2023-09-18 15:45:00,3640.0,4728.747
4221,2023-09-18 16:00:00,2345.0,4107.349
4222,2023-09-18 16:15:00,0.0,3507.4966
4223,2023-09-18 16:30:00,0.0,2740.6062
4224,2023-09-18 16:45:00,0.0,1451.9275
4225,2023-09-18 17:00:00,0.0,782.79443
4226,2023-09-18 17:15:00,0.0,570.3513
4227,2023-09-18 17:30:00,0.0,466.86288
4228,2023-09-18 17:45:00,0.0,433.0042
4229,2023-09-18 18:00:00,0.0,424.87134
4230,2023-09-18 18:15:00,0.0,423.266
4231,2023-09-18 18:30:00,0.0,423.37128
4232,2023-09-18 18:45:00,0.0,423.02643
4233,2023-09-18 19:00:00,0.0,425.16766
4234,2023-09-18 19:15:00,0.0,430.4403
4235,2023-09-18 19:30:00,0.0,438.4883
4236,2023-09-18 19:45:00,617.0,446.84415
4237,2023-09-19 06:00:00,769.0,453.29938
4238,2023-09-19 06:15:00,613.0,748.17004
4239,2023-09-19 06:30:00,545.0,858.64825
4240,2023-09-19 06:45:00,924.9999999999999,777.6233
4241,2023-09-19 07:00:00,1521.0000000000002,922.29926
4242,2023-09-19 07:15:00,1831.0,983.9909
4243,2023-09-19 07:30:00,2210.0,1176.9526
4244,2023-09-19 07:45:00,2639.0,1572.067
4245,2023-09-19 08:00:00,2871.0,2116.391
4246,2023-09-19 08:15:00,3058.0,2846.6099
4247,2023-09-19 08:30:00,2863.0000000000005,3690.4346
4248,2023-09-19 08:45:00,3280.0000000000005,4252.315
4249,2023-09-19 09:00:00,5045.0,5098.843
4250,2023-09-19 09:15:00,4642.0,5642.858
4251,2023-09-19 09:30:00,5800.0,5901.5537
4252,2023-09-19 09:45:00,6887.0,6875.1157
4253,2023-09-19 10:00:00,8504.0,8413.685
4254,2023-09-19 10:15:00,8551.0,9202.783
4255,2023-09-19 10:30:00,10911.0,10641.375
4256,2023-09-19 10:45:00,6371.0,10837.03
4257,2023-09-19 11:00:00,10408.0,7310.8496
4258,2023-09-19 11:15:00,6943.0,8936.292
4259,2023-09-19 11:30:00,6214.0,9672.896
4260,2023-09-19 11:45:00,4845.0,3435.6074
4261,2023-09-19 12:00:00,6245.0,4432.5835
4262,2023-09-19 12:15:00,4374.0,6931.0415
4263,2023-09-19 12:30:00,8229.0,5472.386
4264,2023-09-19 12:45:00,11313.0,7094.05
4265,2023-09-19 13:00:00,7813.0,8284.347
4266,2023-09-19 13:15:00,2880.0,5999.11
4267,2023-09-19 13:30:00,2089.0,4419.9727
4268,2023-09-19 13:45:00,1434.0,4116.3696
4269,2023-09-19 14:00:00,1933.0,2334.5298
4270,2023-09-19 14:15:00,1682.0,1168.7695
4271,2023-09-19 14:30:00,0.0,1012.4484
4272,2023-09-19 14:45:00,2153.0,1122.5172
4273,2023-09-19 15:00:00,2947.0,927.9368
4274,2023-09-19 15:15:00,1745.0000000000002,948.73267
4275,2023-09-19 15:30:00,1061.0,1213.7046
4276,2023-09-19 15:45:00,0.0,593.60846
4277,2023-09-19 16:00:00,0.0,351.78708
4278,2023-09-19 16:15:00,0.0,275.80096
4279,2023-09-19 16:30:00,0.0,224.06033
4280,2023-09-19 16:45:00,0.0,270.0063
4281,2023-09-19 17:00:00,0.0,280.49054
4282,2023-09-19 17:15:00,0.0,288.9571
4283,2023-09-19 17:30:00,0.0,285.57703
4284,2023-09-19 17:45:00,0.0,287.09195
4285,2023-09-19 18:00:00,0.0,291.25482
4286,2023-09-19 18:15:00,0.0,296.90173
4287,2023-09-19 18:30:00,0.0,306.66342
4288,2023-09-19 18:45:00,0.0,310.6852
4289,2023-09-19 19:00:00,0.0,316.693
4290,2023-09-19 19:15:00,0.0,324.45584
4291,2023-09-19 19:30:00,0.0,333.9121
4292,2023-09-19 19:45:00,101.0,345.18433
4293,2023-09-20 06:00:00,0.0,358.35733
4294,2023-09-20 06:15:00,244.0,385.00122
4295,2023-09-20 06:30:00,394.0,464.3704
4296,2023-09-20 06:45:00,443.0,345.59412
4297,2023-09-20 07:00:00,583.0,824.1698
4298,2023-09-20 07:15:00,748.0,864.55396
4299,2023-09-20 07:30:00,879.0,1163.2067
4300,2023-09-20 07:45:00,1547.9999999999998,1470.1444
4301,2023-09-20 08:00:00,3013.0,1881.8143
4302,2023-09-20 08:15:00,2925.0000000000005,2321.2717
4303,2023-09-20 08:30:00,3089.0000000000005,2906.9607
4304,2023-09-20 08:45:00,3625.0,3316.2456
4305,2023-09-20 09:00:00,3229.0000000000005,3758.8926
4306,2023-09-20 09:15:00,3237.0000000000005,4003.4316
4307,2023-09-20 09:30:00,3615.0000000000005,3586.8826
4308,2023-09-20 09:45:00,3917.0,3142.2742
4309,2023-09-20 10:00:00,2384.0,3739.8083
4310,2023-09-20 10:15:00,7858.0,4954.1396
4311,2023-09-20 10:30:00,8737.0,6935.067
4312,2023-09-20 10:45:00,8754.0,7506.0225
4313,2023-09-20 11:00:00,6708.000000000001,7558.7485
4314,2023-09-20 11:15:00,6536.000000000001,8281.94
4315,2023-09-20 11:30:00,6091.0,8138.7666
4316,2023-09-20 11:45:00,6979.0,8312.447
4317,2023-09-20 12:00:00,7259.999999999999,7752.358
4318,2023-09-20 12:15:00,10255.0,7342.9604
4319,2023-09-20 12:30:00,5062.0,7203.274
4320,2023-09-20 12:45:00,9473.0,6865.9863
4321,2023-09-20 13:00:00,9666.0,7329.9644
4322,2023-09-20 13:15:00,7830.000000000001,6835.157
4323,2023-09-20 13:30:00,6016.999999999999,6363.9453
4324,2023-09-20 13:45:00,4601.0,6359.7383
4325,2023-09-20 14:00:00,6331.999999999999,6769.1353
4326,2023-09-20 14:15:00,8839.0,7006.289
4327,2023-09-20 14:30:00,6487.0,7415.7163
4328,2023-09-20 14:45:00,6425.999999999999,5949.436
4329,2023-09-20 15:00:00,5230.0,4658.328
4330,2023-09-20 15:15:00,5752.0,4405.3774
4331,2023-09-20 15:30:00,4245.0,4655.671
4332,2023-09-20 15:45:00,4452.0,3659.3118
4333,2023-09-20 16:00:00,3714.0,2610.2122
4334,2023-09-20 16:15:00,1293.0,2004.518
4335,2023-09-20 16:30:00,1255.0,1162.8306
4336,2023-09-20 16:45:00,0.0,546.8011
4337,2023-09-20 17:00:00,0.0,309.28168
4338,2023-09-20 17:15:00,0.0,311.76212
4339,2023-09-20 17:30:00,0.0,302.73373
4340,2023-09-20 17:45:00,0.0,354.63037
4341,2023-09-20 18:00:00,0.0,371.95828
4342,2023-09-20 18:15:00,0.0,379.12823
4343,2023-09-20 18:30:00,0.0,381.43967
4344,2023-09-20 18:45:00,0.0,382.6144
4345,2023-09-20 19:00:00,0.0,385.0303
4346,2023-09-20 19:15:00,0.0,389.04385
4347,2023-09-20 19:30:00,0.0,396.87512
4348,2023-09-20 19:45:00,0.0,404.88736
4349,2023-09-21 06:00:00,431.0,414.71704
4350,2023-09-21 06:15:00,1061.0,558.29443
4351,2023-09-21 06:30:00,1409.0,659.4637
4352,2023-09-21 06:45:00,1084.0,933.63293
4353,2023-09-21 07:00:00,1447.0000000000002,1148.8228
4354,2023-09-21 07:15:00,1938.0000000000002,1504.8054
4355,2023-09-21 07:30:00,2643.0,1829.136
4356,2023-09-21 07:45:00,3114.0,2158.7385
4357,2023-09-21 08:00:00,3130.0,2662.8503
4358,2023-09-21 08:15:00,2741.0,2898.495
4359,2023-09-21 08:30:00,2485.0,3077.4727
4360,2023-09-21 08:45:00,3082.0,2955.7615
4361,2023-09-21 09:00:00,2005.0,2845.537
4362,2023-09-21 09:15:00,3192.0,2667.6975
4363,2023-09-21 09:30:00,3163.0000000000005,2797.5325
4364,2023-09-21 09:45:00,2455.0,2722.7268
4365,2023-09-21 10:00:00,1555.0,3015.598
4366,2023-09-21 10:15:00,4484.0,3332.6516
4367,2023-09-21 10:30:00,5119.0,3370.79
4368,2023-09-21 10:45:00,5625.0,3292.6208
4369,2023-09-21 11:00:00,3641.0,3639.1147
4370,2023-09-21 11:15:00,1618.0,3852.7385
4371,2023-09-21 11:30:00,2438.0,3597.2588
4372,2023-09-21 11:45:00,5009.0,3530.867
4373,2023-09-21 12:00:00,3994.0,3287.6892
4374,2023-09-21 12:15:00,2896.0,3246.235
4375,2023-09-21 12:30:00,4027.0,3396.3315
4376,2023-09-21 12:45:00,2939.0,3207.8855
4377,2023-09-21 13:00:00,2470.0,2615.6409
4378,2023-09-21 13:15:00,1695.0,2071.2139
4379,2023-09-21 13:30:00,1141.0,1631.5295
4380,2023-09-21 13:45:00,0.0,1188.3226
4381,2023-09-21 14:00:00,963.9999999999999,685.2729
4382,2023-09-21 14:15:00,820.0000000000001,503.6733
4383,2023-09-21 14:30:00,0.0,847.0513
4384,2023-09-21 14:45:00,1424.0,745.22363
4385,2023-09-21 15:00:00,1038.0,418.50317
4386,2023-09-21 15:15:00,0.0,495.92145
4387,2023-09-21 15:30:00,0.0,457.01065
4388,2023-09-21 15:45:00,0.0,309.7747
4389,2023-09-21 16:00:00,0.0,330.82065
4390,2023-09-21 16:15:00,0.0,334.95386
4391,2023-09-21 16:30:00,0.0,334.261
4392,2023-09-21 16:45:00,0.0,334.02176
4393,2023-09-21 17:00:00,0.0,338.30676
4394,2023-09-21 17:15:00,0.0,345.5956
4395,2023-09-21 17:30:00,0.0,348.57648
4396,2023-09-21 17:45:00,0.0,357.4219
4397,2023-09-21 18:00:00,0.0,367.9217
4398,2023-09-21 18:15:00,0.0,373.03925
4399,2023-09-21 18:30:00,0.0,378.2772
4400,2023-09-21 18:45:00,0.0,383.56503
4401,2023-09-21 19:00:00,0.0,388.86472
4402,2023-09-21 19:15:00,0.0,394.1391
4403,2023-09-21 19:30:00,0.0,399.38547
4404,2023-09-21 19:45:00,0.0,404.8596
4405,2023-09-22 06:00:00,0.0,410.96222
4406,2023-09-22 06:15:00,291.0,508.1226
4407,2023-09-22 06:30:00,367.99999999999994,474.49527
4408,2023-09-22 06:45:00,539.0,613.20734
4409,2023-09-22 07:00:00,1344.0,881.3421
4410,2023-09-22 07:15:00,1634.0000000000002,1027.5887
4411,2023-09-22 07:30:00,1326.0,1296.7532
4412,2023-09-22 07:45:00,2314.0,1568.6676
4413,2023-09-22 08:00:00,2274.0,2009.5771
4414,2023-09-22 08:15:00,1913.0,2191.9817
4415,2023-09-22 08:30:00,2912.0,2306.177
4416,2023-09-22 08:45:00,2896.0,2846.8538
4417,2023-09-22 09:00:00,3312.0,3618.8208
4418,2023-09-22 09:15:00,5074.0,4413.2646
4419,2023-09-22 09:30:00,2919.0,4610.7544
4420,2023-09-22 09:45:00,3610.0,4663.327
4421,2023-09-22 10:00:00,5065.0,5618.4385
4422,2023-09-22 10:15:00,6772.0,6221.141
4423,2023-09-22 10:30:00,2579.0,6434.4336
4424,2023-09-22 10:45:00,10403.0,6795.853
4425,2023-09-22 11:00:00,7380.999999999999,8272.056
4426,2023-09-22 11:15:00,15619.0,11184.087
4427,2023-09-22 11:30:00,4360.0,13279.422
4428,2023-09-22 11:45:00,6381.0,6083.2705
4429,2023-09-22 12:00:00,3372.9999999999995,1299.8234
4430,2023-09-22 12:15:00,3088.0,7530.536
4431,2023-09-22 12:30:00,7616.0,7101.901
4432,2023-09-22 12:45:00,10974.0,9290.08
4433,2023-09-22 13:00:00,8239.0,8858.38
4434,2023-09-22 13:15:00,10711.0,9654.93
4435,2023-09-22 13:30:00,14147.0,10979.083
4436,2023-09-22 13:45:00,7953.0,11102.376
4437,2023-09-22 14:00:00,8525.0,7758.4663
4438,2023-09-22 14:15:00,4619.0,5167.5435
4439,2023-09-22 14:30:00,2961.0,4767.444
4440,2023-09-22 14:45:00,6651.0,5292.0923
4441,2023-09-22 15:00:00,6650.0,4422.349
4442,2023-09-22 15:15:00,2842.9999999999995,3978.7493
4443,2023-09-22 15:30:00,3765.0,2753.3945
4444,2023-09-22 15:45:00,2904.9999999999995,2022.1478
4445,2023-09-22 16:00:00,1281.0,1085.5525
4446,2023-09-22 16:15:00,0.0,737.3379
4447,2023-09-22 16:30:00,0.0,540.46765
4448,2023-09-22 16:45:00,0.0,353.2226
4449,2023-09-22 17:00:00,0.0,325.37332
4450,2023-09-22 17:15:00,0.0,357.16922
4451,2023-09-22 17:30:00,0.0,372.89365
4452,2023-09-22 17:45:00,0.0,382.15875
4453,2023-09-22 18:00:00,0.0,390.08786
4454,2023-09-22 18:15:00,0.0,396.4185
4455,2023-09-22 18:30:00,0.0,399.7804
4456,2023-09-22 18:45:00,0.0,402.38437
4457,2023-09-22 19:00:00,0.0,407.70898
4458,2023-09-22 19:15:00,0.0,410.4214
4459,2023-09-22 19:30:00,0.0,414.50742
4460,2023-09-22 19:45:00,0.0,419.88657
4461,2023-09-23 06:00:00,0.0,427.0213
4462,2023-09-23 06:15:00,604.0,528.61383
4463,2023-09-23 06:30:00,745.0,514.02045
4464,2023-09-23 06:45:00,968.0000000000001,765.7977
4465,2023-09-23 07:00:00,1099.0,1063.9279
4466,2023-09-23 07:15:00,1427.0,1110.3173
4467,2023-09-23 07:30:00,1988.0,1390.8148
4468,2023-09-23 07:45:00,1573.0,1718.2028
4469,2023-09-23 08:00:00,2293.0,1979.0464
4470,2023-09-23 08:15:00,2803.0,2229.5452
4471,2023-09-23 08:30:00,2996.0,2700.4607
4472,2023-09-23 08:45:00,2589.0,3000.2676
4473,2023-09-23 09:00:00,4498.0,3618.85
4474,2023-09-23 09:15:00,3189.0,3945.65
4475,2023-09-23 09:30:00,2718.0,3826.9863
4476,2023-09-23 09:45:00,4746.0,3914.7322
4477,2023-09-23 10:00:00,4848.0,4028.757
4478,2023-09-23 10:15:00,4350.0,3455.0125
4479,2023-09-23 10:30:00,3695.0,3242.1768
4480,2023-09-23 10:45:00,1722.0,3275.0613
4481,2023-09-23 11:00:00,3953.0,3334.3909
4482,2023-09-23 11:15:00,3544.0,3612.7002
4483,2023-09-23 11:30:00,3707.9999999999995,3907.6885
4484,2023-09-23 11:45:00,4271.0,4015.3438
4485,2023-09-23 12:00:00,4750.0,4376.8105
4486,2023-09-23 12:15:00,3820.0,4007.5298
4487,2023-09-23 12:30:00,4649.0,4090.0122
4488,2023-09-23 12:45:00,2921.0000000000005,3999.7007
4489,2023-09-23 13:00:00,5314.0,3363.529
4490,2023-09-23 13:15:00,3762.0,3933.5222
4491,2023-09-23 13:30:00,4230.0,4906.4956
4492,2023-09-23 13:45:00,5479.0,3905.7659
4493,2023-09-23 14:00:00,5225.0,3793.1855
4494,2023-09-23 14:15:00,4306.0,3967.6658
4495,2023-09-23 14:30:00,7956.0,4971.516
4496,2023-09-23 14:45:00,5572.0,5828.9604
4497,2023-09-23 15:00:00,6510.0,6014.9546
4498,2023-09-23 15:15:00,3329.9999999999995,3736.3667
4499,2023-09-23 15:30:00,4455.0,3162.457
4500,2023-09-23 15:45:00,3699.9999999999995,3172.157
4501,2023-09-23 16:00:00,3247.0,2178.5278
4502,2023-09-23 16:15:00,2386.0,1614.6105
4503,2023-09-23 16:30:00,975.0,1484.9294
4504,2023-09-23 16:45:00,0.0,1023.84937
4505,2023-09-23 17:00:00,0.0,784.0878
4506,2023-09-23 17:15:00,0.0,426.76126
4507,2023-09-23 17:30:00,0.0,359.02304
4508,2023-09-23 17:45:00,0.0,388.38757
4509,2023-09-23 18:00:00,0.0,399.52884
4510,2023-09-23 18:15:00,0.0,406.94147
4511,2023-09-23 18:30:00,0.0,410.78653
4512,2023-09-23 18:45:00,0.0,413.77188
4513,2023-09-23 19:00:00,0.0,416.2947
4514,2023-09-23 19:15:00,0.0,416.69266
4515,2023-09-23 19:30:00,0.0,420.46194
4516,2023-09-23 19:45:00,167.0,421.44705
4517,2023-09-24 06:00:00,272.0,423.76303
4518,2023-09-24 06:15:00,357.0,564.45844
4519,2023-09-24 06:30:00,452.0,471.0829
4520,2023-09-24 06:45:00,590.0,434.1006
4521,2023-09-24 07:00:00,843.0,601.0374
4522,2023-09-24 07:15:00,984.0,679.9131
4523,2023-09-24 07:30:00,1142.0,806.3667
4524,2023-09-24 07:45:00,1228.0,986.88007
4525,2023-09-24 08:00:00,1124.0,1239.8163
4526,2023-09-24 08:15:00,1290.0,1608.8917
4527,2023-09-24 08:30:00,1532.0,2157.8914
4528,2023-09-24 08:45:00,1610.0,2611.6462
4529,2023-09-24 09:00:00,2054.0,3190.944
4530,2023-09-24 09:15:00,3208.9999999999995,4189.5073
4531,2023-09-24 09:30:00,5190.0,5332.8657
4532,2023-09-24 09:45:00,6775.0,6730.5723
4533,2023-09-24 10:00:00,8069.0,8281.386
4534,2023-09-24 10:15:00,9794.0,9888.01
4535,2023-09-24 10:30:00,11828.0,11326.159
4536,2023-09-24 10:45:00,12985.0,12271.883
4537,2023-09-24 11:00:00,13899.0,13108.211
4538,2023-09-24 11:15:00,15292.0,13741.525
4539,2023-09-24 11:30:00,15861.0,14211.144
4540,2023-09-24 11:45:00,15240.000000000002,14407.561
4541,2023-09-24 12:00:00,15673.0,14439.051
4542,2023-09-24 12:15:00,15362.0,14034.036
4543,2023-09-24 12:30:00,14304.000000000002,13957.958
4544,2023-09-24 12:45:00,15474.999999999998,13916.059
4545,2023-09-24 13:00:00,13837.0,13433.8955
4546,2023-09-24 13:15:00,11729.0,12634.71
4547,2023-09-24 13:30:00,11684.000000000002,12314.405
4548,2023-09-24 13:45:00,12548.0,11467.166
4549,2023-09-24 14:00:00,11950.999999999998,10563.519
4550,2023-09-24 14:15:00,11173.0,9515.874
4551,2023-09-24 14:30:00,10339.0,8390.057
4552,2023-09-24 14:45:00,8624.0,7627.37
4553,2023-09-24 15:00:00,5361.0,6645.707
4554,2023-09-24 15:15:00,3573.0,5514.7573
4555,2023-09-24 15:30:00,3425.0,4490.2544
4556,2023-09-24 15:45:00,3471.0000000000005,3217.3965
4557,2023-09-24 16:00:00,3180.0,2012.4462
4558,2023-09-24 16:15:00,2686.0,1413.795
4559,2023-09-24 16:30:00,1405.0,956.7963
4560,2023-09-24 16:45:00,0.0,639.5794
4561,2023-09-24 17:00:00,0.0,481.93118
4562,2023-09-24 17:15:00,0.0,422.6259
4563,2023-09-24 17:30:00,0.0,381.56735
4564,2023-09-24 17:45:00,0.0,410.21628
4565,2023-09-24 18:00:00,0.0,420.88885
4566,2023-09-24 18:15:00,0.0,427.73462
4567,2023-09-24 18:30:00,0.0,432.2166
4568,2023-09-24 18:45:00,0.0,435.29895
4569,2023-09-24 19:00:00,0.0,439.54645
4570,2023-09-24 19:15:00,0.0,441.89352
4571,2023-09-24 19:30:00,0.0,447.98914
4572,2023-09-24 19:45:00,0.0,452.01672
4573,2023-09-25 06:00:00,564.0,457.49008
4574,2023-09-25 06:15:00,804.0,565.38617
4575,2023-09-25 06:30:00,1083.0,652.3091
4576,2023-09-25 06:45:00,1244.0,843.59894
4577,2023-09-25 07:00:00,1362.0,956.76605
4578,2023-09-25 07:15:00,1627.0,1118.6996
4579,2023-09-25 07:30:00,1882.0,1319.9513
4580,2023-09-25 07:45:00,2322.0,1626.7396
4581,2023-09-25 08:00:00,2587.0,1989.0663
4582,2023-09-25 08:15:00,2342.0,2497.5771
4583,2023-09-25 08:30:00,2667.0,3222.72
4584,2023-09-25 08:45:00,3072.0,3839.0034
4585,2023-09-25 09:00:00,3772.0,4427.36
4586,2023-09-25 09:15:00,4765.0,5281.992
4587,2023-09-25 09:30:00,5594.0,6080.332
4588,2023-09-25 09:45:00,6796.0,6799.4004
4589,2023-09-25 10:00:00,7937.999999999999,7778.66
4590,2023-09-25 10:15:00,8035.0,8398.066
4591,2023-09-25 10:30:00,7546.0,8673.561
4592,2023-09-25 10:45:00,8504.0,8863.628
4593,2023-09-25 11:00:00,9321.0,9509.751
4594,2023-09-25 11:15:00,9848.0,9980.756
4595,2023-09-25 11:30:00,11167.999999999998,10905.109
4596,2023-09-25 11:45:00,10354.0,11536.59
4597,2023-09-25 12:00:00,10323.0,11138.606
4598,2023-09-25 12:15:00,10793.0,10219.65
4599,2023-09-25 12:30:00,10608.0,10497.38
4600,2023-09-25 12:45:00,12634.0,11068.588
4601,2023-09-25 13:00:00,8060.0,11934.23
4602,2023-09-25 13:15:00,8899.0,8312.421
4603,2023-09-25 13:30:00,7046.0,6077.1943
4604,2023-09-25 13:45:00,11377.0,8496.249
4605,2023-09-25 14:00:00,10088.0,10145.382
4606,2023-09-25 14:15:00,11688.0,10079.158
4607,2023-09-25 14:30:00,10158.0,8341.978
4608,2023-09-25 14:45:00,7735.999999999999,6682.88
4609,2023-09-25 15:00:00,2311.0,4942.1426
4610,2023-09-25 15:15:00,2173.0,3410.8884
4611,2023-09-25 15:30:00,3077.0000000000005,2222.126
4612,2023-09-25 15:45:00,2977.0,1437.5834
4613,2023-09-25 16:00:00,2402.0,937.44086
4614,2023-09-25 16:15:00,0.0,787.4434
4615,2023-09-25 16:30:00,1163.0,568.858
4616,2023-09-25 16:45:00,0.0,441.43854
4617,2023-09-25 17:00:00,0.0,247.22458
4618,2023-09-25 17:15:00,0.0,397.12402
4619,2023-09-25 17:30:00,0.0,372.9655
4620,2023-09-25 17:45:00,0.0,397.7697
4621,2023-09-25 18:00:00,0.0,407.0771
4622,2023-09-25 18:15:00,0.0,412.49756
4623,2023-09-25 18:30:00,0.0,418.1995
4624,2023-09-25 18:45:00,0.0,418.4075
4625,2023-09-25 19:00:00,0.0,426.1028
4626,2023-09-25 19:15:00,0.0,424.48196
4627,2023-09-25 19:30:00,0.0,434.63425
4628,2023-09-25 19:45:00,472.0,442.1404
4629,2023-09-26 06:00:00,708.0,453.16037
4630,2023-09-26 06:15:00,974.0,729.93945
4631,2023-09-26 06:30:00,1244.0,815.88715
4632,2023-09-26 06:45:00,1575.0,1009.3777
4633,2023-09-26 07:00:00,1584.9999999999998,1195.4564
4634,2023-09-26 07:15:00,1570.0,1346.6053
4635,2023-09-26 07:30:00,1675.0000000000002,1408.6501
4636,2023-09-26 07:45:00,2068.0,1467.6952
4637,2023-09-26 08:00:00,2122.0,1732.009
4638,2023-09-26 08:15:00,2755.0,2254.757
4639,2023-09-26 08:30:00,4346.0,3463.9458
4640,2023-09-26 08:45:00,4165.0,4087.5095
4641,2023-09-26 09:00:00,4461.0,4692.9453
4642,2023-09-26 09:15:00,6604.0,5527.577
4643,2023-09-26 09:30:00,7145.0,7115.7637
4644,2023-09-26 09:45:00,9323.0,8962.55
4645,2023-09-26 10:00:00,8204.0,10032.7705
4646,2023-09-26 10:15:00,8355.0,10101.093
4647,2023-09-26 10:30:00,11355.999999999998,11135.034
4648,2023-09-26 10:45:00,11382.0,11173.839
4649,2023-09-26 11:00:00,10736.0,10802.966
4650,2023-09-26 11:15:00,9464.0,11117.016
4651,2023-09-26 11:30:00,8252.0,11304.185
4652,2023-09-26 11:45:00,10008.0,11377.914
4653,2023-09-26 12:00:00,13274.0,11633.1455
4654,2023-09-26 12:15:00,8476.0,10789.962
4655,2023-09-26 12:30:00,8205.0,9150.262
4656,2023-09-26 12:45:00,8740.0,8259.235
4657,2023-09-26 13:00:00,5856.0,6611.169
4658,2023-09-26 13:15:00,4290.0,4860.766
4659,2023-09-26 13:30:00,5626.0,4674.852
4660,2023-09-26 13:45:00,5074.0,4323.5283
4661,2023-09-26 14:00:00,5165.0,4668.67
4662,2023-09-26 14:15:00,3719.0,4054.6057
4663,2023-09-26 14:30:00,3145.0,2722.007
4664,2023-09-26 14:45:00,3504.0,2376.008
4665,2023-09-26 15:00:00,3054.0,2205.303
4666,2023-09-26 15:15:00,3095.9999999999995,1974.068
4667,2023-09-26 15:30:00,2000.0,1726.9774
4668,2023-09-26 15:45:00,1339.0,1175.0793
4669,2023-09-26 16:00:00,1216.0,801.4444
4670,2023-09-26 16:15:00,916.0,597.97125
4671,2023-09-26 16:30:00,0.0,393.48267
4672,2023-09-26 16:45:00,0.0,316.68994
4673,2023-09-26 17:00:00,0.0,316.12332
4674,2023-09-26 17:15:00,0.0,320.13968
4675,2023-09-26 17:30:00,0.0,342.2129
4676,2023-09-26 17:45:00,0.0,351.7046
4677,2023-09-26 18:00:00,0.0,358.10455
4678,2023-09-26 18:15:00,0.0,365.02454
4679,2023-09-26 18:30:00,0.0,370.9284
4680,2023-09-26 18:45:00,0.0,380.24628
4681,2023-09-26 19:00:00,0.0,387.77277
4682,2023-09-26 19:15:00,0.0,400.54642
4683,2023-09-26 19:30:00,0.0,405.14774
4684,2023-09-26 19:45:00,180.0,411.00867
4685,2023-09-27 06:00:00,399.0,418.10107
4686,2023-09-27 06:15:00,668.0,580.9365
4687,2023-09-27 06:30:00,785.0,519.047
4688,2023-09-27 06:45:00,1028.0,629.8879
4689,2023-09-27 07:00:00,1249.0,861.4688
4690,2023-09-27 07:15:00,1409.0,1081.4192
4691,2023-09-27 07:30:00,2578.0,1433.2626
4692,2023-09-27 07:45:00,2530.0,1810.4617
4693,2023-09-27 08:00:00,2453.0,2301.3655
4694,2023-09-27 08:15:00,2188.0,2720.548
4695,2023-09-27 08:30:00,3227.0,3262.842
4696,2023-09-27 08:45:00,3485.9999999999995,3276.6816
4697,2023-09-27 09:00:00,3621.0,3908.7725
4698,2023-09-27 09:15:00,4429.0,5311.6406
4699,2023-09-27 09:30:00,6562.0,6707.466
4700,2023-09-27 09:45:00,9205.0,8082.8467
4701,2023-09-27 10:00:00,6318.000000000001,8683.638
4702,2023-09-27 10:15:00,8158.0,8020.0386
4703,2023-09-27 10:30:00,7296.0,7402.7734
4704,2023-09-27 10:45:00,7039.000000000001,7955.484
4705,2023-09-27 11:00:00,7948.0,8107.483
4706,2023-09-27 11:15:00,5889.0,7497.926
4707,2023-09-27 11:30:00,5878.0,5776.1704
4708,2023-09-27 11:45:00,5017.0,5816.7173
4709,2023-09-27 12:00:00,5192.0,6836.6504
4710,2023-09-27 12:15:00,4049.0,5369.2705
4711,2023-09-27 12:30:00,6772.999999999999,5400.3394
4712,2023-09-27 12:45:00,14196.0,9509.9375
4713,2023-09-27 13:00:00,13172.0,11580.005
4714,2023-09-27 13:15:00,10828.0,10986.368
4715,2023-09-27 13:30:00,11336.0,10909.046
4716,2023-09-27 13:45:00,11572.0,11923.354
4717,2023-09-27 14:00:00,10947.0,10687.196
4718,2023-09-27 14:15:00,10338.0,9345.918
4719,2023-09-27 14:30:00,8423.0,8268.221
4720,2023-09-27 14:45:00,5264.0,7222.378
4721,2023-09-27 15:00:00,3610.0,5875.173
4722,2023-09-27 15:15:00,1627.9999999999998,4676.6353
4723,2023-09-27 15:30:00,1715.0,3037.53
4724,2023-09-27 15:45:00,1635.0,2216.7893
4725,2023-09-27 16:00:00,882.0,1291.9473
4726,2023-09-27 16:15:00,0.0,896.08795
4727,2023-09-27 16:30:00,0.0,733.5445
4728,2023-09-27 16:45:00,0.0,491.7599
4729,2023-09-27 17:00:00,0.0,310.44153
4730,2023-09-27 17:15:00,0.0,401.97134
4731,2023-09-27 17:30:00,0.0,426.8772
4732,2023-09-27 17:45:00,0.0,441.47165
4733,2023-09-27 18:00:00,0.0,455.04105
4734,2023-09-27 18:15:00,0.0,463.7217
4735,2023-09-27 18:30:00,0.0,473.10825
4736,2023-09-27 18:45:00,0.0,478.47147
4737,2023-09-27 19:00:00,0.0,486.376
4738,2023-09-27 19:15:00,0.0,492.49832
4739,2023-09-27 19:30:00,0.0,499.7209
4740,2023-09-27 19:45:00,0.0,507.97903
4741,2023-09-28 06:00:00,0.0,517.068
4742,2023-09-28 06:15:00,404.0,666.2549
4743,2023-09-28 06:30:00,580.0,655.03577
4744,2023-09-28 06:45:00,738.9999999999999,1005.8404
4745,2023-09-28 07:00:00,982.0,1647.1779
4746,2023-09-28 07:15:00,1232.0,1771.6743
4747,2023-09-28 07:30:00,1355.0,1894.7806
4748,2023-09-28 07:45:00,1489.0,1948.9995
4749,2023-09-28 08:00:00,1520.0,1930.6327
4750,2023-09-28 08:15:00,1719.0,2087.0486
4751,2023-09-28 08:30:00,1860.0000000000002,2493.4868
4752,2023-09-28 08:45:00,2361.0,3113.365
4753,2023-09-28 09:00:00,2959.0,3796.1433
4754,2023-09-28 09:15:00,4434.0,4750.925
4755,2023-09-28 09:30:00,5899.0,6200.806
4756,2023-09-28 09:45:00,7649.0,8080.057
4757,2023-09-28 10:00:00,8220.0,9424.308
4758,2023-09-28 10:15:00,9251.0,10260.591
4759,2023-09-28 10:30:00,11699.0,11267.249
4760,2023-09-28 10:45:00,10391.0,11206.622
4761,2023-09-28 11:00:00,9687.0,11092.027
4762,2023-09-28 11:15:00,9722.0,11229.681
4763,2023-09-28 11:30:00,13615.999999999998,12112.365
4764,2023-09-28 11:45:00,9920.0,11816.414
4765,2023-09-28 12:00:00,10412.0,10629.016
4766,2023-09-28 12:15:00,8666.0,8562.557
4767,2023-09-28 12:30:00,9215.0,9100.942
4768,2023-09-28 12:45:00,6865.0,9480.474
4769,2023-09-28 13:00:00,8123.0,7077.592
4770,2023-09-28 13:15:00,6371.0,6742.5874
4771,2023-09-28 13:30:00,4945.0,7018.6836
4772,2023-09-28 13:45:00,6481.0,5425.594
4773,2023-09-28 14:00:00,4595.0,5453.7075
4774,2023-09-28 14:15:00,6226.0,4595.044
4775,2023-09-28 14:30:00,4015.0,4376.363
4776,2023-09-28 14:45:00,2327.0,3524.746
4777,2023-09-28 15:00:00,1818.0,2299.19
4778,2023-09-28 15:15:00,2076.0,1850.8999
4779,2023-09-28 15:30:00,2172.0,1103.6448
4780,2023-09-28 15:45:00,1619.0,744.9887
4781,2023-09-28 16:00:00,0.0,576.9073
4782,2023-09-28 16:15:00,0.0,477.23666
4783,2023-09-28 16:30:00,0.0,420.61765
4784,2023-09-28 16:45:00,0.0,371.6603
4785,2023-09-28 17:00:00,0.0,388.1678
4786,2023-09-28 17:15:00,0.0,393.12872
4787,2023-09-28 17:30:00,0.0,397.89914
4788,2023-09-28 17:45:00,0.0,402.3971
4789,2023-09-28 18:00:00,0.0,406.03052
4790,2023-09-28 18:15:00,0.0,412.3894
4791,2023-09-28 18:30:00,0.0,416.52185
4792,2023-09-28 18:45:00,0.0,424.73166
4793,2023-09-28 19:00:00,0.0,425.84857
4794,2023-09-28 19:15:00,0.0,427.95126
4795,2023-09-28 19:30:00,0.0,431.12973
4796,2023-09-28 19:45:00,0.0,435.65213
4797,2023-09-29 06:00:00,0.0,442.0325
4798,2023-09-29 06:15:00,732.0,535.0117
4799,2023-09-29 06:30:00,1100.0,530.7817
4800,2023-09-29 06:45:00,1086.0,752.06903
4801,2023-09-29 07:00:00,1457.0,1149.326
4802,2023-09-29 07:15:00,1618.0,1229.4432
4803,2023-09-29 07:30:00,473.0,1241.8428
4804,2023-09-29 07:45:00,738.9999999999999,1248.9188
4805,2023-09-29 08:00:00,2154.0,1386.8121
4806,2023-09-29 08:15:00,2237.0,1597.9509
4807,2023-09-29 08:30:00,1377.0,1844.6912
4808,2023-09-29 08:45:00,3062.0,2380.6243
4809,2023-09-29 09:00:00,4306.0,3068.6597
4810,2023-09-29 09:15:00,2598.0,3331.5393
4811,2023-09-29 09:30:00,2390.0,3840.6057
4812,2023-09-29 09:45:00,3128.0000000000005,4261.3926
4813,2023-09-29 10:00:00,4971.0,3830.985
4814,2023-09-29 10:15:00,6327.0,3409.211
4815,2023-09-29 10:30:00,3282.0,4346.5938
4816,2023-09-29 10:45:00,9853.0,6187.523
4817,2023-09-29 11:00:00,5092.0,9121.659
4818,2023-09-29 11:15:00,7423.999999999999,7605.707
4819,2023-09-29 11:30:00,6328.0,4395.8657
4820,2023-09-29 11:45:00,4064.0,5242.5156
4821,2023-09-29 12:00:00,3350.0000000000005,4644.894
4822,2023-09-29 12:15:00,4879.0,4976.984
4823,2023-09-29 12:30:00,5865.0,4205.428
4824,2023-09-29 12:45:00,5957.999999999999,3788.1204
4825,2023-09-29 13:00:00,2761.0,3668.703
4826,2023-09-29 13:15:00,1566.0,3525.035
4827,2023-09-29 13:30:00,1724.0,3167.6597
4828,2023-09-29 13:45:00,2097.0,2756.1353
4829,2023-09-29 14:00:00,4664.0,2136.7517
4830,2023-09-29 14:15:00,726.0,2117.9075
4831,2023-09-29 14:30:00,0.0,1669.39
4832,2023-09-29 14:45:00,0.0,1416.6251
4833,2023-09-29 15:00:00,699.9999999999999,731.9268
4834,2023-09-29 15:15:00,1818.0,562.5713
4835,2023-09-29 15:30:00,1334.0,646.6064
4836,2023-09-29 15:45:00,1074.0,755.927
4837,2023-09-29 16:00:00,1908.0,735.5532
4838,2023-09-29 16:15:00,1467.0,685.74554
4839,2023-09-29 16:30:00,0.0,487.77106
4840,2023-09-29 16:45:00,0.0,377.72354
4841,2023-09-29 17:00:00,0.0,336.62888
4842,2023-09-29 17:15:00,0.0,301.5048
4843,2023-09-29 17:30:00,0.0,330.92346
4844,2023-09-29 17:45:00,0.0,337.24573
4845,2023-09-29 18:00:00,0.0,353.51123
4846,2023-09-29 18:15:00,0.0,366.9927
4847,2023-09-29 18:30:00,0.0,375.6571
4848,2023-09-29 18:45:00,0.0,384.92065
4849,2023-09-29 19:00:00,0.0,392.20496
4850,2023-09-29 19:15:00,0.0,403.2931
4851,2023-09-29 19:30:00,0.0,405.13824
4852,2023-09-29 19:45:00,0.0,407.54306
4853,2023-09-30 06:00:00,0.0,410.39774
4854,2023-09-30 06:15:00,310.0,463.82666
4855,2023-09-30 06:30:00,436.0,419.1493
4856,2023-09-30 06:45:00,606.0,321.8379
4857,2023-09-30 07:00:00,729.0,300.45377
4858,2023-09-30 07:15:00,859.0,275.61047
4859,2023-09-30 07:30:00,1000.0,282.38773
4860,2023-09-30 07:45:00,1143.0,328.25537
4861,2023-09-30 08:00:00,1292.0,458.83374
4862,2023-09-30 08:15:00,1588.0,711.6641
4863,2023-09-30 08:30:00,1842.0,1308.6953
4864,2023-09-30 08:45:00,2190.0,1879.7853
4865,2023-09-30 09:00:00,2751.0,2817.617
4866,2023-09-30 09:15:00,3905.0,3865.2922
4867,2023-09-30 09:30:00,5403.0,5233.25
4868,2023-09-30 09:45:00,7509.0,6562.929
4869,2023-09-30 10:00:00,8798.0,7731.7363
4870,2023-09-30 10:15:00,8345.0,8532.914
4871,2023-09-30 10:30:00,6224.000000000001,8801.92
4872,2023-09-30 10:45:00,7520.0,8985.035
4873,2023-09-30 11:00:00,6613.0,8695.611
4874,2023-09-30 11:15:00,5927.0,7699.9585
4875,2023-09-30 11:30:00,13236.999999999998,9659.751
4876,2023-09-30 11:45:00,12067.0,12449.981
4877,2023-09-30 12:00:00,13452.0,14079.004
4878,2023-09-30 12:15:00,12983.000000000002,11973.9375
4879,2023-09-30 12:30:00,8744.0,10806.506
4880,2023-09-30 12:45:00,4577.0,8525.444
4881,2023-09-30 13:00:00,8106.0,7129.995
4882,2023-09-30 13:15:00,3898.9999999999995,5798.717
4883,2023-09-30 13:30:00,10566.0,6596.325
4884,2023-09-30 13:45:00,10773.0,7306.0693
4885,2023-09-30 14:00:00,5074.0,6494.564
4886,2023-09-30 14:15:00,2519.0,4892.5337
4887,2023-09-30 14:30:00,3485.0,4611.9795
4888,2023-09-30 14:45:00,3719.0,3019.9478
4889,2023-09-30 15:00:00,3711.0,1811.514
4890,2023-09-30 15:15:00,2476.0,1419.4902
4891,2023-09-30 15:30:00,1618.0,1382.3016
4892,2023-09-30 15:45:00,1859.0,1229.6113
4893,2023-09-30 16:00:00,0.0,801.5174
4894,2023-09-30 16:15:00,0.0,210.85007
4895,2023-09-30 16:30:00,0.0,215.06906
4896,2023-09-30 16:45:00,0.0,247.4571
4897,2023-09-30 17:00:00,0.0,305.7266
4898,2023-09-30 17:15:00,0.0,332.95923
4899,2023-09-30 17:30:00,0.0,354.55804
4900,2023-09-30 17:45:00,0.0,370.93652
4901,2023-09-30 18:00:00,0.0,383.3264
4902,2023-09-30 18:15:00,0.0,393.2988
4903,2023-09-30 18:30:00,0.0,398.36337
4904,2023-09-30 18:45:00,0.0,410.3761
4905,2023-09-30 19:00:00,0.0,411.71213
4906,2023-09-30 19:15:00,0.0,414.92578
4907,2023-09-30 19:30:00,0.0,419.72287
4908,2023-09-30 19:45:00,0.0,425.7451
4909,2023-10-01 06:00:00,0.0,432.74258
4910,2023-10-01 06:15:00,0.0,549.6636
4911,2023-10-01 06:30:00,0.0,538.92865
4912,2023-10-01 06:45:00,786.0,564.57355
4913,2023-10-01 07:00:00,1220.0,608.8996
4914,2023-10-01 07:15:00,1298.0,908.083
4915,2023-10-01 07:30:00,1709.0,1374.4613
4916,2023-10-01 07:45:00,1680.0,1530.681
4917,2023-10-01 08:00:00,1790.0000000000002,1784.7906
4918,2023-10-01 08:15:00,2081.0,1865.8528
4919,2023-10-01 08:30:00,2964.0000000000005,2221.847
4920,2023-10-01 08:45:00,4187.0,2400.2249
4921,2023-10-01 09:00:00,4181.0,3246.1287
4922,2023-10-01 09:15:00,3867.9999999999995,4418.509
4923,2023-10-01 09:30:00,4955.0,6137.1133
4924,2023-10-01 09:45:00,7071.0,7545.4775
4925,2023-10-01 10:00:00,9481.0,8321.753
4926,2023-10-01 10:15:00,6852.0,8944.9375
4927,2023-10-01 10:30:00,9976.0,8660.095
4928,2023-10-01 10:45:00,10627.0,9707.919
4929,2023-10-01 11:00:00,12743.0,13185.972
4930,2023-10-01 11:15:00,9533.0,12735.07
4931,2023-10-01 11:30:00,12828.0,10277.564
4932,2023-10-01 11:45:00,14317.0,12663.239
4933,2023-10-01 12:00:00,14290.0,13096.179
4934,2023-10-01 12:15:00,10513.0,11532.49
4935,2023-10-01 12:30:00,12749.0,12844.178
4936,2023-10-01 12:45:00,13297.0,13397.472
4937,2023-10-01 13:00:00,13410.0,12770.363
4938,2023-10-01 13:15:00,11147.0,11902.462
4939,2023-10-01 13:30:00,10890.0,11133.86
4940,2023-10-01 13:45:00,9851.0,9662.797
4941,2023-10-01 14:00:00,10390.0,9403.966
4942,2023-10-01 14:15:00,8192.0,9681.469
4943,2023-10-01 14:30:00,5657.0,6903.7456
4944,2023-10-01 14:45:00,4756.0,4410.5405
4945,2023-10-01 15:00:00,2668.0,3577.2532
4946,2023-10-01 15:15:00,2662.0,2292.0518
4947,2023-10-01 15:30:00,2285.0,1832.7529
4948,2023-10-01 15:45:00,1745.0000000000002,1448.8375
4949,2023-10-01 16:00:00,1420.0,1097.8058
4950,2023-10-01 16:15:00,1087.0,830.7142
4951,2023-10-01 16:30:00,0.0,469.6652
4952,2023-10-01 16:45:00,0.0,272.40237
4953,2023-10-01 17:00:00,0.0,314.47055
4954,2023-10-01 17:15:00,0.0,301.9862
4955,2023-10-01 17:30:00,0.0,349.89432
4956,2023-10-01 17:45:00,0.0,376.27438
4957,2023-10-01 18:00:00,0.0,393.4529
4958,2023-10-01 18:15:00,0.0,405.51074
4959,2023-10-01 18:30:00,0.0,413.35852
4960,2023-10-01 18:45:00,0.0,419.57718
4961,2023-10-01 19:00:00,0.0,423.8093
4962,2023-10-01 19:15:00,0.0,430.67737
4963,2023-10-01 19:30:00,0.0,433.73914
4964,2023-10-01 19:45:00,0.0,438.14258
4965,2023-10-02 06:00:00,0.0,443.72388
4966,2023-10-02 06:15:00,592.0,545.2039
4967,2023-10-02 06:30:00,613.0,529.47003
4968,2023-10-02 06:45:00,852.9999999999999,716.4699
4969,2023-10-02 07:00:00,1286.0,1067.1248
4970,2023-10-02 07:15:00,1770.0,1203.041
4971,2023-10-02 07:30:00,1620.0,1428.1492
4972,2023-10-02 07:45:00,1712.0000000000002,1601.7943
4973,2023-10-02 08:00:00,2254.0,1815.6611
4974,2023-10-02 08:15:00,2326.0,2138.9766
4975,2023-10-02 08:30:00,3181.0,2710.2644
4976,2023-10-02 08:45:00,3890.9999999999995,3302.7217
4977,2023-10-02 09:00:00,3832.0,4132.4546
4978,2023-10-02 09:15:00,4916.0,4822.352
4979,2023-10-02 09:30:00,6144.0,5550.9795
4980,2023-10-02 09:45:00,6039.0,5593.3643
4981,2023-10-02 10:00:00,3808.0,6036.3164
4982,2023-10-02 10:15:00,4095.0,6594.5933
4983,2023-10-02 10:30:00,5075.0,7082.5063
4984,2023-10-02 10:45:00,6760.0,7573.8086
4985,2023-10-02 11:00:00,9278.0,7915.7285
4986,2023-10-02 11:15:00,4486.0,7018.4414
4987,2023-10-02 11:30:00,3549.0,5684.191
4988,2023-10-02 11:45:00,5887.0,4533.64
4989,2023-10-02 12:00:00,4471.0,4145.2104
4990,2023-10-02 12:15:00,3216.9999999999995,4115.053
4991,2023-10-02 12:30:00,7622.999999999999,5707.9604
4992,2023-10-02 12:45:00,3316.0,5710.1323
4993,2023-10-02 13:00:00,6931.0,4699.497
4994,2023-10-02 13:15:00,6742.0,4582.0967
4995,2023-10-02 13:30:00,6743.000000000001,5705.758
4996,2023-10-02 13:45:00,5720.999999999999,5756.49
4997,2023-10-02 14:00:00,4542.0,5169.0347
4998,2023-10-02 14:15:00,5763.999999999999,4764.1533
4999,2023-10-02 14:30:00,4727.0,4339.523
5000,2023-10-02 14:45:00,4091.0,3567.9487
5001,2023-10-02 15:00:00,3257.0,3058.1943
5002,2023-10-02 15:15:00,2303.0,2543.0547
5003,2023-10-02 15:30:00,1736.9999999999998,1953.3759
5004,2023-10-02 15:45:00,1970.9999999999998,1515.0602
5005,2023-10-02 16:00:00,1729.0,1069.2352
5006,2023-10-02 16:15:00,1572.0,737.38696
5007,2023-10-02 16:30:00,0.0,544.8303
5008,2023-10-02 16:45:00,0.0,396.94485
5009,2023-10-02 17:00:00,0.0,344.78653
5010,2023-10-02 17:15:00,0.0,310.4203
5011,2023-10-02 17:30:00,0.0,340.4117
5012,2023-10-02 17:45:00,0.0,354.14398
5013,2023-10-02 18:00:00,0.0,364.57806
5014,2023-10-02 18:15:00,0.0,371.30127
5015,2023-10-02 18:30:00,0.0,376.7538
5016,2023-10-02 18:45:00,0.0,382.68152
5017,2023-10-02 19:00:00,0.0,387.63336
5018,2023-10-02 19:15:00,0.0,394.49344
5019,2023-10-02 19:30:00,0.0,398.42255
5020,2023-10-02 19:45:00,0.0,403.10825
5021,2023-10-03 06:00:00,0.0,408.43402
5022,2023-10-03 06:15:00,0.0,490.9776
5023,2023-10-03 06:30:00,0.0,461.89368
5024,2023-10-03 06:45:00,0.0,469.25757
5025,2023-10-03 07:00:00,0.0,491.45615
5026,2023-10-03 07:15:00,1386.0,513.9188
5027,2023-10-03 07:30:00,1964.0,539.8329
5028,2023-10-03 07:45:00,0.0,904.6076
5029,2023-10-03 08:00:00,0.0,1410.616
5030,2023-10-03 08:15:00,938.0,962.42505
5031,2023-10-03 08:30:00,1168.0,945.06036
5032,2023-10-03 08:45:00,1694.0,1369.2489
5033,2023-10-03 09:00:00,2193.0,1541.2667
5034,2023-10-03 09:15:00,2639.0,1526.6898
5035,2023-10-03 09:30:00,1562.0000000000002,1872.4471
5036,2023-10-03 09:45:00,1076.0,2320.0652
5037,2023-10-03 10:00:00,2385.0,2712.954
5038,2023-10-03 10:15:00,5334.0,3146.9937
5039,2023-10-03 10:30:00,2739.0,3313.5166
5040,2023-10-03 10:45:00,5128.0,3465.8396
5041,2023-10-03 11:00:00,1399.9999999999998,3480.2583
5042,2023-10-03 11:15:00,2648.0,2271.9697
5043,2023-10-03 11:30:00,3267.0,2465.4004
5044,2023-10-03 11:45:00,2815.0,2872.3162
5045,2023-10-03 12:00:00,992.0,2224.094
5046,2023-10-03 12:15:00,1039.0,2454.204
5047,2023-10-03 12:30:00,2078.0,2151.29
5048,2023-10-03 12:45:00,1324.0,1846.8647
5049,2023-10-03 13:00:00,1540.0,1962.6201
5050,2023-10-03 13:15:00,2024.0,2447.8794
5051,2023-10-03 13:30:00,2321.0,2827.5544
5052,2023-10-03 13:45:00,3889.0,3211.5312
5053,2023-10-03 14:00:00,5089.0,3663.2249
5054,2023-10-03 14:15:00,7329.0,3829.6995
5055,2023-10-03 14:30:00,3672.0,3856.0444
5056,2023-10-03 14:45:00,2072.0,3312.0583
5057,2023-10-03 15:00:00,2032.0,2741.3508
5058,2023-10-03 15:15:00,1434.9999999999998,2220.1152
5059,2023-10-03 15:30:00,2353.0,1578.6052
5060,2023-10-03 15:45:00,1655.0,1206.2457
5061,2023-10-03 16:00:00,1281.0,1014.75104
5062,2023-10-03 16:15:00,1219.0,843.8081
5063,2023-10-03 16:30:00,0.0,598.108
5064,2023-10-03 16:45:00,0.0,244.91081
5065,2023-10-03 17:00:00,0.0,201.25606
5066,2023-10-03 17:15:00,0.0,225.1964
5067,2023-10-03 17:30:00,0.0,293.08203
5068,2023-10-03 17:45:00,0.0,330.99203
5069,2023-10-03 18:00:00,0.0,353.70972
5070,2023-10-03 18:15:00,0.0,369.24747
5071,2023-10-03 18:30:00,0.0,383.3662
5072,2023-10-03 18:45:00,0.0,394.26703
5073,2023-10-03 19:00:00,0.0,401.6423
5074,2023-10-03 19:15:00,0.0,408.87497
5075,2023-10-03 19:30:00,0.0,412.24893
5076,2023-10-03 19:45:00,0.0,415.61694
5077,2023-10-04 06:00:00,0.0,418.79688
5078,2023-10-04 06:15:00,288.0,522.1248
5079,2023-10-04 06:30:00,461.0,479.50876
5080,2023-10-04 06:45:00,653.0,599.3836
5081,2023-10-04 07:00:00,858.0000000000001,767.3086
5082,2023-10-04 07:15:00,974.0,767.6151
5083,2023-10-04 07:30:00,1181.0,875.062
5084,2023-10-04 07:45:00,1349.0,996.67004
5085,2023-10-04 08:00:00,1523.0000000000002,1211.3055
5086,2023-10-04 08:15:00,1924.0,1618.1166
5087,2023-10-04 08:30:00,2266.0,2178.522
5088,2023-10-04 08:45:00,2803.0,2696.6545
5089,2023-10-04 09:00:00,3824.0,3424.028
5090,2023-10-04 09:15:00,4393.0,4204.745
5091,2023-10-04 09:30:00,5621.0,5079.285
5092,2023-10-04 09:45:00,7017.999999999999,5764.82
5093,2023-10-04 10:00:00,7047.000000000001,6320.477
5094,2023-10-04 10:15:00,5280.0,6529.1694
5095,2023-10-04 10:30:00,4634.0,6541.182
5096,2023-10-04 10:45:00,4798.0,6498.422
5097,2023-10-04 11:00:00,7352.0,6445.979
5098,2023-10-04 11:15:00,5057.0,6283.2554
5099,2023-10-04 11:30:00,5228.0,6526.6606
5100,2023-10-04 11:45:00,5642.0,7379.1245
5101,2023-10-04 12:00:00,9502.0,7674.217
5102,2023-10-04 12:15:00,6938.0,7213.7886
5103,2023-10-04 12:30:00,4557.0,6103.5015
5104,2023-10-04 12:45:00,4717.0,4049.5393
5105,2023-10-04 13:00:00,3946.0000000000005,3923.888
5106,2023-10-04 13:15:00,3578.0,3240.54
5107,2023-10-04 13:30:00,3592.0,3433.3557
5108,2023-10-04 13:45:00,3317.9999999999995,3026.004
5109,2023-10-04 14:00:00,3173.0,2585.4873
5110,2023-10-04 14:15:00,2480.0,2220.8
5111,2023-10-04 14:30:00,1848.0,1871.0886
5112,2023-10-04 14:45:00,1654.0,1517.6863
5113,2023-10-04 15:00:00,1637.0,1199.6285
5114,2023-10-04 15:15:00,1701.9999999999998,999.28265
5115,2023-10-04 15:30:00,1646.0,813.62445
5116,2023-10-04 15:45:00,1452.0,692.4069
5117,2023-10-04 16:00:00,1091.0,603.9962
5118,2023-10-04 16:15:00,0.0,506.88736
5119,2023-10-04 16:30:00,0.0,438.49542
5120,2023-10-04 16:45:00,0.0,348.12985
5121,2023-10-04 17:00:00,0.0,303.3377
5122,2023-10-04 17:15:00,0.0,338.68027
5123,2023-10-04 17:30:00,0.0,353.64197
5124,2023-10-04 17:45:00,0.0,362.7643
5125,2023-10-04 18:00:00,0.0,370.31683
5126,2023-10-04 18:15:00,0.0,376.6449
5127,2023-10-04 18:30:00,0.0,383.29904
5128,2023-10-04 18:45:00,0.0,389.13458
5129,2023-10-04 19:00:00,0.0,396.18594
5130,2023-10-04 19:15:00,0.0,400.6522
5131,2023-10-04 19:30:00,0.0,405.72693
5132,2023-10-04 19:45:00,0.0,411.4395
5133,2023-10-05 06:00:00,0.0,417.8279
5134,2023-10-05 06:15:00,590.0,497.27988
5135,2023-10-05 06:30:00,721.0,479.26474
5136,2023-10-05 06:45:00,878.0,692.5236
5137,2023-10-05 07:00:00,1023.0,992.9296
5138,2023-10-05 07:15:00,1123.0,1052.7896
5139,2023-10-05 07:30:00,1393.9999999999998,1182.176
5140,2023-10-05 07:45:00,1709.0,1407.772
5141,2023-10-05 08:00:00,1786.0000000000002,1655.0719
5142,2023-10-05 08:15:00,2250.0,2095.92
5143,2023-10-05 08:30:00,2932.0,2678.8225
5144,2023-10-05 08:45:00,3012.0,3147.4058
5145,2023-10-05 09:00:00,3181.9999999999995,3457.2905
5146,2023-10-05 09:15:00,2985.0,3355.1743
5147,2023-10-05 09:30:00,3606.0,3235.3604
5148,2023-10-05 09:45:00,3939.0,3786.0447
5149,2023-10-05 10:00:00,3339.0,4042.5483
5150,2023-10-05 10:15:00,4007.9999999999995,3799.6997
5151,2023-10-05 10:30:00,4063.0000000000005,3758.7786
5152,2023-10-05 10:45:00,5462.0,4960.6143
5153,2023-10-05 11:00:00,6156.0,6146.2183
5154,2023-10-05 11:15:00,3853.0,5476.926
5155,2023-10-05 11:30:00,2749.0,4713.0923
5156,2023-10-05 11:45:00,4563.0,3617.6619
5157,2023-10-05 12:00:00,3613.0,3799.0771
5158,2023-10-05 12:15:00,4269.0,4553.806
5159,2023-10-05 12:30:00,5511.0,4728.8203
5160,2023-10-05 12:45:00,4194.0,4502.0225
5161,2023-10-05 13:00:00,6269.0,4628.3867
5162,2023-10-05 13:15:00,5196.0,5022.955
5163,2023-10-05 13:30:00,7980.999999999999,5861.938
5164,2023-10-05 13:45:00,4268.0,6514.097
5165,2023-10-05 14:00:00,5459.0,4653.0464
5166,2023-10-05 14:15:00,3929.0,2926.418
5167,2023-10-05 14:30:00,2816.0000000000005,2933.486
5168,2023-10-05 14:45:00,1371.0,1973.7188
5169,2023-10-05 15:00:00,499.0,1480.059
5170,2023-10-05 15:15:00,942.0,1208.8531
5171,2023-10-05 15:30:00,1043.0,757.6324
5172,2023-10-05 15:45:00,727.0,459.04782
5173,2023-10-05 16:00:00,0.0,362.66202
5174,2023-10-05 16:15:00,0.0,282.7634
5175,2023-10-05 16:30:00,0.0,282.80942
5176,2023-10-05 16:45:00,0.0,263.312
5177,2023-10-05 17:00:00,0.0,318.14655
5178,2023-10-05 17:15:00,0.0,343.9022
5179,2023-10-05 17:30:00,0.0,364.26578
5180,2023-10-05 17:45:00,0.0,380.32684
5181,2023-10-05 18:00:00,0.0,394.2589
5182,2023-10-05 18:15:00,0.0,405.11725
5183,2023-10-05 18:30:00,0.0,412.03357
5184,2023-10-05 18:45:00,0.0,419.49802
5185,2023-10-05 19:00:00,0.0,422.4959
5186,2023-10-05 19:15:00,0.0,424.59268
5187,2023-10-05 19:30:00,0.0,425.7509
5188,2023-10-05 19:45:00,0.0,426.09424
5189,2023-10-06 06:00:00,0.0,426.1971
5190,2023-10-06 06:15:00,379.0,505.38434
5191,2023-10-06 06:30:00,831.0,470.44916
5192,2023-10-06 06:45:00,1104.0,579.5791
5193,2023-10-06 07:00:00,1315.0,737.62976
5194,2023-10-06 07:15:00,1486.0000000000002,765.6209
5195,2023-10-06 07:30:00,1050.0,975.285
5196,2023-10-06 07:45:00,943.0,1239.0408
5197,2023-10-06 08:00:00,2902.0000000000005,1688.4379
5198,2023-10-06 08:15:00,2961.0,2476.1404
5199,2023-10-06 08:30:00,3628.0,3497.3286
5200,2023-10-06 08:45:00,3586.9999999999995,3671.3044
5201,2023-10-06 09:00:00,4339.0,3793.333
5202,2023-10-06 09:15:00,4088.0,4872.092
5203,2023-10-06 09:30:00,4473.0,5275.325
5204,2023-10-06 09:45:00,5936.000000000001,5471.7466
5205,2023-10-06 10:00:00,7063.0,6237.9004
5206,2023-10-06 10:15:00,6524.0,6737.1714
5207,2023-10-06 10:30:00,7407.999999999999,8546.632
5208,2023-10-06 10:45:00,11979.999999999998,10019.73
5209,2023-10-06 11:00:00,11975.0,10279.494
5210,2023-10-06 11:15:00,7088.0,9697.799
5211,2023-10-06 11:30:00,6169.0,8851.384
5212,2023-10-06 11:45:00,7608.0,9213.701
5213,2023-10-06 12:00:00,10679.0,10242.153
5214,2023-10-06 12:15:00,8971.0,10976.723
5215,2023-10-06 12:30:00,12172.0,10387.304
5216,2023-10-06 12:45:00,9245.0,10712.362
5217,2023-10-06 13:00:00,13375.0,9862.639
5218,2023-10-06 13:15:00,7234.0,10925.163
5219,2023-10-06 13:30:00,4418.0,7428.557
5220,2023-10-06 13:45:00,5464.0,4546.7456
5221,2023-10-06 14:00:00,5698.0,5287.301
5222,2023-10-06 14:15:00,4694.0,4634.0176
5223,2023-10-06 14:30:00,4616.0,3875.3774
5224,2023-10-06 14:45:00,2947.9999999999995,3841.5842
5225,2023-10-06 15:00:00,2062.0,1785.3906
5226,2023-10-06 15:15:00,1510.0,1381.3022
5227,2023-10-06 15:30:00,1077.0,936.28394
5228,2023-10-06 15:45:00,870.0,530.8744
5229,2023-10-06 16:00:00,0.0,365.72113
5230,2023-10-06 16:15:00,0.0,300.65234
5231,2023-10-06 16:30:00,0.0,321.3511
5232,2023-10-06 16:45:00,0.0,299.32175
5233,2023-10-06 17:00:00,0.0,349.04666
5234,2023-10-06 17:15:00,0.0,370.3176
5235,2023-10-06 17:30:00,0.0,385.9546
5236,2023-10-06 17:45:00,0.0,397.74063
5237,2023-10-06 18:00:00,0.0,407.4911
5238,2023-10-06 18:15:00,0.0,417.34216
5239,2023-10-06 18:30:00,0.0,424.1776
5240,2023-10-06 18:45:00,0.0,432.56085
5241,2023-10-06 19:00:00,0.0,435.93872
5242,2023-10-06 19:15:00,0.0,438.27066
5243,2023-10-06 19:30:00,0.0,439.76105
5244,2023-10-06 19:45:00,0.0,441.23227
5245,2023-10-07 06:00:00,0.0,443.12668
5246,2023-10-07 06:15:00,0.0,516.417
5247,2023-10-07 06:30:00,0.0,483.57645
5248,2023-10-07 06:45:00,0.0,487.66635
5249,2023-10-07 07:00:00,0.0,496.24942
5250,2023-10-07 07:15:00,0.0,508.8996
5251,2023-10-07 07:30:00,1190.0,539.3245
5252,2023-10-07 07:45:00,1166.0,605.96857
5253,2023-10-07 08:00:00,2418.0,1261.112
5254,2023-10-07 08:15:00,1877.0,2184.9858
5255,2023-10-07 08:30:00,2360.0,2299.4705
5256,2023-10-07 08:45:00,2632.0,3107.7468
5257,2023-10-07 09:00:00,3130.9999999999995,3470.1975
5258,2023-10-07 09:15:00,3707.9999999999995,3880.4468
5259,2023-10-07 09:30:00,5302.0,4493.6
5260,2023-10-07 09:45:00,6147.0,4715.7065
5261,2023-10-07 10:00:00,6014.000000000001,4995.556
5262,2023-10-07 10:15:00,6565.999999999999,5000.104
5263,2023-10-07 10:30:00,3643.0,5188.5146
5264,2023-10-07 10:45:00,2865.0,5326.99
5265,2023-10-07 11:00:00,4627.0,6377.2764
5266,2023-10-07 11:15:00,8796.0,7408.7573
5267,2023-10-07 11:30:00,7789.0,8488.507
5268,2023-10-07 11:45:00,7444.0,8229.827
5269,2023-10-07 12:00:00,8668.0,7947.676
5270,2023-10-07 12:15:00,7858.0,8671.938
5271,2023-10-07 12:30:00,8948.0,8526.757
5272,2023-10-07 12:45:00,6772.0,8469.258
5273,2023-10-07 13:00:00,5927.0,7548.7485
5274,2023-10-07 13:15:00,9781.0,7846.3096
5275,2023-10-07 13:30:00,8626.0,7567.085
5276,2023-10-07 13:45:00,7628.0,6709.8945
5277,2023-10-07 14:00:00,5708.0,5527.005
5278,2023-10-07 14:15:00,3301.0,4847.652
5279,2023-10-07 14:30:00,2823.0,3890.5183
5280,2023-10-07 14:45:00,2722.0,2691.89
5281,2023-10-07 15:00:00,1456.0,1594.4082
5282,2023-10-07 15:15:00,0.0,901.51514
5283,2023-10-07 15:30:00,0.0,542.8106
5284,2023-10-07 15:45:00,0.0,322.16174
5285,2023-10-07 16:00:00,0.0,233.35059
5286,2023-10-07 16:15:00,0.0,329.06485
5287,2023-10-07 16:30:00,0.0,365.6299
5288,2023-10-07 16:45:00,0.0,389.2792
5289,2023-10-07 17:00:00,0.0,402.22736
5290,2023-10-07 17:15:00,0.0,407.99838
5291,2023-10-07 17:30:00,0.0,411.71677
5292,2023-10-07 17:45:00,0.0,412.6611
5293,2023-10-07 18:00:00,0.0,415.33597
5294,2023-10-07 18:15:00,0.0,415.10544
5295,2023-10-07 18:30:00,0.0,416.11118
5296,2023-10-07 18:45:00,0.0,417.99814
5297,2023-10-07 19:00:00,0.0,420.42957
5298,2023-10-07 19:15:00,0.0,423.2159
5299,2023-10-07 19:30:00,0.0,426.27017
5300,2023-10-07 19:45:00,0.0,429.65247
5301,2023-10-08 06:00:00,0.0,433.36258
5302,2023-10-08 06:15:00,0.0,493.2997
5303,2023-10-08 06:30:00,0.0,460.02417
5304,2023-10-08 06:45:00,0.0,460.87662
5305,2023-10-08 07:00:00,0.0,466.63614
5306,2023-10-08 07:15:00,0.0,473.18582
5307,2023-10-08 07:30:00,709.0,493.47232
5308,2023-10-08 07:45:00,1058.0,545.6733
5309,2023-10-08 08:00:00,1504.0,1042.7449
5310,2023-10-08 08:15:00,2072.0,1593.0931
5311,2023-10-08 08:30:00,2763.0,2052.0222
5312,2023-10-08 08:45:00,2790.0,2442.557
5313,2023-10-08 09:00:00,4325.0,2973.1672
5314,2023-10-08 09:15:00,3424.0000000000005,3751.6035
5315,2023-10-08 09:30:00,3784.0,3958.4668
5316,2023-10-08 09:45:00,4426.0,3664.9238
5317,2023-10-08 10:00:00,4478.0,3801.6697
5318,2023-10-08 10:15:00,4505.0,4654.817
5319,2023-10-08 10:30:00,7543.0,6238.4927
5320,2023-10-08 10:45:00,4945.0,6674.1934
5321,2023-10-08 11:00:00,4599.0,6099.894
5322,2023-10-08 11:15:00,6236.0,5560.3887
5323,2023-10-08 11:30:00,6094.0,6772.435
5324,2023-10-08 11:45:00,9351.0,7534.7827
5325,2023-10-08 12:00:00,9848.0,9505.124
5326,2023-10-08 12:15:00,10082.0,10368.754
5327,2023-10-08 12:30:00,11320.0,11049.904
5328,2023-10-08 12:45:00,5548.0,9161.233
5329,2023-10-08 13:00:00,5876.0,5663.5674
5330,2023-10-08 13:15:00,3227.0,4517.2397
5331,2023-10-08 13:30:00,3226.0,5170.605
5332,2023-10-08 13:45:00,1680.0,3548.819
5333,2023-10-08 14:00:00,1804.0,1860.7883
5334,2023-10-08 14:15:00,1336.0,1781.5674
5335,2023-10-08 14:30:00,1968.0,1268.8875
5336,2023-10-08 14:45:00,2104.0,876.2667
5337,2023-10-08 15:00:00,3011.0000000000005,959.51733
5338,2023-10-08 15:15:00,2139.0,980.33954
5339,2023-10-08 15:30:00,735.9999999999999,781.8317
5340,2023-10-08 15:45:00,0.0,572.5334
5341,2023-10-08 16:00:00,0.0,277.01172
5342,2023-10-08 16:15:00,0.0,168.20627
5343,2023-10-08 16:30:00,0.0,219.4619
5344,2023-10-08 16:45:00,0.0,261.11557
5345,2023-10-08 17:00:00,0.0,287.4311
5346,2023-10-08 17:15:00,0.0,306.67117
5347,2023-10-08 17:30:00,0.0,320.2162
5348,2023-10-08 17:45:00,0.0,330.62845
5349,2023-10-08 18:00:00,0.0,338.76324
5350,2023-10-08 18:15:00,0.0,348.61465
5351,2023-10-08 18:30:00,0.0,359.2198
5352,2023-10-08 18:45:00,0.0,362.74207
5353,2023-10-08 19:00:00,0.0,366.7734
5354,2023-10-08 19:15:00,0.0,371.16937
5355,2023-10-08 19:30:00,0.0,375.8061
5356,2023-10-08 19:45:00,0.0,380.67664
5357,2023-10-09 06:00:00,0.0,385.8993
5358,2023-10-09 06:15:00,0.0,411.58694
5359,2023-10-09 06:30:00,0.0,363.4818
5360,2023-10-09 06:45:00,0.0,357.53198
5361,2023-10-09 07:00:00,0.0,356.84827
5362,2023-10-09 07:15:00,0.0,351.52942
5363,2023-10-09 07:30:00,0.0,348.94843
5364,2023-10-09 07:45:00,0.0,356.38873
5365,2023-10-09 08:00:00,0.0,384.1843
5366,2023-10-09 08:15:00,0.0,445.21756
5367,2023-10-09 08:30:00,1130.0,570.31537
5368,2023-10-09 08:45:00,1361.0,686.7182
5369,2023-10-09 09:00:00,1909.0,1398.865
5370,2023-10-09 09:15:00,1738.0,1841.108
5371,2023-10-09 09:30:00,1627.9999999999998,1825.1066
5372,2023-10-09 09:45:00,1639.0,1958.5121
5373,2023-10-09 10:00:00,1804.0,1808.4125
5374,2023-10-09 10:15:00,1976.0,1812.6124
5375,2023-10-09 10:30:00,1653.0,1811.4989
5376,2023-10-09 10:45:00,1640.0000000000002,1803.0143
5377,2023-10-09 11:00:00,1611.0,1771.9099
5378,2023-10-09 11:15:00,1502.0,1704.9109
5379,2023-10-09 11:30:00,2021.0,1686.3552
5380,2023-10-09 11:45:00,1907.0,1849.6204
5381,2023-10-09 12:00:00,2448.0,2113.3892
5382,2023-10-09 12:15:00,1375.0,2021.2078
5383,2023-10-09 12:30:00,559.0,1457.1233
5384,2023-10-09 12:45:00,613.0,1441.0244
5385,2023-10-09 13:00:00,715.0,1412.8092
5386,2023-10-09 13:15:00,2626.0,1470.9136
5387,2023-10-09 13:30:00,3902.0,1656.0874
5388,2023-10-09 13:45:00,1754.0,1851.4958
5389,2023-10-09 14:00:00,1653.0,1814.4215
5390,2023-10-09 14:15:00,1378.0,1389.8743
5391,2023-10-09 14:30:00,0.0,705.48895
5392,2023-10-09 14:45:00,413.0,442.58774
5393,2023-10-09 15:00:00,0.0,365.18872
5394,2023-10-09 15:15:00,0.0,176.20049
5395,2023-10-09 15:30:00,0.0,380.55606
5396,2023-10-09 15:45:00,0.0,283.5898
5397,2023-10-09 16:00:00,0.0,327.43265
5398,2023-10-09 16:15:00,0.0,349.36374
5399,2023-10-09 16:30:00,0.0,364.2382
5400,2023-10-09 16:45:00,0.0,379.47247
5401,2023-10-09 17:00:00,0.0,389.24268
5402,2023-10-09 17:15:00,0.0,398.67136
5403,2023-10-09 17:30:00,0.0,400.16992
5404,2023-10-09 17:45:00,0.0,407.49728
5405,2023-10-09 18:00:00,0.0,409.60776
5406,2023-10-09 18:15:00,0.0,411.54868
5407,2023-10-09 18:30:00,0.0,413.45712
5408,2023-10-09 18:45:00,0.0,415.37167
5409,2023-10-09 19:00:00,0.0,417.29507
5410,2023-10-09 19:15:00,0.0,419.23236
5411,2023-10-09 19:30:00,0.0,421.19955
5412,2023-10-09 19:45:00,0.0,423.203
5413,2023-10-10 06:00:00,0.0,425.32532
5414,2023-10-10 06:15:00,0.0,481.22592
5415,2023-10-10 06:30:00,0.0,446.5303
5416,2023-10-10 06:45:00,0.0,451.036
5417,2023-10-10 07:00:00,624.0,465.9579
5418,2023-10-10 07:15:00,1011.0,491.3135
5419,2023-10-10 07:30:00,1608.0,802.9823
5420,2023-10-10 07:45:00,1884.0,1342.1046
5421,2023-10-10 08:00:00,2003.0,1652.9187
5422,2023-10-10 08:15:00,2480.0,1995.5547
5423,2023-10-10 08:30:00,2380.0,2324.5867
5424,2023-10-10 08:45:00,2548.0,2675.3948
5425,2023-10-10 09:00:00,3017.0,3292.796
5426,2023-10-10 09:15:00,3924.0,4006.358
5427,2023-10-10 09:30:00,4652.0,4811.0435
5428,2023-10-10 09:45:00,6000.999999999999,5806.9385
5429,2023-10-10 10:00:00,5785.0,6942.3003
5430,2023-10-10 10:15:00,6950.0,7974.8765
5431,2023-10-10 10:30:00,8988.0,9138.817
5432,2023-10-10 10:45:00,10123.0,10510.323
5433,2023-10-10 11:00:00,10989.0,11292.627
5434,2023-10-10 11:15:00,11763.0,12192.5205
5435,2023-10-10 11:30:00,12796.0,12775.918
5436,2023-10-10 11:45:00,12151.0,13005.284
5437,2023-10-10 12:00:00,12473.0,12754.38
5438,2023-10-10 12:15:00,10565.0,11552.431
5439,2023-10-10 12:30:00,12606.0,11695.761
5440,2023-10-10 12:45:00,10399.0,11186.843
5441,2023-10-10 13:00:00,7423.999999999999,9288.138
5442,2023-10-10 13:15:00,10688.0,8414.564
5443,2023-10-10 13:30:00,6581.0,8999.267
5444,2023-10-10 13:45:00,5850.000000000001,7523.2983
5445,2023-10-10 14:00:00,3432.0000000000005,3324.7695
5446,2023-10-10 14:15:00,4204.0,2794.261
5447,2023-10-10 14:30:00,3749.0,3712.7744
5448,2023-10-10 14:45:00,2473.0,2461.816
5449,2023-10-10 15:00:00,1881.0,1895.6891
5450,2023-10-10 15:15:00,1746.0,1436.0513
5451,2023-10-10 15:30:00,1328.0,828.6656
5452,2023-10-10 15:45:00,974.0,547.5161
5453,2023-10-10 16:00:00,0.0,340.53458
5454,2023-10-10 16:15:00,0.0,218.47739
5455,2023-10-10 16:30:00,0.0,294.11496
5456,2023-10-10 16:45:00,0.0,274.249
5457,2023-10-10 17:00:00,0.0,332.2038
5458,2023-10-10 17:15:00,0.0,358.95486
5459,2023-10-10 17:30:00,0.0,377.28467
5460,2023-10-10 17:45:00,0.0,387.71164
5461,2023-10-10 18:00:00,0.0,393.89798
5462,2023-10-10 18:15:00,0.0,398.37112
5463,2023-10-10 18:30:00,0.0,400.3719
5464,2023-10-10 18:45:00,0.0,404.34857
5465,2023-10-10 19:00:00,0.0,405.9907
5466,2023-10-10 19:15:00,0.0,408.47345
5467,2023-10-10 19:30:00,0.0,411.6404
5468,2023-10-10 19:45:00,0.0,415.36688
5469,2023-10-11 06:00:00,0.0,419.63702
5470,2023-10-11 06:15:00,400.0,492.50607
5471,2023-10-11 06:30:00,582.0,473.9854
5472,2023-10-11 06:45:00,841.0,633.5649
5473,2023-10-11 07:00:00,1230.0,917.7586
5474,2023-10-11 07:15:00,1516.9999999999998,1022.66315
5475,2023-10-11 07:30:00,2280.0,1263.2289
5476,2023-10-11 07:45:00,2352.0,1642.3608
5477,2023-10-11 08:00:00,2267.0,1956.7659
5478,2023-10-11 08:15:00,2037.0,2290.0344
5479,2023-10-11 08:30:00,2303.0,2686.8313
5480,2023-10-11 08:45:00,3378.0,2816.2031
5481,2023-10-11 09:00:00,2585.0,2950.8892
5482,2023-10-11 09:15:00,1994.0,2704.5366
5483,2023-10-11 09:30:00,1482.0000000000002,2574.476
5484,2023-10-11 09:45:00,1966.0,2470.0923
5485,2023-10-11 10:00:00,1512.0,2239.164
5486,2023-10-11 10:15:00,1093.0,1994.7877
5487,2023-10-11 10:30:00,841.0,1902.1744
5488,2023-10-11 10:45:00,859.0,1795.7205
5489,2023-10-11 11:00:00,1176.0,1700.4762
5490,2023-10-11 11:15:00,901.0,1624.8297
5491,2023-10-11 11:30:00,1143.0,1484.0236
5492,2023-10-11 11:45:00,1411.0,1534.1984
5493,2023-10-11 12:00:00,1768.0,1534.8412
5494,2023-10-11 12:15:00,2555.0,1459.1904
5495,2023-10-11 12:30:00,2135.0,1641.59
5496,2023-10-11 12:45:00,1769.0,1713.6888
5497,2023-10-11 13:00:00,3356.9999999999995,1886.8558
5498,2023-10-11 13:15:00,2659.0,1825.5026
5499,2023-10-11 13:30:00,1469.9999999999998,1558.977
5500,2023-10-11 13:45:00,1058.0,1471.8301
5501,2023-10-11 14:00:00,844.0,1281.7021
5502,2023-10-11 14:15:00,1160.0,985.8308
5503,2023-10-11 14:30:00,1215.0,876.8654
5504,2023-10-11 14:45:00,1352.0,749.9439
5505,2023-10-11 15:00:00,708.0,684.18665
5506,2023-10-11 15:15:00,665.0,646.8104
5507,2023-10-11 15:30:00,889.9999999999999,588.1405
5508,2023-10-11 15:45:00,0.0,415.77484
5509,2023-10-11 16:00:00,0.0,312.85925
5510,2023-10-11 16:15:00,0.0,267.19366
5511,2023-10-11 16:30:00,0.0,224.86388
5512,2023-10-11 16:45:00,0.0,292.4831
5513,2023-10-11 17:00:00,0.0,324.4922
5514,2023-10-11 17:15:00,0.0,346.58945
5515,2023-10-11 17:30:00,0.0,362.59583
5516,2023-10-11 17:45:00,0.0,374.3642
5517,2023-10-11 18:00:00,0.0,383.41595
5518,2023-10-11 18:15:00,0.0,390.16803
5519,2023-10-11 18:30:00,0.0,397.1516
5520,2023-10-11 18:45:00,0.0,400.66837
5521,2023-10-11 19:00:00,0.0,404.29346
5522,2023-10-11 19:15:00,0.0,407.9749
5523,2023-10-11 19:30:00,0.0,411.64362
5524,2023-10-11 19:45:00,0.0,415.15698
5525,2023-10-12 06:00:00,0.0,418.29428
5526,2023-10-12 06:15:00,0.0,484.70978
5527,2023-10-12 06:30:00,0.0,452.27188
5528,2023-10-12 06:45:00,0.0,456.62424
5529,2023-10-12 07:00:00,0.0,463.0223
5530,2023-10-12 07:15:00,558.0,466.72894
5531,2023-10-12 07:30:00,0.0,469.5024
5532,2023-10-12 07:45:00,418.0,750.81256
5533,2023-10-12 08:00:00,1123.0,759.30774
5534,2023-10-12 08:15:00,3523.0,1452.9614
5535,2023-10-12 08:30:00,4785.0,2152.9792
5536,2023-10-12 08:45:00,2998.0,2618.2869
5537,2023-10-12 09:00:00,1457.0,2829.1516
5538,2023-10-12 09:15:00,1070.0,2445.754
5539,2023-10-12 09:30:00,1011.0,1799.3137
5540,2023-10-12 09:45:00,942.0,1141.8711
5541,2023-10-12 10:00:00,0.0,856.53864
5542,2023-10-12 10:15:00,861.0,987.69525
5543,2023-10-12 10:30:00,1361.0,880.84125
5544,2023-10-12 10:45:00,625.0,1670.7852
5545,2023-10-12 11:00:00,676.0,919.80096
5546,2023-10-12 11:15:00,0.0,692.28656
5547,2023-10-12 11:30:00,928.9999999999999,551.9712
5548,2023-10-12 11:45:00,0.0,490.82867
5549,2023-10-12 12:00:00,829.0,810.4724
5550,2023-10-12 12:15:00,1053.0,329.4367
5551,2023-10-12 12:30:00,977.0,555.83923
5552,2023-10-12 12:45:00,0.0,551.516
5553,2023-10-12 13:00:00,0.0,700.5105
5554,2023-10-12 13:15:00,0.0,383.60876
5555,2023-10-12 13:30:00,0.0,284.53723
5556,2023-10-12 13:45:00,0.0,256.9614
5557,2023-10-12 14:00:00,544.0,266.2442
5558,2023-10-12 14:15:00,0.0,272.35526
5559,2023-10-12 14:30:00,0.0,273.5272
5560,2023-10-12 14:45:00,0.0,288.51987
5561,2023-10-12 15:00:00,0.0,290.2936
5562,2023-10-12 15:15:00,0.0,315.04773
5563,2023-10-12 15:30:00,928.9999999999999,336.62952
5564,2023-10-12 15:45:00,0.0,344.95627
5565,2023-10-12 16:00:00,0.0,317.30728
5566,2023-10-12 16:15:00,0.0,344.75812
5567,2023-10-12 16:30:00,0.0,307.9336
5568,2023-10-12 16:45:00,0.0,323.68716
5569,2023-10-12 17:00:00,0.0,339.0828
5570,2023-10-12 17:15:00,0.0,343.90393
5571,2023-10-12 17:30:00,0.0,347.57825
5572,2023-10-12 17:45:00,0.0,350.37213
5573,2023-10-12 18:00:00,0.0,353.93268
5574,2023-10-12 18:15:00,0.0,356.41153
5575,2023-10-12 18:30:00,0.0,365.0855
5576,2023-10-12 18:45:00,0.0,369.441
5577,2023-10-12 19:00:00,0.0,374.1947
5578,2023-10-12 19:15:00,0.0,379.156
5579,2023-10-12 19:30:00,0.0,384.1929
5580,2023-10-12 19:45:00,0.0,389.0966
5581,2023-10-13 06:00:00,0.0,393.77518
5582,2023-10-13 06:15:00,0.0,451.49207
5583,2023-10-13 06:30:00,0.0,424.03406
5584,2023-10-13 06:45:00,0.0,427.84204
5585,2023-10-13 07:00:00,0.0,436.7964
5586,2023-10-13 07:15:00,693.0,440.03903
5587,2023-10-13 07:30:00,975.0,437.12674
5588,2023-10-13 07:45:00,562.0,638.4342
5589,2023-10-13 08:00:00,0.0,863.0432
5590,2023-10-13 08:15:00,1218.0,910.81055
5591,2023-10-13 08:30:00,1401.9999999999998,840.9586
5592,2023-10-13 08:45:00,2031.0,1536.0953
5593,2023-10-13 09:00:00,3271.0,2532.3362
5594,2023-10-13 09:15:00,3654.0000000000005,2514.4246
5595,2023-10-13 09:30:00,2566.0,2958.208
5596,2023-10-13 09:45:00,2124.0,2817.4712
5597,2023-10-13 10:00:00,1868.0000000000002,2389.4756
5598,2023-10-13 10:15:00,1280.0,2183.3496
5599,2023-10-13 10:30:00,1185.0,1913.9556
5600,2023-10-13 10:45:00,1557.0,1715.3513
5601,2023-10-13 11:00:00,1627.9999999999998,1772.5317
5602,2023-10-13 11:15:00,3186.0000000000005,2312.521
5603,2023-10-13 11:30:00,5289.0,3177.4324
5604,2023-10-13 11:45:00,3360.0,3410.5679
5605,2023-10-13 12:00:00,2560.0,3292.1104
5606,2023-10-13 12:15:00,1933.9999999999998,2911.7756
5607,2023-10-13 12:30:00,2478.0,2458.017
5608,2023-10-13 12:45:00,2986.9999999999995,2221.5452
5609,2023-10-13 13:00:00,2569.0,1898.339
5610,2023-10-13 13:15:00,1549.0,1760.6941
5611,2023-10-13 13:30:00,1463.0,1639.1776
5612,2023-10-13 13:45:00,1105.0,1450.7286
5613,2023-10-13 14:00:00,1130.0,1165.3527
5614,2023-10-13 14:15:00,0.0,1019.9755
5615,2023-10-13 14:30:00,911.0,587.8245
5616,2023-10-13 14:45:00,0.0,410.40024
5617,2023-10-13 15:00:00,0.0,154.47061
5618,2023-10-13 15:15:00,0.0,557.99146
5619,2023-10-13 15:30:00,0.0,324.50656
5620,2023-10-13 15:45:00,0.0,382.10754
5621,2023-10-13 16:00:00,0.0,404.45047
5622,2023-10-13 16:15:00,0.0,419.0646
5623,2023-10-13 16:30:00,0.0,432.35403
5624,2023-10-13 16:45:00,0.0,441.70544
5625,2023-10-13 17:00:00,0.0,450.51807
5626,2023-10-13 17:15:00,0.0,453.72214
5627,2023-10-13 17:30:00,0.0,458.85522
5628,2023-10-13 17:45:00,0.0,459.648
5629,2023-10-13 18:00:00,0.0,459.45746
5630,2023-10-13 18:15:00,0.0,458.45062
5631,2023-10-13 18:30:00,0.0,456.74985
5632,2023-10-13 18:45:00,0.0,454.42288
5633,2023-10-13 19:00:00,0.0,451.53827
5634,2023-10-13 19:15:00,0.0,448.13745
5635,2023-10-13 19:30:00,0.0,444.28857
5636,2023-10-13 19:45:00,0.0,440.05612
5637,2023-10-14 06:00:00,0.0,435.46738
5638,2023-10-14 06:15:00,0.0,517.56274
5639,2023-10-14 06:30:00,181.0,496.81067
5640,2023-10-14 06:45:00,312.0,488.97653
5641,2023-10-14 07:00:00,424.0,752.4732
5642,2023-10-14 07:15:00,557.0,861.3219
5643,2023-10-14 07:30:00,620.0,756.96387
5644,2023-10-14 07:45:00,711.0,718.6406
5645,2023-10-14 08:00:00,852.9999999999999,671.94446
5646,2023-10-14 08:15:00,976.0,698.7098
5647,2023-10-14 08:30:00,1019.0,852.28357
5648,2023-10-14 08:45:00,1044.0,1000.9678
5649,2023-10-14 09:00:00,1238.0,1270.8048
5650,2023-10-14 09:15:00,1816.0,1903.1066
5651,2023-10-14 09:30:00,3389.0000000000005,2711.39
5652,2023-10-14 09:45:00,5526.0,4011.345
5653,2023-10-14 10:00:00,6551.0,5817.0747
5654,2023-10-14 10:15:00,8730.0,7555.8076
5655,2023-10-14 10:30:00,6735.000000000001,9029.791
5656,2023-10-14 10:45:00,8474.0,9002.238
5657,2023-10-14 11:00:00,6022.000000000001,9170.424
5658,2023-10-14 11:15:00,7961.0,8992.812
5659,2023-10-14 11:30:00,11904.000000000002,11022.28
5660,2023-10-14 11:45:00,12364.999999999998,13577.845
5661,2023-10-14 12:00:00,13340.0,13058.079
5662,2023-10-14 12:15:00,9358.0,11652.6045
5663,2023-10-14 12:30:00,3311.0000000000005,7513.729
5664,2023-10-14 12:45:00,8945.0,6626.8247
5665,2023-10-14 13:00:00,9137.0,5599.3677
5666,2023-10-14 13:15:00,1798.0,5163.0015
5667,2023-10-14 13:30:00,7827.0,4670.9097
5668,2023-10-14 13:45:00,1840.0,4957.2827
5669,2023-10-14 14:00:00,2853.0,3252.9436
5670,2023-10-14 14:15:00,3879.0,3087.5818
5671,2023-10-14 14:30:00,2059.0,2413.051
5672,2023-10-14 14:45:00,1935.0,1393.7693
5673,2023-10-14 15:00:00,1271.0,1201.5264
5674,2023-10-14 15:15:00,906.0,539.9249
5675,2023-10-14 15:30:00,1116.0,473.32236
5676,2023-10-14 15:45:00,1046.0,368.42197
5677,2023-10-14 16:00:00,0.0,338.15448
5678,2023-10-14 16:15:00,0.0,311.21597
5679,2023-10-14 16:30:00,0.0,274.64026
5680,2023-10-14 16:45:00,0.0,230.65424
5681,2023-10-14 17:00:00,0.0,285.25952
5682,2023-10-14 17:15:00,0.0,320.8095
5683,2023-10-14 17:30:00,0.0,343.7146
5684,2023-10-14 17:45:00,0.0,364.99295
5685,2023-10-14 18:00:00,0.0,379.50116
5686,2023-10-14 18:15:00,0.0,391.74817
5687,2023-10-14 18:30:00,0.0,399.69644
5688,2023-10-14 18:45:00,0.0,408.36404
5689,2023-10-14 19:00:00,0.0,412.7872
5690,2023-10-14 19:15:00,0.0,417.56744
5691,2023-10-14 19:30:00,0.0,422.4778
5692,2023-10-14 19:45:00,0.0,427.3211
5693,2023-10-15 06:00:00,0.0,431.74344
5694,2023-10-15 06:15:00,0.0,508.78812
5695,2023-10-15 06:30:00,0.0,495.84625
5696,2023-10-15 06:45:00,495.0,512.4844
5697,2023-10-15 07:00:00,0.0,524.3185
5698,2023-10-15 07:15:00,1268.0,744.19653
5699,2023-10-15 07:30:00,1997.0,651.27686
5700,2023-10-15 07:45:00,1822.0,1117.663
5701,2023-10-15 08:00:00,1828.0,1869.736
5702,2023-10-15 08:15:00,2998.0,2365.9902
5703,2023-10-15 08:30:00,3415.0,2859.548
5704,2023-10-15 08:45:00,1802.0,2750.552
5705,2023-10-15 09:00:00,2266.0,2945.7666
5706,2023-10-15 09:15:00,3878.0,3278.636
5707,2023-10-15 09:30:00,3941.9999999999995,4012.1304
5708,2023-10-15 09:45:00,4572.0,4988.636
5709,2023-10-15 10:00:00,6576.0,6847.744
5710,2023-10-15 10:15:00,8128.999999999999,8289.346
5711,2023-10-15 10:30:00,10166.0,9292.096
5712,2023-10-15 10:45:00,12632.0,10101.18
5713,2023-10-15 11:00:00,12243.0,10567.639
5714,2023-10-15 11:15:00,9589.0,10826.808
5715,2023-10-15 11:30:00,14518.0,11218.769
5716,2023-10-15 11:45:00,9003.0,12266.112
5717,2023-10-15 12:00:00,9554.0,11499.587
5718,2023-10-15 12:15:00,9176.0,9201.171
5719,2023-10-15 12:30:00,8607.0,6707.316
5720,2023-10-15 12:45:00,0.0,5857.419
5721,2023-10-15 13:00:00,5637.0,5192.346
5722,2023-10-15 13:15:00,12215.0,5821.1616
5723,2023-10-15 13:30:00,10792.0,8429.464
5724,2023-10-15 13:45:00,8140.0,5521.817
5725,2023-10-15 14:00:00,5387.0,5987.8955
5726,2023-10-15 14:15:00,3456.0,5207.3647
5727,2023-10-15 14:30:00,1775.9999999999998,4020.3584
5728,2023-10-15 14:45:00,1307.0,2629.0273
5729,2023-10-15 15:00:00,2602.0,1530.236
5730,2023-10-15 15:15:00,880.0,931.0378
5731,2023-10-15 15:30:00,785.0,717.0579
5732,2023-10-15 15:45:00,0.0,655.2309
5733,2023-10-15 16:00:00,0.0,245.47784
5734,2023-10-15 16:15:00,0.0,242.46384
5735,2023-10-15 16:30:00,0.0,262.0662
5736,2023-10-15 16:45:00,0.0,322.29413
5737,2023-10-15 17:00:00,0.0,359.91806
5738,2023-10-15 17:15:00,0.0,383.57974
5739,2023-10-15 17:30:00,0.0,397.52
5740,2023-10-15 17:45:00,0.0,403.99078
5741,2023-10-15 18:00:00,0.0,408.5874
5742,2023-10-15 18:15:00,0.0,410.8976
5743,2023-10-15 18:30:00,0.0,413.81418
5744,2023-10-15 18:45:00,0.0,412.24048
5745,2023-10-15 19:00:00,0.0,411.55588
5746,2023-10-15 19:15:00,0.0,411.64685
5747,2023-10-15 19:30:00,0.0,412.6925
5748,2023-10-15 19:45:00,0.0,414.99338
5749,2023-10-16 06:00:00,0.0,418.58087
5750,2023-10-16 06:15:00,0.0,473.045
5751,2023-10-16 06:30:00,0.0,461.04007
5752,2023-10-16 06:45:00,686.0,487.8255
5753,2023-10-16 07:00:00,789.0,526.16895
5754,2023-10-16 07:15:00,973.0,873.9018
5755,2023-10-16 07:30:00,1297.0,1277.9607
5756,2023-10-16 07:45:00,909.0,1497.9014
5757,2023-10-16 08:00:00,2131.0,1580.5718
5758,2023-10-16 08:15:00,2427.0,1997.0868
5759,2023-10-16 08:30:00,2663.0,2557.8696
5760,2023-10-16 08:45:00,2822.0,2847.937
5761,2023-10-16 09:00:00,2873.9999999999995,3579.402
5762,2023-10-16 09:15:00,3925.0,4054.9646
5763,2023-10-16 09:30:00,4473.0,4740.066
5764,2023-10-16 09:45:00,4631.0,5104.0474
5765,2023-10-16 10:00:00,6976.0,5780.55
5766,2023-10-16 10:15:00,7701.000000000001,7270.206
5767,2023-10-16 10:30:00,10604.0,9063.885
5768,2023-10-16 10:45:00,11526.0,10641.4795
5769,2023-10-16 11:00:00,8020.0,9793.993
5770,2023-10-16 11:15:00,3923.0000000000005,7870.455
5771,2023-10-16 11:30:00,6919.0,5859.287
5772,2023-10-16 11:45:00,6299.0,6504.5806
5773,2023-10-16 12:00:00,5305.0,6495.9243
5774,2023-10-16 12:15:00,8399.0,7408.5146
5775,2023-10-16 12:30:00,10109.0,8127.1855
5776,2023-10-16 12:45:00,6719.000000000001,6367.982
5777,2023-10-16 13:00:00,1897.0000000000002,5142.81
5778,2023-10-16 13:15:00,997.0,3999.0337
5779,2023-10-16 13:30:00,1729.0,2801.9397
5780,2023-10-16 13:45:00,2356.0,1562.5612
5781,2023-10-16 14:00:00,2955.9999999999995,564.6646
5782,2023-10-16 14:15:00,2842.0,205.51685
5783,2023-10-16 14:30:00,2391.0,82.823456
5784,2023-10-16 14:45:00,2049.0,103.18738
5785,2023-10-16 15:00:00,1772.0,158.25146
5786,2023-10-16 15:15:00,1590.9999999999998,229.91614
5787,2023-10-16 15:30:00,1415.0,341.56924
5788,2023-10-16 15:45:00,819.0000000000001,457.5901
5789,2023-10-16 16:00:00,0.0,616.8279
5790,2023-10-16 16:15:00,0.0,742.9848
5791,2023-10-16 16:30:00,0.0,588.0083
5792,2023-10-16 16:45:00,0.0,538.6797
5793,2023-10-16 17:00:00,0.0,535.0726
5794,2023-10-16 17:15:00,0.0,520.45306
5795,2023-10-16 17:30:00,0.0,501.7475
5796,2023-10-16 17:45:00,0.0,482.18372
5797,2023-10-16 18:00:00,0.0,463.8174
5798,2023-10-16 18:15:00,0.0,447.80576
5799,2023-10-16 18:30:00,0.0,434.73804
5800,2023-10-16 18:45:00,0.0,423.88327
5801,2023-10-16 19:00:00,0.0,413.15625
5802,2023-10-16 19:15:00,0.0,405.61526
5803,2023-10-16 19:30:00,0.0,400.94305
5804,2023-10-16 19:45:00,0.0,398.74612
5805,2023-10-17 06:00:00,0.0,398.62332
5806,2023-10-17 06:15:00,0.0,456.42197
5807,2023-10-17 06:30:00,0.0,433.54166
5808,2023-10-17 06:45:00,214.00000000000003,434.34204
5809,2023-10-17 07:00:00,310.0,438.54285
5810,2023-10-17 07:15:00,403.0,558.4548
5811,2023-10-17 07:30:00,481.0,609.8783
5812,2023-10-17 07:45:00,539.0,622.9089
5813,2023-10-17 08:00:00,596.0,643.2954
5814,2023-10-17 08:15:00,654.0,633.223
5815,2023-10-17 08:30:00,719.0,660.00385
5816,2023-10-17 08:45:00,793.0,810.57477
5817,2023-10-17 09:00:00,937.0,1053.2578
5818,2023-10-17 09:15:00,1286.0,1541.8058
5819,2023-10-17 09:30:00,2265.0,2301.6128
5820,2023-10-17 09:45:00,4629.0,3474.5288
5821,2023-10-17 10:00:00,6116.0,5048.347
5822,2023-10-17 10:15:00,7821.0,6885.3765
5823,2023-10-17 10:30:00,10216.0,9424.31
5824,2023-10-17 10:45:00,11635.0,11429.919
5825,2023-10-17 11:00:00,12620.000000000002,12304.167
5826,2023-10-17 11:15:00,13136.0,12942.588
5827,2023-10-17 11:30:00,13335.0,13334.942
5828,2023-10-17 11:45:00,13379.0,13036.224
5829,2023-10-17 12:00:00,13114.0,12742.059
5830,2023-10-17 12:15:00,10051.0,12328.857
5831,2023-10-17 12:30:00,10417.0,11683.948
5832,2023-10-17 12:45:00,11965.0,11664.6455
5833,2023-10-17 13:00:00,6572.0,10007.851
5834,2023-10-17 13:15:00,11492.0,8927.71
5835,2023-10-17 13:30:00,8625.0,9313.312
5836,2023-10-17 13:45:00,8202.0,9924.479
5837,2023-10-17 14:00:00,4951.0,5660.302
5838,2023-10-17 14:15:00,3420.0000000000005,3221.431
5839,2023-10-17 14:30:00,1479.0,3201.2073
5840,2023-10-17 14:45:00,1107.0,1529.2672
5841,2023-10-17 15:00:00,946.0,651.2809
5842,2023-10-17 15:15:00,697.9999999999999,514.58234
5843,2023-10-17 15:30:00,628.0,297.62842
5844,2023-10-17 15:45:00,618.0,286.38666
5845,2023-10-17 16:00:00,0.0,283.90796
5846,2023-10-17 16:15:00,0.0,277.87244
5847,2023-10-17 16:30:00,0.0,289.7071
5848,2023-10-17 16:45:00,0.0,291.36374
5849,2023-10-17 17:00:00,0.0,324.71066
5850,2023-10-17 17:15:00,0.0,346.05182
5851,2023-10-17 17:30:00,0.0,362.80264
5852,2023-10-17 17:45:00,0.0,375.8564
5853,2023-10-17 18:00:00,0.0,385.7537
5854,2023-10-17 18:15:00,0.0,394.00095
5855,2023-10-17 18:30:00,0.0,399.82202
5856,2023-10-17 18:45:00,0.0,407.18616
5857,2023-10-17 19:00:00,0.0,409.89218
5858,2023-10-17 19:15:00,0.0,412.8219
5859,2023-10-17 19:30:00,0.0,415.9244
5860,2023-10-17 19:45:00,0.0,419.19632
5861,2023-10-18 06:00:00,0.0,422.58698
5862,2023-10-18 06:15:00,0.0,475.99524
5863,2023-10-18 06:30:00,0.0,458.6296
5864,2023-10-18 06:45:00,574.0,477.29962
5865,2023-10-18 07:00:00,843.0,502.4485
5866,2023-10-18 07:15:00,1261.0,787.3079
5867,2023-10-18 07:30:00,1679.0,1131.6338
5868,2023-10-18 07:45:00,1822.0,1356.246
5869,2023-10-18 08:00:00,2106.0,1604.223
5870,2023-10-18 08:15:00,2469.0,1857.4447
5871,2023-10-18 08:30:00,2761.0,2272.2239
5872,2023-10-18 08:45:00,3041.0,2568.419
5873,2023-10-18 09:00:00,3296.0,3035.22
5874,2023-10-18 09:15:00,3915.0000000000005,3540.2073
5875,2023-10-18 09:30:00,4393.0,4237.481
5876,2023-10-18 09:45:00,5150.0,4917.5767
5877,2023-10-18 10:00:00,5456.0,5549.307
5878,2023-10-18 10:15:00,6134.0,6376.1646
5879,2023-10-18 10:30:00,7454.0,7083.1636
5880,2023-10-18 10:45:00,7320.0,7101.488
5881,2023-10-18 11:00:00,5851.0,7187.935
5882,2023-10-18 11:15:00,6137.0,7223.205
5883,2023-10-18 11:30:00,7866.0,7499.3306
5884,2023-10-18 11:45:00,5833.0,7361.8516
5885,2023-10-18 12:00:00,5909.000000000001,5899.19
5886,2023-10-18 12:15:00,5485.0,4978.4907
5887,2023-10-18 12:30:00,5735.0,5048.52
5888,2023-10-18 12:45:00,7138.999999999999,5897.2734
5889,2023-10-18 13:00:00,7770.0,6010.914
5890,2023-10-18 13:15:00,6892.0,6151.349
5891,2023-10-18 13:30:00,5796.000000000001,5712.027
5892,2023-10-18 13:45:00,5359.0,4672.3955
5893,2023-10-18 14:00:00,3666.0,3892.6855
5894,2023-10-18 14:15:00,2841.0,2939.0044
5895,2023-10-18 14:30:00,2183.0,2224.697
5896,2023-10-18 14:45:00,1865.0,1651.6891
5897,2023-10-18 15:00:00,1625.0,1111.8743
5898,2023-10-18 15:15:00,1198.0,783.6179
5899,2023-10-18 15:30:00,0.0,633.67883
5900,2023-10-18 15:45:00,0.0,506.01523
5901,2023-10-18 16:00:00,0.0,362.00043
5902,2023-10-18 16:15:00,0.0,306.70944
5903,2023-10-18 16:30:00,0.0,346.57095
5904,2023-10-18 16:45:00,0.0,364.51187
5905,2023-10-18 17:00:00,0.0,374.72653
5906,2023-10-18 17:15:00,0.0,381.0032
5907,2023-10-18 17:30:00,0.0,385.46265
5908,2023-10-18 17:45:00,0.0,389.166
5909,2023-10-18 18:00:00,0.0,391.39896
5910,2023-10-18 18:15:00,0.0,393.90887
5911,2023-10-18 18:30:00,0.0,394.0443
5912,2023-10-18 18:45:00,0.0,394.34155
5913,2023-10-18 19:00:00,0.0,394.7635
5914,2023-10-18 19:15:00,0.0,395.29788
5915,2023-10-18 19:30:00,0.0,395.96756
5916,2023-10-18 19:45:00,0.0,396.79645
5917,2023-10-19 06:00:00,0.0,397.835
5918,2023-10-19 06:15:00,0.0,422.60144
5919,2023-10-19 06:30:00,0.0,386.55078
5920,2023-10-19 06:45:00,0.0,387.09335
5921,2023-10-19 07:00:00,0.0,386.6259
5922,2023-10-19 07:15:00,0.0,379.2497
5923,2023-10-19 07:30:00,0.0,371.10245
5924,2023-10-19 07:45:00,0.0,369.7284
5925,2023-10-19 08:00:00,1070.0,389.44788
5926,2023-10-19 08:15:00,1566.0,453.75882
5927,2023-10-19 08:30:00,1878.0,1042.3444
5928,2023-10-19 08:45:00,2270.0,1080.4844
5929,2023-10-19 09:00:00,1818.0,1594.3727
5930,2023-10-19 09:15:00,2192.0,1896.1411
5931,2023-10-19 09:30:00,2419.0,1935.9768
5932,2023-10-19 09:45:00,2080.0,1841.2222
5933,2023-10-19 10:00:00,2490.0,1602.5497
5934,2023-10-19 10:15:00,2190.0,1466.0718
5935,2023-10-19 10:30:00,2484.0,2450.9053
5936,2023-10-19 10:45:00,3227.0,4878.6436
5937,2023-10-19 11:00:00,11292.0,6803.9175
5938,2023-10-19 11:15:00,8721.0,8063.903
5939,2023-10-19 11:30:00,3873.0,7025.7026
5940,2023-10-19 11:45:00,8995.0,6166.2407
5941,2023-10-19 12:00:00,5936.000000000001,6868.6562
5942,2023-10-19 12:15:00,3815.0,5603.6396
5943,2023-10-19 12:30:00,5716.0,5902.867
5944,2023-10-19 12:45:00,6474.000000000001,5316.793
5945,2023-10-19 13:00:00,4679.0,3557.669
5946,2023-10-19 13:15:00,1184.0,2811.149
5947,2023-10-19 13:30:00,1693.0,1770.641
5948,2023-10-19 13:45:00,1571.0,1398.5045
5949,2023-10-19 14:00:00,1028.0,1051.7725
5950,2023-10-19 14:15:00,1039.0,841.86096
5951,2023-10-19 14:30:00,944.0,780.80725
5952,2023-10-19 14:45:00,910.0,557.1009
5953,2023-10-19 15:00:00,614.0,402.2905
5954,2023-10-19 15:15:00,0.0,286.0467
5955,2023-10-19 15:30:00,0.0,195.34042
5956,2023-10-19 15:45:00,0.0,213.28928
5957,2023-10-19 16:00:00,0.0,225.00006
5958,2023-10-19 16:15:00,0.0,277.7761
5959,2023-10-19 16:30:00,0.0,308.40045
5960,2023-10-19 16:45:00,0.0,331.41473
5961,2023-10-19 17:00:00,0.0,348.44177
5962,2023-10-19 17:15:00,0.0,361.34448
5963,2023-10-19 17:30:00,0.0,372.84222
5964,2023-10-19 17:45:00,0.0,381.2745
5965,2023-10-19 18:00:00,0.0,390.71423
5966,2023-10-19 18:15:00,0.0,393.73337
5967,2023-10-19 18:30:00,0.0,396.29626
5968,2023-10-19 18:45:00,0.0,398.3156
5969,2023-10-19 19:00:00,0.0,399.74783
5970,2023-10-19 19:15:00,0.0,400.62424
5971,2023-10-19 19:30:00,0.0,400.98718
5972,2023-10-19 19:45:00,0.0,400.89313
5973,2023-10-20 06:00:00,0.0,400.424
5974,2023-10-20 06:15:00,0.0,445.86615
5975,2023-10-20 06:30:00,0.0,417.06378
5976,2023-10-20 06:45:00,0.0,414.0111
5977,2023-10-20 07:00:00,0.0,410.78513
5978,2023-10-20 07:15:00,0.0,400.68356
5979,2023-10-20 07:30:00,0.0,384.98602
5980,2023-10-20 07:45:00,0.0,363.04578
5981,2023-10-20 08:00:00,0.0,334.4394
5982,2023-10-20 08:15:00,0.0,307.18146
5983,2023-10-20 08:30:00,0.0,279.8217
5984,2023-10-20 08:45:00,0.0,274.2294
5985,2023-10-20 09:00:00,0.0,274.62177
5986,2023-10-20 09:15:00,0.0,281.3633
5987,2023-10-20 09:30:00,0.0,294.78595
5988,2023-10-20 09:45:00,0.0,315.15146
5989,2023-10-20 10:00:00,0.0,342.74802
5990,2023-10-20 10:15:00,686.0,378.02524
5991,2023-10-20 10:30:00,688.0,421.54572
5992,2023-10-20 10:45:00,955.0,860.6654
5993,2023-10-20 11:00:00,1344.0,1186.2787
5994,2023-10-20 11:15:00,1483.0,1110.4786
5995,2023-10-20 11:30:00,1556.0000000000002,1182.334
5996,2023-10-20 11:45:00,1653.0,1169.4302
5997,2023-10-20 12:00:00,1877.0,1163.3489
5998,2023-10-20 12:15:00,1023.0,1077.423
5999,2023-10-20 12:30:00,0.0,1060.2117
6000,2023-10-20 12:45:00,0.0,969.9737
6001,2023-10-20 13:00:00,0.0,405.49405
6002,2023-10-20 13:15:00,0.0,337.6727
6003,2023-10-20 13:30:00,519.0,288.9747
6004,2023-10-20 13:45:00,0.0,285.99234
6005,2023-10-20 14:00:00,0.0,369.8199
6006,2023-10-20 14:15:00,0.0,351.36118
6007,2023-10-20 14:30:00,0.0,273.40778
6008,2023-10-20 14:45:00,0.0,305.18277
6009,2023-10-20 15:00:00,0.0,330.35156
6010,2023-10-20 15:15:00,0.0,348.45352
6011,2023-10-20 15:30:00,0.0,353.59454
6012,2023-10-20 15:45:00,0.0,356.8366
6013,2023-10-20 16:00:00,0.0,360.80737
6014,2023-10-20 16:15:00,0.0,362.10736
6015,2023-10-20 16:30:00,0.0,372.37354
6016,2023-10-20 16:45:00,0.0,374.95355
6017,2023-10-20 17:00:00,0.0,377.38788
6018,2023-10-20 17:15:00,0.0,379.65247
6019,2023-10-20 17:30:00,0.0,381.75732
6020,2023-10-20 17:45:00,0.0,383.7599
6021,2023-10-20 18:00:00,0.0,385.6938
6022,2023-10-20 18:15:00,0.0,387.57794
6023,2023-10-20 18:30:00,0.0,389.41745
6024,2023-10-20 18:45:00,0.0,391.22195
6025,2023-10-20 19:00:00,0.0,392.98865
6026,2023-10-20 19:15:00,0.0,394.74216
6027,2023-10-20 19:30:00,0.0,396.53433
6028,2023-10-20 19:45:00,0.0,398.40228
6029,2023-10-21 06:00:00,0.0,400.41153
6030,2023-10-21 06:15:00,0.0,445.45547
6031,2023-10-21 06:30:00,0.0,421.78864
6032,2023-10-21 06:45:00,0.0,429.8268
6033,2023-10-21 07:00:00,498.0,439.54306
6034,2023-10-21 07:15:00,455.0,447.4459
6035,2023-10-21 07:30:00,411.0,640.7198
6036,2023-10-21 07:45:00,491.0,851.21875
6037,2023-10-21 08:00:00,606.0,876.6518
6038,2023-10-21 08:15:00,839.0,930.76154
6039,2023-10-21 08:30:00,635.0,1015.8651
6040,2023-10-21 08:45:00,1071.0,1196.1986
6041,2023-10-21 09:00:00,2435.0,1624.9174
6042,2023-10-21 09:15:00,1719.0,2120.5618
6043,2023-10-21 09:30:00,2862.0,2588.6895
6044,2023-10-21 09:45:00,3438.9999999999995,2735.2893
6045,2023-10-21 10:00:00,2832.0,2267.2385
6046,2023-10-21 10:15:00,835.0,2491.0854
6047,2023-10-21 10:30:00,2757.0,3076.1252
6048,2023-10-21 10:45:00,6419.0,3807.2725
6049,2023-10-21 11:00:00,3635.0,4771.0435
6050,2023-10-21 11:15:00,6339.0,4446.826
6051,2023-10-21 11:30:00,3664.9999999999995,4682.4077
6052,2023-10-21 11:45:00,5390.0,5130.096
6053,2023-10-21 12:00:00,5874.000000000001,5566.6484
6054,2023-10-21 12:15:00,2947.9999999999995,4130.2783
6055,2023-10-21 12:30:00,8347.0,4722.3677
6056,2023-10-21 12:45:00,7727.0,6802.0635
6057,2023-10-21 13:00:00,10375.0,8752.484
6058,2023-10-21 13:15:00,8734.0,7944.9834
6059,2023-10-21 13:30:00,6214.0,6192.065
6060,2023-10-21 13:45:00,7469.0,6350.456
6061,2023-10-21 14:00:00,2564.0,4892.833
6062,2023-10-21 14:15:00,2327.0,2801.369
6063,2023-10-21 14:30:00,1795.0,1606.1503
6064,2023-10-21 14:45:00,997.0,1242.6278
6065,2023-10-21 15:00:00,1053.0,699.1588
6066,2023-10-21 15:15:00,825.0,732.2899
6067,2023-10-21 15:30:00,0.0,418.69144
6068,2023-10-21 15:45:00,0.0,223.2763
6069,2023-10-21 16:00:00,0.0,250.04323
6070,2023-10-21 16:15:00,0.0,236.11404
6071,2023-10-21 16:30:00,0.0,296.98154
6072,2023-10-21 16:45:00,0.0,328.21338
6073,2023-10-21 17:00:00,0.0,347.65338
6074,2023-10-21 17:15:00,0.0,361.3929
6075,2023-10-21 17:30:00,0.0,372.99957
6076,2023-10-21 17:45:00,0.0,380.7571
6077,2023-10-21 18:00:00,0.0,386.4316
6078,2023-10-21 18:15:00,0.0,391.60834
6079,2023-10-21 18:30:00,0.0,392.42245
6080,2023-10-21 18:45:00,0.0,392.18164
6081,2023-10-21 19:00:00,0.0,391.26096
6082,2023-10-21 19:15:00,0.0,390.06656
6083,2023-10-21 19:30:00,0.0,389.04807
6084,2023-10-21 19:45:00,0.0,388.56046
6085,2023-10-22 06:00:00,0.0,388.76074
6086,2023-10-22 06:15:00,0.0,437.46927
6087,2023-10-22 06:30:00,0.0,407.21823
6088,2023-10-22 06:45:00,0.0,408.3643
6089,2023-10-22 07:00:00,0.0,412.48062
6090,2023-10-22 07:15:00,0.0,415.5386
6091,2023-10-22 07:30:00,804.0,426.18158
6092,2023-10-22 07:45:00,893.0000000000001,457.88748
6093,2023-10-22 08:00:00,824.0,912.1967
6094,2023-10-22 08:15:00,1221.0,1572.5337
6095,2023-10-22 08:30:00,1576.0,1989.9977
6096,2023-10-22 08:45:00,2718.0,2448.773
6097,2023-10-22 09:00:00,3976.0,2435.3997
6098,2023-10-22 09:15:00,2435.0,2597.9587
6099,2023-10-22 09:30:00,2585.0,3028.2158
6100,2023-10-22 09:45:00,4484.0,3850.3323
6101,2023-10-22 10:00:00,5177.0,4498.016
6102,2023-10-22 10:15:00,4049.0,4870.308
6103,2023-10-22 10:30:00,4015.9999999999995,4394.1274
6104,2023-10-22 10:45:00,2932.0,3800.792
6105,2023-10-22 11:00:00,5286.0,3797.2844
6106,2023-10-22 11:15:00,5073.0,5355.2563
6107,2023-10-22 11:30:00,5342.0,6280.27
6108,2023-10-22 11:45:00,6221.000000000001,6076.769
6109,2023-10-22 12:00:00,6659.999999999999,6448.134
6110,2023-10-22 12:15:00,4424.0,5887.2075
6111,2023-10-22 12:30:00,5652.0,5461.6255
6112,2023-10-22 12:45:00,3362.0,4760.2637
6113,2023-10-22 13:00:00,3769.0,4724.18
6114,2023-10-22 13:15:00,5733.0,5312.352
6115,2023-10-22 13:30:00,8246.0,4916.2954
6116,2023-10-22 13:45:00,7088.0,4540.336
6117,2023-10-22 14:00:00,4865.0,4339.8975
6118,2023-10-22 14:15:00,2875.0,3962.2852
6119,2023-10-22 14:30:00,1496.0,3230.7075
6120,2023-10-22 14:45:00,992.0,2427.4778
6121,2023-10-22 15:00:00,770.0,1482.3412
6122,2023-10-22 15:15:00,608.0,830.49786
6123,2023-10-22 15:30:00,0.0,406.30347
6124,2023-10-22 15:45:00,0.0,184.13802
6125,2023-10-22 16:00:00,0.0,159.7754
6126,2023-10-22 16:15:00,0.0,173.53172
6127,2023-10-22 16:30:00,0.0,243.71063
6128,2023-10-22 16:45:00,0.0,279.53445
6129,2023-10-22 17:00:00,0.0,300.63797
6130,2023-10-22 17:15:00,0.0,317.0503
6131,2023-10-22 17:30:00,0.0,329.82144
6132,2023-10-22 17:45:00,0.0,340.11703
6133,2023-10-22 18:00:00,0.0,348.3593
6134,2023-10-22 18:15:00,0.0,357.90738
6135,2023-10-22 18:30:00,0.0,361.67923
6136,2023-10-22 18:45:00,0.0,366.24313
6137,2023-10-22 19:00:00,0.0,371.34225
6138,2023-10-22 19:15:00,0.0,376.6208
6139,2023-10-22 19:30:00,0.0,381.6818
6140,2023-10-22 19:45:00,0.0,386.1273
6141,2023-10-23 06:00:00,0.0,389.62122
6142,2023-10-23 06:15:00,0.0,459.18805
6143,2023-10-23 06:30:00,0.0,438.96246
6144,2023-10-23 06:45:00,0.0,442.21487
6145,2023-10-23 07:00:00,0.0,442.4094
6146,2023-10-23 07:15:00,400.0,431.04163
6147,2023-10-23 07:30:00,0.0,409.0631
6148,2023-10-23 07:45:00,600.0,562.5529
6149,2023-10-23 08:00:00,997.0,437.38052
6150,2023-10-23 08:15:00,1699.0,960.0652
6151,2023-10-23 08:30:00,1786.0000000000002,1684.5764
6152,2023-10-23 08:45:00,2005.0,1706.3259
6153,2023-10-23 09:00:00,2714.0,2126.3237
6154,2023-10-23 09:15:00,3331.0,2574.9531
6155,2023-10-23 09:30:00,4271.0,3450.7837
6156,2023-10-23 09:45:00,5192.0,4397.7456
6157,2023-10-23 10:00:00,5583.999999999999,5489.928
6158,2023-10-23 10:15:00,5658.0,6017.759
6159,2023-10-23 10:30:00,5971.000000000001,6230.6533
6160,2023-10-23 10:45:00,4913.0,5985.593
6161,2023-10-23 11:00:00,4892.0,5542.118
6162,2023-10-23 11:15:00,6358.0,5920.625
6163,2023-10-23 11:30:00,5419.0,5657.9463
6164,2023-10-23 11:45:00,4458.0,5103.2114
6165,2023-10-23 12:00:00,4241.0,4644.787
6166,2023-10-23 12:15:00,4895.0,4549.942
6167,2023-10-23 12:30:00,4579.0,4380.356
6168,2023-10-23 12:45:00,4355.0,4287.472
6169,2023-10-23 13:00:00,3567.0,3877.8005
6170,2023-10-23 13:15:00,3272.0000000000005,2938.1104
6171,2023-10-23 13:30:00,2896.0,2635.4358
6172,2023-10-23 13:45:00,2426.0,2375.4805
6173,2023-10-23 14:00:00,2100.0,1869.9421
6174,2023-10-23 14:15:00,1764.0,1500.3564
6175,2023-10-23 14:30:00,1276.0,1096.3096
6176,2023-10-23 14:45:00,913.0,839.103
6177,2023-10-23 15:00:00,1226.0,671.70636
6178,2023-10-23 15:15:00,1354.0,508.56998
6179,2023-10-23 15:30:00,0.0,405.32846
6180,2023-10-23 15:45:00,0.0,319.8807
6181,2023-10-23 16:00:00,0.0,239.981
6182,2023-10-23 16:15:00,0.0,223.37546
6183,2023-10-23 16:30:00,0.0,266.65622
6184,2023-10-23 16:45:00,0.0,291.20062
6185,2023-10-23 17:00:00,0.0,307.73047
6186,2023-10-23 17:15:00,0.0,319.7203
6187,2023-10-23 17:30:00,0.0,328.62036
6188,2023-10-23 17:45:00,0.0,335.96945
6189,2023-10-23 18:00:00,0.0,341.54495
6190,2023-10-23 18:15:00,0.0,347.65048
6191,2023-10-23 18:30:00,0.0,349.24152
6192,2023-10-23 18:45:00,0.0,350.7405
6193,2023-10-23 19:00:00,0.0,352.1349
6194,2023-10-23 19:15:00,0.0,353.4305
6195,2023-10-23 19:30:00,0.0,354.69028
6196,2023-10-23 19:45:00,0.0,356.0886
6197,2023-10-24 06:00:00,0.0,357.72568
6198,2023-10-24 06:15:00,0.0,398.22983
6199,2023-10-24 06:30:00,0.0,361.5539
6200,2023-10-24 06:45:00,0.0,357.3235
6201,2023-10-24 07:00:00,0.0,355.19366
6202,2023-10-24 07:15:00,0.0,348.10464
6203,2023-10-24 07:30:00,0.0,340.9581
6204,2023-10-24 07:45:00,0.0,341.47836
6205,2023-10-24 08:00:00,844.0,364.76456
6206,2023-10-24 08:15:00,1086.0,436.76358
6207,2023-10-24 08:30:00,2007.9999999999998,1088.0333
6208,2023-10-24 08:45:00,1864.0000000000002,1636.266
6209,2023-10-24 09:00:00,1785.0,1808.5875
6210,2023-10-24 09:15:00,2680.0,1989.8347
6211,2023-10-24 09:30:00,2009.9999999999998,2119.3037
6212,2023-10-24 09:45:00,2455.0,2293.1
6213,2023-10-24 10:00:00,3093.0,2863.5942
6214,2023-10-24 10:15:00,4453.0,3374.947
6215,2023-10-24 10:30:00,3314.0,3619.703
6216,2023-10-24 10:45:00,3592.0,3876.1252
6217,2023-10-24 11:00:00,3972.9999999999995,3938.553
6218,2023-10-24 11:15:00,3854.0,3811.1582
6219,2023-10-24 11:30:00,3311.0000000000005,3535.154
6220,2023-10-24 11:45:00,2989.0,3278.8948
6221,2023-10-24 12:00:00,2963.0,2882.778
6222,2023-10-24 12:15:00,2612.0,2708.3528
6223,2023-10-24 12:30:00,2590.0,2588.4246
6224,2023-10-24 12:45:00,1823.0000000000002,2075.465
6225,2023-10-24 13:00:00,934.0000000000001,1195.729
6226,2023-10-24 13:15:00,0.0,945.3005
6227,2023-10-24 13:30:00,1109.0,856.3082
6228,2023-10-24 13:45:00,2589.0,566.6703
6229,2023-10-24 14:00:00,901.0,1083.7618
6230,2023-10-24 14:15:00,1493.0,1126.4856
6231,2023-10-24 14:30:00,793.0,439.96582
6232,2023-10-24 14:45:00,3649.0,547.3472
6233,2023-10-24 15:00:00,1295.0,1368.6631
6234,2023-10-24 15:15:00,808.0,1518.3949
6235,2023-10-24 15:30:00,0.0,1283.8035
6236,2023-10-24 15:45:00,0.0,928.9664
6237,2023-10-24 16:00:00,0.0,323.7404
6238,2023-10-24 16:15:00,0.0,196.87975
6239,2023-10-24 16:30:00,0.0,211.90019
6240,2023-10-24 16:45:00,0.0,235.32869
6241,2023-10-24 17:00:00,0.0,257.0151
6242,2023-10-24 17:15:00,0.0,274.9228
6243,2023-10-24 17:30:00,0.0,288.07257
6244,2023-10-24 17:45:00,0.0,300.2266
6245,2023-10-24 18:00:00,0.0,308.21445
6246,2023-10-24 18:15:00,0.0,313.7307
6247,2023-10-24 18:30:00,0.0,315.6695
6248,2023-10-24 18:45:00,0.0,317.41174
6249,2023-10-24 19:00:00,0.0,319.21878
6250,2023-10-24 19:15:00,0.0,321.42688
6251,2023-10-24 19:30:00,0.0,324.4875
6252,2023-10-24 19:45:00,0.0,328.68936
6253,2023-10-25 06:00:00,0.0,334.00574
6254,2023-10-25 06:15:00,0.0,359.3045
6255,2023-10-25 06:30:00,0.0,323.44934
6256,2023-10-25 06:45:00,0.0,333.4372
6257,2023-10-25 07:00:00,0.0,352.67184
6258,2023-10-25 07:15:00,642.0,378.2832
6259,2023-10-25 07:30:00,901.0,421.71982
6260,2023-10-25 07:45:00,1830.0,874.9675
6261,2023-10-25 08:00:00,2811.0,1432.4662
6262,2023-10-25 08:15:00,2077.0,1916.2705
6263,2023-10-25 08:30:00,1647.0,2217.8188
6264,2023-10-25 08:45:00,1826.0,1899.3964
6265,2023-10-25 09:00:00,1523.0000000000002,1599.8881
6266,2023-10-25 09:15:00,1348.0,1343.5798
6267,2023-10-25 09:30:00,1350.0,1543.0312
6268,2023-10-25 09:45:00,1563.0,1551.1866
6269,2023-10-25 10:00:00,1200.0,1573.0262
6270,2023-10-25 10:15:00,1466.0,1462.0331
6271,2023-10-25 10:30:00,1524.0,1422.0957
6272,2023-10-25 10:45:00,1488.0000000000002,1449.7269
6273,2023-10-25 11:00:00,2255.0,1627.703
6274,2023-10-25 11:15:00,2242.0,2002.7605
6275,2023-10-25 11:30:00,2168.0,2146.8743
6276,2023-10-25 11:45:00,1399.0,1817.8387
6277,2023-10-25 12:00:00,1814.9999999999998,1293.7833
6278,2023-10-25 12:15:00,1076.0,1447.0729
6279,2023-10-25 12:30:00,945.0,1442.5143
6280,2023-10-25 12:45:00,897.0,1131.5122
6281,2023-10-25 13:00:00,781.0000000000001,870.01624
6282,2023-10-25 13:15:00,0.0,603.03125
6283,2023-10-25 13:30:00,0.0,491.09915
6284,2023-10-25 13:45:00,0.0,176.07207
6285,2023-10-25 14:00:00,0.0,74.698845
6286,2023-10-25 14:15:00,0.0,130.07297
6287,2023-10-25 14:30:00,0.0,178.08852
6288,2023-10-25 14:45:00,0.0,212.80537
6289,2023-10-25 15:00:00,0.0,238.80032
6290,2023-10-25 15:15:00,0.0,257.5904
6291,2023-10-25 15:30:00,0.0,273.48587
6292,2023-10-25 15:45:00,0.0,285.17755
6293,2023-10-25 16:00:00,0.0,296.37534
6294,2023-10-25 16:15:00,0.0,300.01083
6295,2023-10-25 16:30:00,0.0,303.12228
6296,2023-10-25 16:45:00,0.0,305.65915
6297,2023-10-25 17:00:00,0.0,307.659
6298,2023-10-25 17:15:00,0.0,309.17972
6299,2023-10-25 17:30:00,0.0,310.35147
6300,2023-10-25 17:45:00,0.0,311.46338
6301,2023-10-25 18:00:00,0.0,312.65298
6302,2023-10-25 18:15:00,0.0,314.03638
6303,2023-10-25 18:30:00,0.0,315.6714
6304,2023-10-25 18:45:00,0.0,317.59485
6305,2023-10-25 19:00:00,0.0,319.87424
6306,2023-10-25 19:15:00,0.0,322.50583
6307,2023-10-25 19:30:00,0.0,325.46
6308,2023-10-25 19:45:00,0.0,328.72705
6309,2023-10-26 06:00:00,0.0,332.2589
6310,2023-10-26 06:15:00,0.0,363.47372
6311,2023-10-26 06:30:00,0.0,323.61526
6312,2023-10-26 06:45:00,0.0,320.96072
6313,2023-10-26 07:00:00,0.0,324.54788
6314,2023-10-26 07:15:00,561.0,330.00037
6315,2023-10-26 07:30:00,784.0,346.14365
6316,2023-10-26 07:45:00,1114.0,651.21747
6317,2023-10-26 08:00:00,1068.0,871.39813
6318,2023-10-26 08:15:00,1023.0,1090.2007
6319,2023-10-26 08:30:00,1814.9999999999998,1449.3715
6320,2023-10-26 08:45:00,1413.0,1411.0736
6321,2023-10-26 09:00:00,1008.0000000000001,1500.8484
6322,2023-10-26 09:15:00,1047.0,1587.6704
6323,2023-10-26 09:30:00,1581.0,1699.008
6324,2023-10-26 09:45:00,1976.0,1735.0376
6325,2023-10-26 10:00:00,2579.0,1868.2667
6326,2023-10-26 10:15:00,2044.0,2043.2313
6327,2023-10-26 10:30:00,2424.0,2273.4788
6328,2023-10-26 10:45:00,2832.0,2482.7668
6329,2023-10-26 11:00:00,2021.0,2348.1338
6330,2023-10-26 11:15:00,1871.0,1998.6868
6331,2023-10-26 11:30:00,1386.0,1613.8285
6332,2023-10-26 11:45:00,752.0,1386.8232
6333,2023-10-26 12:00:00,1512.9999999999998,1400.4933
6334,2023-10-26 12:15:00,1267.0,1257.3293
6335,2023-10-26 12:30:00,921.0,1037.6637
6336,2023-10-26 12:45:00,0.0,917.3442
6337,2023-10-26 13:00:00,1629.0,894.08734
6338,2023-10-26 13:15:00,2193.0,423.41663
6339,2023-10-26 13:30:00,1608.0,553.556
6340,2023-10-26 13:45:00,1355.0,684.2601
6341,2023-10-26 14:00:00,328.0,739.20807
6342,2023-10-26 14:15:00,266.0,705.3702
6343,2023-10-26 14:30:00,185.00000000000003,621.4152
6344,2023-10-26 14:45:00,0.0,526.3405
6345,2023-10-26 15:00:00,0.0,435.70636
6346,2023-10-26 15:15:00,0.0,238.18967
6347,2023-10-26 15:30:00,0.0,215.28308
6348,2023-10-26 15:45:00,0.0,229.40613
6349,2023-10-26 16:00:00,0.0,242.38435
6350,2023-10-26 16:15:00,0.0,255.40488
6351,2023-10-26 16:30:00,0.0,267.09732
6352,2023-10-26 16:45:00,0.0,276.99362
6353,2023-10-26 17:00:00,0.0,285.48694
6354,2023-10-26 17:15:00,0.0,293.02478
6355,2023-10-26 17:30:00,0.0,300.79233
6356,2023-10-26 17:45:00,0.0,303.92712
6357,2023-10-26 18:00:00,0.0,307.4533
6358,2023-10-26 18:15:00,0.0,311.2692
6359,2023-10-26 18:30:00,0.0,315.26077
6360,2023-10-26 18:45:00,0.0,319.31332
6361,2023-10-26 19:00:00,0.0,323.36044
6362,2023-10-26 19:15:00,0.0,327.37415
6363,2023-10-26 19:30:00,0.0,331.3158
6364,2023-10-26 19:45:00,0.0,335.1792
6365,2023-10-27 06:00:00,0.0,338.95535
6366,2023-10-27 06:15:00,0.0,358.6706
6367,2023-10-27 06:30:00,0.0,310.77274
6368,2023-10-27 06:45:00,0.0,303.67062
6369,2023-10-27 07:00:00,0.0,296.9718
6370,2023-10-27 07:15:00,0.0,282.47037
6371,2023-10-27 07:30:00,0.0,262.61984
6372,2023-10-27 07:45:00,0.0,239.84764
6373,2023-10-27 08:00:00,0.0,218.18057
6374,2023-10-27 08:15:00,0.0,212.11801
6375,2023-10-27 08:30:00,0.0,216.64323
6376,2023-10-27 08:45:00,0.0,250.21875
6377,2023-10-27 09:00:00,0.0,286.2576
6378,2023-10-27 09:15:00,1029.0,324.45798
6379,2023-10-27 09:30:00,997.0,364.40503
6380,2023-10-27 09:45:00,948.0,778.1923
6381,2023-10-27 10:00:00,997.0,880.48267
6382,2023-10-27 10:15:00,855.0000000000001,991.5178
6383,2023-10-27 10:30:00,1075.0,862.81177
6384,2023-10-27 10:45:00,1299.0,922.7515
6385,2023-10-27 11:00:00,1506.0,1071.4121
6386,2023-10-27 11:15:00,1522.0,1221.485
6387,2023-10-27 11:30:00,1599.0000000000002,1296.9557
6388,2023-10-27 11:45:00,1651.0,1354.5117
6389,2023-10-27 12:00:00,1507.0,1310.976
6390,2023-10-27 12:15:00,1082.0,1159.0348
6391,2023-10-27 12:30:00,831.0,1086.3016
6392,2023-10-27 12:45:00,983.0,906.70776
6393,2023-10-27 13:00:00,937.0,742.63715
6394,2023-10-27 13:15:00,564.0,616.8375
6395,2023-10-27 13:30:00,0.0,501.2916
6396,2023-10-27 13:45:00,0.0,414.103
6397,2023-10-27 14:00:00,0.0,142.43195
6398,2023-10-27 14:15:00,0.0,107.45429
6399,2023-10-27 14:30:00,0.0,134.63092
6400,2023-10-27 14:45:00,0.0,172.8523
6401,2023-10-27 15:00:00,0.0,204.9437
6402,2023-10-27 15:15:00,0.0,230.44666
6403,2023-10-27 15:30:00,0.0,249.41042
6404,2023-10-27 15:45:00,0.0,265.92242
6405,2023-10-27 16:00:00,0.0,278.99435
6406,2023-10-27 16:15:00,0.0,292.28784
6407,2023-10-27 16:30:00,0.0,296.9371
6408,2023-10-27 16:45:00,0.0,301.66238
6409,2023-10-27 17:00:00,0.0,306.43088
6410,2023-10-27 17:15:00,0.0,311.20755
6411,2023-10-27 17:30:00,0.0,315.96796
6412,2023-10-27 17:45:00,0.0,320.68158
6413,2023-10-27 18:00:00,0.0,325.32275
6414,2023-10-27 18:15:00,0.0,329.87085
6415,2023-10-27 18:30:00,0.0,334.3085
6416,2023-10-27 18:45:00,0.0,338.61945
6417,2023-10-27 19:00:00,0.0,342.79538
6418,2023-10-27 19:15:00,0.0,346.838
6419,2023-10-27 19:30:00,0.0,350.73538
6420,2023-10-27 19:45:00,0.0,354.47113
6421,2023-10-28 06:00:00,0.0,358.0268
6422,2023-10-28 06:15:00,0.0,390.81165
6423,2023-10-28 06:30:00,0.0,357.10428
6424,2023-10-28 06:45:00,0.0,356.97586
6425,2023-10-28 07:00:00,0.0,359.4629
6426,2023-10-28 07:15:00,0.0,359.02454
6427,2023-10-28 07:30:00,0.0,358.89835
6428,2023-10-28 07:45:00,795.0,362.50095
6429,2023-10-28 08:00:00,734.9999999999999,375.19385
6430,2023-10-28 08:15:00,845.0,735.318
6431,2023-10-28 08:30:00,1477.9999999999998,1048.5211
6432,2023-10-28 08:45:00,1553.0,1277.5144
6433,2023-10-28 09:00:00,2204.0,1552.583
6434,2023-10-28 09:15:00,1670.0,1705.0569
6435,2023-10-28 09:30:00,1189.0,1808.8301
6436,2023-10-28 09:45:00,1342.0,1727.4303
6437,2023-10-28 10:00:00,1929.9999999999998,1535.8546
6438,2023-10-28 10:15:00,1408.0000000000002,1300.0831
6439,2023-10-28 10:30:00,1407.0,1536.7223
6440,2023-10-28 10:45:00,1593.0000000000002,2034.5886
6441,2023-10-28 11:00:00,4101.0,2474.7007
6442,2023-10-28 11:15:00,5699.0,3164.6885
6443,2023-10-28 11:30:00,4229.0,3823.8137
6444,2023-10-28 11:45:00,2595.0,3813.2974
6445,2023-10-28 12:00:00,2864.0,3116.936
6446,2023-10-28 12:15:00,1886.0,2333.3943
6447,2023-10-28 12:30:00,1873.0,1761.8649
6448,2023-10-28 12:45:00,5918.0,2872.337
6449,2023-10-28 13:00:00,6148.999999999999,4246.831
6450,2023-10-28 13:15:00,6629.0,5912.823
6451,2023-10-28 13:30:00,4776.0,4739.165
6452,2023-10-28 13:45:00,2304.0,2306.976
6453,2023-10-28 14:00:00,3388.0,2328.0623
6454,2023-10-28 14:15:00,2027.0,1905.1443
6455,2023-10-28 14:30:00,2446.0,1733.765
6456,2023-10-28 14:45:00,932.0000000000001,1141.5221
6457,2023-10-28 15:00:00,778.0000000000001,380.6431
6458,2023-10-28 15:15:00,551.0,262.27048
6459,2023-10-28 15:30:00,0.0,179.80995
6460,2023-10-28 15:45:00,0.0,99.37083
6461,2023-10-28 16:00:00,0.0,149.86044
6462,2023-10-28 16:15:00,0.0,183.03435
6463,2023-10-28 16:30:00,0.0,239.14029
6464,2023-10-28 16:45:00,0.0,266.07397
6465,2023-10-28 17:00:00,0.0,285.9249
6466,2023-10-28 17:15:00,0.0,299.43167
6467,2023-10-28 17:30:00,0.0,312.50027
6468,2023-10-28 17:45:00,0.0,322.85635
6469,2023-10-28 18:00:00,0.0,331.2239
6470,2023-10-28 18:15:00,0.0,340.10455
6471,2023-10-28 18:30:00,0.0,344.4855
6472,2023-10-28 18:45:00,0.0,349.13013
6473,2023-10-28 19:00:00,0.0,353.98746
6474,2023-10-28 19:15:00,0.0,359.0709
6475,2023-10-28 19:30:00,0.0,364.3428
6476,2023-10-28 19:45:00,0.0,369.75204
6477,2023-10-29 06:00:00,0.0,375.27094
6478,2023-10-29 06:15:00,0.0,402.2018
6479,2023-10-29 06:30:00,0.0,372.0459
6480,2023-10-29 06:45:00,0.0,380.20114
6481,2023-10-29 07:00:00,0.0,392.49136
6482,2023-10-29 07:15:00,0.0,408.74133
6483,2023-10-29 07:30:00,0.0,439.6437
6484,2023-10-29 07:45:00,1475.9999999999998,500.1648
6485,2023-10-29 08:00:00,1631.0,613.2062
6486,2023-10-29 08:15:00,2523.0,1491.3585
6487,2023-10-29 08:30:00,2978.0,2555.9673
6488,2023-10-29 08:45:00,4641.0,3061.3179
6489,2023-10-29 09:00:00,4146.0,3782.4734
6490,2023-10-29 09:15:00,8168.0,4069.1506
6491,2023-10-29 09:30:00,5295.0,6217.7876
6492,2023-10-29 09:45:00,3964.9999999999995,6147.937
6493,2023-10-29 10:00:00,3200.0,5184.416
6494,2023-10-29 10:15:00,3785.0,5215.5117
6495,2023-10-29 10:30:00,4785.0,3721.0398
6496,2023-10-29 10:45:00,1996.0,3054.2444
6497,2023-10-29 11:00:00,1769.0,3235.7651
6498,2023-10-29 11:15:00,1840.0,3594.9126
6499,2023-10-29 11:30:00,2973.0,4065.2239
6500,2023-10-29 11:45:00,4898.0,3678.9094
6501,2023-10-29 12:00:00,2046.0,3309.4675
6502,2023-10-29 12:15:00,1832.0,2346.7922
6503,2023-10-29 12:30:00,1761.0,1690.4813
6504,2023-10-29 12:45:00,1310.0,1538.0284
6505,2023-10-29 13:00:00,1471.0,1179.9321
6506,2023-10-29 13:15:00,754.0,1207.8687
6507,2023-10-29 13:30:00,569.0,607.02203
6508,2023-10-29 13:45:00,283.0,322.98154
6509,2023-10-29 14:00:00,262.0,353.22607
6510,2023-10-29 14:15:00,0.0,235.74731
6511,2023-10-29 14:30:00,0.0,141.14598
6512,2023-10-29 14:45:00,0.0,167.75261
6513,2023-10-29 15:00:00,0.0,164.38971
6514,2023-10-29 15:15:00,0.0,226.20949
6515,2023-10-29 15:30:00,0.0,263.22293
6516,2023-10-29 15:45:00,0.0,289.36664
6517,2023-10-29 16:00:00,0.0,307.02847
6518,2023-10-29 16:15:00,0.0,319.76633
6519,2023-10-29 16:30:00,0.0,329.85104
6520,2023-10-29 16:45:00,0.0,337.08478
6521,2023-10-29 17:00:00,0.0,344.7483
6522,2023-10-29 17:15:00,0.0,346.95792
6523,2023-10-29 17:30:00,0.0,349.28564
6524,2023-10-29 17:45:00,0.0,351.70435
6525,2023-10-29 18:00:00,0.0,354.16663
6526,2023-10-29 18:15:00,0.0,356.64523
6527,2023-10-29 18:30:00,0.0,359.12823
6528,2023-10-29 18:45:00,0.0,361.63272
6529,2023-10-29 19:00:00,0.0,364.17603
6530,2023-10-29 19:15:00,0.0,366.7592
6531,2023-10-29 19:30:00,0.0,369.3815
6532,2023-10-29 19:45:00,0.0,372.04282
6533,2023-10-30 06:00:00,0.0,374.76184
6534,2023-10-30 06:15:00,0.0,397.8094
6535,2023-10-30 06:30:00,0.0,369.59875
6536,2023-10-30 06:45:00,0.0,372.23892
6537,2023-10-30 07:00:00,0.0,377.30814
6538,2023-10-30 07:15:00,578.0,381.61975
6539,2023-10-30 07:30:00,765.0,390.4845
6540,2023-10-30 07:45:00,1184.0,623.3029
6541,2023-10-30 08:00:00,1580.0,952.5806
6542,2023-10-30 08:15:00,2280.0,1200.9409
6543,2023-10-30 08:30:00,2511.0,1889.5695
6544,2023-10-30 08:45:00,3384.0,2174.5574
6545,2023-10-30 09:00:00,3099.9999999999995,2780.182
6546,2023-10-30 09:15:00,3075.0,3322.7632
6547,2023-10-30 09:30:00,3214.0,3200.8054
6548,2023-10-30 09:45:00,3777.9999999999995,3222.3042
6549,2023-10-30 10:00:00,3598.9999999999995,3704.8757
6550,2023-10-30 10:15:00,4125.0,4766.9155
6551,2023-10-30 10:30:00,8329.0,6572.931
6552,2023-10-30 10:45:00,6451.0,6743.813
6553,2023-10-30 11:00:00,4585.0,5316.736
6554,2023-10-30 11:15:00,1717.0,4117.2227
6555,2023-10-30 11:30:00,1722.0,3826.4998
6556,2023-10-30 11:45:00,1877.0,2839.8237
6557,2023-10-30 12:00:00,2780.0,2331.1628
6558,2023-10-30 12:15:00,2033.0,1725.3947
6559,2023-10-30 12:30:00,1561.0,1588.3772
6560,2023-10-30 12:45:00,1541.0,1722.7294
6561,2023-10-30 13:00:00,803.0,1310.5797
6562,2023-10-30 13:15:00,674.0,688.5473
6563,2023-10-30 13:30:00,666.0,533.52026
6564,2023-10-30 13:45:00,195.00000000000003,528.58057
6565,2023-10-30 14:00:00,84.4,374.2589
6566,2023-10-30 14:15:00,0.0,298.6853
6567,2023-10-30 14:30:00,0.0,166.04637
6568,2023-10-30 14:45:00,0.0,140.5335
6569,2023-10-30 15:00:00,0.0,144.20808
6570,2023-10-30 15:15:00,0.0,197.33488
6571,2023-10-30 15:30:00,0.0,229.9578
6572,2023-10-30 15:45:00,0.0,255.75822
6573,2023-10-30 16:00:00,0.0,278.55002
6574,2023-10-30 16:15:00,0.0,296.2528
6575,2023-10-30 16:30:00,0.0,309.67154
6576,2023-10-30 16:45:00,0.0,320.2671
6577,2023-10-30 17:00:00,0.0,331.5633
6578,2023-10-30 17:15:00,0.0,335.65808
6579,2023-10-30 17:30:00,0.0,339.82153
6580,2023-10-30 17:45:00,0.0,344.04813
6581,2023-10-30 18:00:00,0.0,348.3218
6582,2023-10-30 18:15:00,0.0,352.63318
6583,2023-10-30 18:30:00,0.0,356.95825
6584,2023-10-30 18:45:00,0.0,361.26657
6585,2023-10-30 19:00:00,0.0,365.51825
6586,2023-10-30 19:15:00,0.0,369.6832
6587,2023-10-30 19:30:00,0.0,373.72064
6588,2023-10-30 19:45:00,0.0,377.59784
6589,2023-10-31 06:00:00,0.0,381.2853
6590,2023-10-31 06:15:00,0.0,414.37857
6591,2023-10-31 06:30:00,0.0,393.1545
6592,2023-10-31 06:45:00,0.0,403.02213
6593,2023-10-31 07:00:00,0.0,418.9528
6594,2023-10-31 07:15:00,0.0,439.53497
6595,2023-10-31 07:30:00,2721.0,473.21097
6596,2023-10-31 07:45:00,2379.0,530.6131
6597,2023-10-31 08:00:00,1629.0,1278.1901
6598,2023-10-31 08:15:00,1422.0,1966.3833
6599,2023-10-31 08:30:00,2138.0,2392.3403
6600,2023-10-31 08:45:00,3017.9999999999995,2365.5662
6601,2023-10-31 09:00:00,2811.0,2274.5928
6602,2023-10-31 09:15:00,5387.0,3137.175
6603,2023-10-31 09:30:00,6143.000000000001,4587.179
6604,2023-10-31 09:45:00,3200.0,4671.293
6605,2023-10-31 10:00:00,2745.0,3728.9417
6606,2023-10-31 10:15:00,2151.0,2560.2673
6607,2023-10-31 10:30:00,1020.0,2411.5137
6608,2023-10-31 10:45:00,2301.0,2017.9652
6609,2023-10-31 11:00:00,3130.9999999999995,2699.0452
6610,2023-10-31 11:15:00,3117.0,2311.8257
6611,2023-10-31 11:30:00,1753.0000000000002,2605.626
6612,2023-10-31 11:45:00,4160.0,2654.697
6613,2023-10-31 12:00:00,1715.0,2734.1782
6614,2023-10-31 12:15:00,462.99999999999994,2097.4207
6615,2023-10-31 12:30:00,651.0,1168.3248
6616,2023-10-31 12:45:00,586.0,798.1753
6617,2023-10-31 13:00:00,460.0,535.4079
6618,2023-10-31 13:15:00,1029.0,650.94684
6619,2023-10-31 13:30:00,558.0,773.2275
6620,2023-10-31 13:45:00,463.99999999999994,543.7771
6621,2023-10-31 14:00:00,0.0,232.25867
6622,2023-10-31 14:15:00,54.20000000000001,179.93208
6623,2023-10-31 14:30:00,0.0,141.26497
6624,2023-10-31 14:45:00,0.0,-1.6677272
6625,2023-10-31 15:00:00,0.0,194.25395
6626,2023-10-31 15:15:00,0.0,183.74269
6627,2023-10-31 15:30:00,0.0,244.57101
6628,2023-10-31 15:45:00,0.0,284.10165
6629,2023-10-31 16:00:00,0.0,309.23068
6630,2023-10-31 16:15:00,0.0,326.4298
6631,2023-10-31 16:30:00,0.0,340.03308
6632,2023-10-31 16:45:00,0.0,353.70956
6633,2023-10-31 17:00:00,0.0,356.4013
6634,2023-10-31 17:15:00,0.0,365.4772
6635,2023-10-31 17:30:00,0.0,367.5929
6636,2023-10-31 17:45:00,0.0,369.08368
6637,2023-10-31 18:00:00,0.0,370.03696
6638,2023-10-31 18:15:00,0.0,370.5817
6639,2023-10-31 18:30:00,0.0,370.8671
6640,2023-10-31 18:45:00,0.0,371.0666
6641,2023-10-31 19:00:00,0.0,371.35944
6642,2023-10-31 19:15:00,0.0,371.93457
6643,2023-10-31 19:30:00,0.0,372.9809
