,date,actual,pred
0,2023-07-05 10:15:00,5572.0,5613.0674
1,2023-07-05 10:30:00,5603.0,5374.0522
2,2023-07-05 10:45:00,3052.0,5193.186
3,2023-07-05 11:00:00,2035.0,4793.3604
4,2023-07-05 11:15:00,2290.0,4055.1753
5,2023-07-05 11:30:00,1853.9999999999998,3803.7053
6,2023-07-05 11:45:00,2034.0,3639.5364
7,2023-07-05 12:00:00,1369.0,3400.249
8,2023-07-05 12:15:00,3155.0000000000005,3257.9104
9,2023-07-05 12:30:00,3960.0,3147.8274
10,2023-07-05 12:45:00,3208.9999999999995,2819.6328
11,2023-07-05 13:00:00,4741.0,2571.3323
12,2023-07-05 13:15:00,2301.0,2338.3296
13,2023-07-05 13:30:00,1139.0,2307.0762
14,2023-07-05 13:45:00,2302.0,2329.3079
15,2023-07-05 14:00:00,1787.0,2549.9932
16,2023-07-05 14:15:00,6038.0,3012.5579
17,2023-07-05 14:30:00,9109.0,3427.2207
18,2023-07-05 14:45:00,13093.999999999998,4121.232
19,2023-07-05 15:00:00,8559.0,4600.9453
20,2023-07-05 15:15:00,5111.0,4815.02
21,2023-07-05 15:30:00,2488.0,5072.0757
22,2023-07-05 15:45:00,2427.0,5179.3813
23,2023-07-05 16:00:00,2893.0,4165.547
24,2023-07-05 16:15:00,5519.0,2609.3035
25,2023-07-05 16:30:00,3580.0000000000005,1887.2029
26,2023-07-05 16:45:00,3258.0,1429.0627
27,2023-07-05 17:00:00,1680.0,1234.3993
28,2023-07-05 17:15:00,2183.0,944.8446
29,2023-07-05 17:30:00,1662.9999999999998,731.4416
30,2023-07-05 17:45:00,1864.0000000000002,588.12
31,2023-07-05 18:00:00,874.0,466.40387
32,2023-07-05 18:15:00,0.0,368.11572
33,2023-07-05 18:30:00,0.0,284.57068
34,2023-07-05 18:45:00,0.0,205.05476
35,2023-07-05 19:00:00,1996.0,165.55568
36,2023-07-05 19:15:00,2088.0,129.31969
37,2023-07-05 19:30:00,2398.0,207.38373
38,2023-07-05 19:45:00,2344.0,310.5772
39,2023-07-06 06:00:00,2967.0,451.55
40,2023-07-06 06:15:00,3372.0,1624.0441
41,2023-07-06 06:30:00,3130.9999999999995,2528.1743
42,2023-07-06 06:45:00,4572.0,3546.834
43,2023-07-06 07:00:00,4237.0,4328.0713
44,2023-07-06 07:15:00,5911.0,4987.6646
45,2023-07-06 07:30:00,7666.000000000001,5834.124
46,2023-07-06 07:45:00,6947.0,6783.395
47,2023-07-06 08:00:00,5718.000000000001,7780.467
48,2023-07-06 08:15:00,7327.000000000001,8183.239
49,2023-07-06 08:30:00,9694.0,8913.159
50,2023-07-06 08:45:00,9060.0,9383.493
51,2023-07-06 09:00:00,12045.0,10479.097
52,2023-07-06 09:15:00,12494.0,11305.753
53,2023-07-06 09:30:00,15938.0,11764.151
54,2023-07-06 09:45:00,13263.000000000002,12396.932
55,2023-07-06 10:00:00,14285.000000000002,12903.945
56,2023-07-06 10:15:00,13470.000000000002,13211.547
57,2023-07-06 10:30:00,12655.000000000002,13228.0625
58,2023-07-06 10:45:00,16486.0,13176.962
59,2023-07-06 11:00:00,14706.0,13263.536
60,2023-07-06 11:15:00,14324.0,13875.488
61,2023-07-06 11:30:00,15470.0,14149.964
62,2023-07-06 11:45:00,16056.0,14076.733
63,2023-07-06 12:00:00,19254.0,13767.882
64,2023-07-06 12:15:00,14156.999999999998,12814.423
65,2023-07-06 12:30:00,16477.0,11792.589
66,2023-07-06 12:45:00,17394.0,11321.942
67,2023-07-06 13:00:00,11007.0,10687.993
68,2023-07-06 13:15:00,7485.0,10333.073
69,2023-07-06 13:30:00,14213.0,9444.204
70,2023-07-06 13:45:00,8801.0,9813.119
71,2023-07-06 14:00:00,3059.0,9943.431
72,2023-07-06 14:15:00,2414.0,9480.387
73,2023-07-06 14:30:00,3637.0,9538.599
74,2023-07-06 14:45:00,6798.0,9148.86
75,2023-07-06 15:00:00,6303.0,8190.882
76,2023-07-06 15:15:00,8949.0,7592.6104
77,2023-07-06 15:30:00,10456.0,7223.83
78,2023-07-06 15:45:00,8184.0,6333.141
79,2023-07-06 16:00:00,6667.999999999999,5208.986
80,2023-07-06 16:15:00,5994.0,4015.9216
81,2023-07-06 16:30:00,3703.0,3193.8723
82,2023-07-06 16:45:00,1317.0,2610.9397
83,2023-07-06 17:00:00,1051.0,1990.5254
84,2023-07-06 17:15:00,1414.0,1437.1271
85,2023-07-06 17:30:00,1321.0,999.32544
86,2023-07-06 17:45:00,934.0000000000001,642.6994
87,2023-07-06 18:00:00,770.0,362.0191
88,2023-07-06 18:15:00,0.0,175.4067
89,2023-07-06 18:30:00,0.0,87.599396
90,2023-07-06 18:45:00,0.0,58.443336
91,2023-07-06 19:00:00,588.0,75.9967
92,2023-07-06 19:15:00,644.0,105.37025
93,2023-07-06 19:30:00,706.0000000000001,255.5495
94,2023-07-06 19:45:00,785.0,388.02466
95,2023-07-07 06:00:00,874.0,485.7851
96,2023-07-07 06:15:00,992.0,1187.2412
97,2023-07-07 06:30:00,1155.0,1263.9121
98,2023-07-07 06:45:00,1376.0,1552.6873
99,2023-07-07 07:00:00,1853.9999999999998,2113.0457
100,2023-07-07 07:15:00,2462.0,3064.5793
101,2023-07-07 07:30:00,4038.0,4462.2114
102,2023-07-07 07:45:00,5757.0,6122.2437
103,2023-07-07 08:00:00,7485.999999999999,7890.0166
104,2023-07-07 08:15:00,10519.0,9564.805
105,2023-07-07 08:30:00,13165.0,11097.296
106,2023-07-07 08:45:00,14031.0,11925.261
107,2023-07-07 09:00:00,14544.0,12778.529
108,2023-07-07 09:15:00,14722.0,13553.494
109,2023-07-07 09:30:00,12781.999999999998,14228.465
110,2023-07-07 09:45:00,17084.0,14763.422
111,2023-07-07 10:00:00,15309.0,15199.736
112,2023-07-07 10:15:00,18380.0,15565.1
113,2023-07-07 10:30:00,18594.0,15930.079
114,2023-07-07 10:45:00,18805.0,16213.782
115,2023-07-07 11:00:00,18825.0,16462.129
116,2023-07-07 11:15:00,18804.0,16220.159
117,2023-07-07 11:30:00,18678.0,15857.105
118,2023-07-07 11:45:00,18422.0,15532.449
119,2023-07-07 12:00:00,18202.0,15778.008
120,2023-07-07 12:15:00,17947.0,16038.874
121,2023-07-07 12:30:00,17762.0,16238.822
122,2023-07-07 12:45:00,17324.0,16120.615
123,2023-07-07 13:00:00,16919.0,15883.533
124,2023-07-07 13:15:00,16400.0,15498.962
125,2023-07-07 13:30:00,15861.0,15126.638
126,2023-07-07 13:45:00,15275.000000000002,14707.992
127,2023-07-07 14:00:00,14669.0,14342.2
128,2023-07-07 14:15:00,13837.0,13872.663
129,2023-07-07 14:30:00,13178.0,13456.5
130,2023-07-07 14:45:00,12350.0,13038.21
131,2023-07-07 15:00:00,11540.0,12559.395
132,2023-07-07 15:15:00,10674.0,11995.209
133,2023-07-07 15:30:00,9708.0,11354.864
134,2023-07-07 15:45:00,8630.0,10507.305
135,2023-07-07 16:00:00,7575.0,9375.874
136,2023-07-07 16:15:00,6503.999999999999,7997.5454
137,2023-07-07 16:30:00,5477.0,6418.2476
138,2023-07-07 16:45:00,4458.0,4858.313
139,2023-07-07 17:00:00,3485.0,3498.933
140,2023-07-07 17:15:00,2546.0,2449.179
141,2023-07-07 17:30:00,1773.9999999999998,1696.2672
142,2023-07-07 17:45:00,1052.0,1164.1704
143,2023-07-07 18:00:00,548.0,802.1299
144,2023-07-07 18:15:00,0.0,558.445
145,2023-07-07 18:30:00,0.0,403.03915
146,2023-07-07 18:45:00,0.0,309.66577
147,2023-07-07 19:00:00,1418.0,262.9836
148,2023-07-07 19:15:00,1066.0,246.11462
149,2023-07-07 19:30:00,1006.0000000000001,272.0172
150,2023-07-07 19:45:00,1144.0,319.50058
151,2023-07-08 06:00:00,1228.0,387.38934
152,2023-07-08 06:15:00,1481.0,895.86005
153,2023-07-08 06:30:00,2836.0,1052.921
154,2023-07-08 06:45:00,3288.0,1285.8733
155,2023-07-08 07:00:00,3298.9999999999995,1562.2595
156,2023-07-08 07:15:00,3674.0,2030.9315
157,2023-07-08 07:30:00,4756.0,3000.1116
158,2023-07-08 07:45:00,5920.000000000001,4860.209
159,2023-07-08 08:00:00,7372.999999999999,7655.7676
160,2023-07-08 08:15:00,10234.0,10933.37
161,2023-07-08 08:30:00,12437.0,13433.456
162,2023-07-08 08:45:00,13201.0,14041.281
163,2023-07-08 09:00:00,13719.0,14751.687
164,2023-07-08 09:15:00,14643.999999999998,15413.016
165,2023-07-08 09:30:00,15398.0,15936.542
166,2023-07-08 09:45:00,15992.0,16337.381
167,2023-07-08 10:00:00,16571.0,16515.197
168,2023-07-08 10:15:00,17098.0,16443.85
169,2023-07-08 10:30:00,17466.0,16312.519
170,2023-07-08 10:45:00,17724.0,16118.06
171,2023-07-08 11:00:00,17686.0,15905.339
172,2023-07-08 11:15:00,17748.0,15686.076
173,2023-07-08 11:30:00,17684.0,15483.255
174,2023-07-08 11:45:00,17561.0,15266.955
175,2023-07-08 12:00:00,17402.0,15082.009
176,2023-07-08 12:15:00,17035.0,14915.542
177,2023-07-08 12:30:00,16778.0,14695.895
178,2023-07-08 12:45:00,16488.0,14374.865
179,2023-07-08 13:00:00,16055.0,13999.881
180,2023-07-08 13:15:00,15449.0,13517.855
181,2023-07-08 13:30:00,15022.999999999998,13044.516
182,2023-07-08 13:45:00,14454.0,12522.6455
183,2023-07-08 14:00:00,13755.0,11912.523
184,2023-07-08 14:15:00,13201.0,11226.039
185,2023-07-08 14:30:00,12382.0,10480.841
186,2023-07-08 14:45:00,11686.999999999998,9918.357
187,2023-07-08 15:00:00,10784.0,9225.148
188,2023-07-08 15:15:00,7185.0,8393.768
189,2023-07-08 15:30:00,6172.999999999999,7614.53
190,2023-07-08 15:45:00,7029.0,6709.8755
191,2023-07-08 16:00:00,5045.0,5572.5884
192,2023-07-08 16:15:00,4123.0,4565.715
193,2023-07-08 16:30:00,1826.0,3291.6724
194,2023-07-08 16:45:00,1864.0000000000002,2193.0544
195,2023-07-08 17:00:00,1806.0,1463.3123
196,2023-07-08 17:15:00,1671.0000000000002,955.657
197,2023-07-08 17:30:00,1648.0,534.6962
198,2023-07-08 17:45:00,938.0,303.31696
199,2023-07-08 18:00:00,0.0,157.84755
200,2023-07-08 18:15:00,0.0,104.42871
201,2023-07-08 18:30:00,0.0,93.11838
202,2023-07-08 18:45:00,0.0,111.160774
203,2023-07-08 19:00:00,1274.0,131.99985
204,2023-07-08 19:15:00,1312.0,296.33353
205,2023-07-08 19:30:00,1445.0000000000002,395.06277
206,2023-07-08 19:45:00,1604.0,477.5562
207,2023-07-09 06:00:00,2088.0,567.41187
208,2023-07-09 06:15:00,2292.0,1163.8835
209,2023-07-09 06:30:00,2488.0,1311.6127
210,2023-07-09 06:45:00,2662.0,1775.7362
211,2023-07-09 07:00:00,3152.0,2569.8003
212,2023-07-09 07:15:00,3806.0000000000005,3709.3496
213,2023-07-09 07:30:00,5059.0,5036.9614
214,2023-07-09 07:45:00,6148.0,6475.1304
215,2023-07-09 08:00:00,7578.0,7922.0293
216,2023-07-09 08:15:00,9964.0,9501.783
217,2023-07-09 08:30:00,11485.0,11132.85
218,2023-07-09 08:45:00,12285.0,12024.113
219,2023-07-09 09:00:00,12854.0,12899.219
220,2023-07-09 09:15:00,13456.999999999998,13726.044
221,2023-07-09 09:30:00,14057.0,14473.106
222,2023-07-09 09:45:00,14706.0,15074.89
223,2023-07-09 10:00:00,15243.000000000002,15586.634
224,2023-07-09 10:15:00,15621.0,16032.888
225,2023-07-09 10:30:00,16217.000000000002,16396.271
226,2023-07-09 10:45:00,16670.0,16617.645
227,2023-07-09 11:00:00,16766.0,16652.34
228,2023-07-09 11:15:00,16440.0,16561.121
229,2023-07-09 11:30:00,15341.0,16327.141
230,2023-07-09 11:45:00,15773.0,15978.215
231,2023-07-09 12:00:00,11576.000000000002,15487.91
232,2023-07-09 12:15:00,9263.0,14794.439
233,2023-07-09 12:30:00,10481.0,13758.31
234,2023-07-09 12:45:00,9274.0,12291.369
235,2023-07-09 13:00:00,7742.0,10588.06
236,2023-07-09 13:15:00,7334.0,8609.135
237,2023-07-09 13:30:00,6596.0,7122.7485
238,2023-07-09 13:45:00,4277.0,6061.7573
239,2023-07-09 14:00:00,1694.0,5009.3643
240,2023-07-09 14:15:00,0.0,4161.913
241,2023-07-09 14:30:00,0.0,3782.351
242,2023-07-09 14:45:00,0.0,3564.9995
243,2023-07-09 15:00:00,0.0,3101.8252
244,2023-07-09 15:15:00,0.0,2355.415
245,2023-07-09 15:30:00,0.0,2044.3169
246,2023-07-09 15:45:00,0.0,1705.2657
247,2023-07-09 16:00:00,0.0,1335.6554
248,2023-07-09 16:15:00,0.0,1031.9075
249,2023-07-09 16:30:00,0.0,873.8795
250,2023-07-09 16:45:00,0.0,864.674
251,2023-07-09 17:00:00,0.0,948.9257
252,2023-07-09 17:15:00,1105.0,1075.4283
253,2023-07-09 17:30:00,1902.0,1206.4634
254,2023-07-09 17:45:00,1275.0,1351.275
255,2023-07-09 18:00:00,531.0,1353.6913
256,2023-07-09 18:15:00,0.0,1322.5344
257,2023-07-09 18:30:00,0.0,1248.2885
258,2023-07-09 18:45:00,0.0,1090.5016
259,2023-07-09 19:00:00,1851.0,834.9134
260,2023-07-09 19:15:00,2037.0,628.1194
261,2023-07-09 19:30:00,2733.0,560.948
262,2023-07-09 19:45:00,3014.0,575.5789
263,2023-07-10 06:00:00,2885.0,623.2914
264,2023-07-10 06:15:00,2305.0,1294.7484
265,2023-07-10 06:30:00,2498.0,1496.0991
266,2023-07-10 06:45:00,3274.0,1852.8347
267,2023-07-10 07:00:00,2238.0,2722.0269
268,2023-07-10 07:15:00,2477.0,4123.705
269,2023-07-10 07:30:00,4009.0,5662.8804
270,2023-07-10 07:45:00,5734.0,7274.049
271,2023-07-10 08:00:00,7504.0,9112.313
272,2023-07-10 08:15:00,10750.0,10948.314
273,2023-07-10 08:30:00,13264.0,12458.929
274,2023-07-10 08:45:00,13798.000000000002,13198.4375
275,2023-07-10 09:00:00,14671.0,14020.455
276,2023-07-10 09:15:00,14619.000000000002,14692.168
277,2023-07-10 09:30:00,15458.0,15350.684
278,2023-07-10 09:45:00,16667.0,15867.7705
279,2023-07-10 10:00:00,17010.0,16112.417
280,2023-07-10 10:15:00,18547.0,16221.321
281,2023-07-10 10:30:00,20223.0,16341.84
282,2023-07-10 10:45:00,17490.0,16415.82
283,2023-07-10 11:00:00,10377.0,16225.675
284,2023-07-10 11:15:00,12567.0,15702.896
285,2023-07-10 11:30:00,13137.0,15000.261
286,2023-07-10 11:45:00,9161.0,13969.641
287,2023-07-10 12:00:00,15197.999999999998,12794.873
288,2023-07-10 12:15:00,4155.0,11851.203
289,2023-07-10 12:30:00,10357.0,11971.251
290,2023-07-10 12:45:00,14438.0,12014.718
291,2023-07-10 13:00:00,9674.0,10897.796
292,2023-07-10 13:15:00,6439.000000000001,10538.92
293,2023-07-10 13:30:00,9207.0,10433.464
294,2023-07-10 13:45:00,11505.0,11221.917
295,2023-07-10 14:00:00,3699.9999999999995,10183.223
296,2023-07-10 14:15:00,14925.0,8825.084
297,2023-07-10 14:30:00,6234.0,8964.195
298,2023-07-10 14:45:00,11379.0,9387.647
299,2023-07-10 15:00:00,11031.0,9516.036
300,2023-07-10 15:15:00,6116.0,8280.716
301,2023-07-10 15:30:00,3867.9999999999995,7064.897
302,2023-07-10 15:45:00,5235.0,5942.945
303,2023-07-10 16:00:00,7028.0,5849.534
304,2023-07-10 16:15:00,6567.0,4345.322
305,2023-07-10 16:30:00,5390.0,2930.9512
306,2023-07-10 16:45:00,4185.0,2122.181
307,2023-07-10 17:00:00,3383.0,1203.3114
308,2023-07-10 17:15:00,2524.0,574.58746
309,2023-07-10 17:30:00,2116.0,402.77936
310,2023-07-10 17:45:00,1347.0,267.74634
311,2023-07-10 18:00:00,0.0,219.84201
312,2023-07-10 18:15:00,0.0,152.4755
313,2023-07-10 18:30:00,0.0,96.986824
314,2023-07-10 18:45:00,0.0,46.31988
315,2023-07-10 19:00:00,607.0,14.0144615
316,2023-07-10 19:15:00,611.0,137.38959
317,2023-07-10 19:30:00,617.0,253.38612
318,2023-07-10 19:45:00,675.0,354.4197
319,2023-07-11 06:00:00,743.0000000000001,478.21115
320,2023-07-11 06:15:00,835.0,1169.092
321,2023-07-11 06:30:00,973.0,1378.1489
322,2023-07-11 06:45:00,1158.0,1684.422
323,2023-07-11 07:00:00,1545.9999999999998,2167.9727
324,2023-07-11 07:15:00,2095.0,2924.6936
325,2023-07-11 07:30:00,3546.0,4191.424
326,2023-07-11 07:45:00,5412.0,5934.351
327,2023-07-11 08:00:00,7514.0,7987.8247
328,2023-07-11 08:15:00,10644.0,10062.548
329,2023-07-11 08:30:00,12961.0,12001.514
330,2023-07-11 08:45:00,13787.999999999998,12905.637
331,2023-07-11 09:00:00,14624.0,13631.578
332,2023-07-11 09:15:00,12896.0,14124.953
333,2023-07-11 09:30:00,13044.0,14459.141
334,2023-07-11 09:45:00,11960.0,14563.258
335,2023-07-11 10:00:00,9425.0,14518.253
336,2023-07-11 10:15:00,13380.0,14333.2295
337,2023-07-11 10:30:00,15097.0,13910.003
338,2023-07-11 10:45:00,15672.0,13233.695
339,2023-07-11 11:00:00,14386.0,12432.69
340,2023-07-11 11:15:00,15550.0,11377.869
341,2023-07-11 11:30:00,14580.0,11257.418
342,2023-07-11 11:45:00,14653.0,10809.772
343,2023-07-11 12:00:00,11514.999999999998,10402.83
344,2023-07-11 12:15:00,13942.0,9779.468
345,2023-07-11 12:30:00,15550.0,10436.953
346,2023-07-11 12:45:00,15765.000000000002,11149.104
347,2023-07-11 13:00:00,15439.0,12113.624
348,2023-07-11 13:15:00,9749.0,12251.955
349,2023-07-11 13:30:00,12033.999999999998,12329.219
350,2023-07-11 13:45:00,10094.0,11098.877
351,2023-07-11 14:00:00,6955.999999999999,9803.232
352,2023-07-11 14:15:00,6760.0,8363.361
353,2023-07-11 14:30:00,9521.0,7276.4985
354,2023-07-11 14:45:00,7254.0,7450.352
355,2023-07-11 15:00:00,9132.0,6886.195
356,2023-07-11 15:15:00,9318.0,6075.147
357,2023-07-11 15:30:00,4356.0,5181.391
358,2023-07-11 15:45:00,5052.0,4279.758
359,2023-07-11 16:00:00,4250.0,3009.3306
360,2023-07-11 16:15:00,3271.0,2196.592
361,2023-07-11 16:30:00,2160.0,1416.3602
362,2023-07-11 16:45:00,2450.0,814.64734
363,2023-07-11 17:00:00,1584.0,669.11395
364,2023-07-11 17:15:00,813.9999999999999,489.14038
365,2023-07-11 17:30:00,1567.0,339.7622
366,2023-07-11 17:45:00,865.0,180.67712
367,2023-07-11 18:00:00,0.0,67.276955
368,2023-07-11 18:15:00,0.0,-8.770814
369,2023-07-11 18:30:00,0.0,-24.096684
370,2023-07-11 18:45:00,0.0,-22.94096
371,2023-07-11 19:00:00,1922.0,-3.18506
372,2023-07-11 19:15:00,2208.0,205.28117
373,2023-07-11 19:30:00,1283.0,386.5921
374,2023-07-11 19:45:00,2257.0,573.3101
375,2023-07-12 06:00:00,3150.0,788.083
376,2023-07-12 06:15:00,3492.0,2100.3264
377,2023-07-12 06:30:00,2679.0,2834.5674
378,2023-07-12 06:45:00,3483.0,3111.7397
379,2023-07-12 07:00:00,5513.0,3315.8193
380,2023-07-12 07:15:00,3562.0,3528.2617
381,2023-07-12 07:30:00,4015.9999999999995,4013.1057
382,2023-07-12 07:45:00,7297.0,4652.4316
383,2023-07-12 08:00:00,8103.0,5764.846
384,2023-07-12 08:15:00,12152.000000000002,7654.9644
385,2023-07-12 08:30:00,8146.0,9948.68
386,2023-07-12 08:45:00,10331.0,11929.054
387,2023-07-12 09:00:00,8187.999999999999,13180.654
388,2023-07-12 09:15:00,11734.0,13547.702
389,2023-07-12 09:30:00,12235.000000000002,13017.735
390,2023-07-12 09:45:00,7934.0,10819.889
391,2023-07-12 10:00:00,17364.0,9173.026
392,2023-07-12 10:15:00,18665.0,8734.609
393,2023-07-12 10:30:00,17675.0,12735.463
394,2023-07-12 10:45:00,18070.0,16015.863
395,2023-07-12 11:00:00,9655.0,16639.834
396,2023-07-12 11:15:00,18147.0,16596.4
397,2023-07-12 11:30:00,13918.0,15836.739
398,2023-07-12 11:45:00,18784.0,15050.029
399,2023-07-12 12:00:00,14798.0,13973.244
400,2023-07-12 12:15:00,17009.0,13392.296
401,2023-07-12 12:30:00,10039.0,14267.323
402,2023-07-12 12:45:00,16420.0,13907.673
403,2023-07-12 13:00:00,9868.0,14171.111
404,2023-07-12 13:15:00,13467.000000000002,13149.577
405,2023-07-12 13:30:00,5555.0,12725.971
406,2023-07-12 13:45:00,12998.0,12349.329
407,2023-07-12 14:00:00,14939.999999999998,10976.215
408,2023-07-12 14:15:00,7974.0,8850.119
409,2023-07-12 14:30:00,5916.0,8898.137
410,2023-07-12 14:45:00,7815.0,9320.756
411,2023-07-12 15:00:00,6293.999999999999,9355.166
412,2023-07-12 15:15:00,2865.9999999999995,7719.497
413,2023-07-12 15:30:00,3888.0000000000005,6466.035
414,2023-07-12 15:45:00,3129.0,6224.994
415,2023-07-12 16:00:00,2129.0,4930.5347
416,2023-07-12 16:15:00,4151.0,2974.816
417,2023-07-12 16:30:00,4834.0,2029.855
418,2023-07-12 16:45:00,3383.0,1374.1235
419,2023-07-12 17:00:00,2267.0,935.0939
420,2023-07-12 17:15:00,2137.0,523.0051
421,2023-07-12 17:30:00,1582.0,348.99725
422,2023-07-12 17:45:00,1324.0,261.88705
423,2023-07-12 18:00:00,996.0,258.36963
424,2023-07-12 18:15:00,0.0,220.07802
425,2023-07-12 18:30:00,0.0,193.557
426,2023-07-12 18:45:00,0.0,153.3562
427,2023-07-12 19:00:00,746.0,128.61316
428,2023-07-12 19:15:00,955.0,113.141846
429,2023-07-12 19:30:00,1521.0000000000002,218.65092
430,2023-07-12 19:45:00,2019.0,304.61795
431,2023-07-13 06:00:00,2565.0,397.9745
432,2023-07-13 06:15:00,2949.0,1023.1597
433,2023-07-13 06:30:00,3732.0000000000005,1269.8002
434,2023-07-13 06:45:00,4873.0,1819.8007
435,2023-07-13 07:00:00,4281.0,2590.3538
436,2023-07-13 07:15:00,3646.0000000000005,3818.9731
437,2023-07-13 07:30:00,5187.0,5402.7266
438,2023-07-13 07:45:00,7886.999999999999,7294.7915
439,2023-07-13 08:00:00,6310.000000000001,8608.089
440,2023-07-13 08:15:00,6058.0,9873.938
441,2023-07-13 08:30:00,11265.0,10726.315
442,2023-07-13 08:45:00,7886.999999999999,11176.833
443,2023-07-13 09:00:00,10570.0,11454.208
444,2023-07-13 09:15:00,9962.0,11840.656
445,2023-07-13 09:30:00,14655.0,12308.688
446,2023-07-13 09:45:00,14860.0,12777.895
447,2023-07-13 10:00:00,6412.0,12961.536
448,2023-07-13 10:15:00,4239.0,13252.948
449,2023-07-13 10:30:00,10887.0,12718.461
450,2023-07-13 10:45:00,20339.0,12947.7705
451,2023-07-13 11:00:00,12248.0,12632.941
452,2023-07-13 11:15:00,1555.0,11900.203
453,2023-07-13 11:30:00,9514.0,11418.476
454,2023-07-13 11:45:00,10977.0,11466.978
455,2023-07-13 12:00:00,13598.0,11004.46
456,2023-07-13 12:15:00,8841.0,9328.33
457,2023-07-13 12:30:00,15832.000000000002,9197.257
458,2023-07-13 12:45:00,3563.0,11049.797
459,2023-07-13 13:00:00,1438.9999999999998,11214.345
460,2023-07-13 13:15:00,3084.0,9901.476
461,2023-07-13 13:30:00,11744.0,8365.061
462,2023-07-13 13:45:00,15597.0,8386.984
463,2023-07-13 14:00:00,14575.0,8592.185
464,2023-07-13 14:15:00,14109.0,9365.407
465,2023-07-13 14:30:00,3557.0,8339.31
466,2023-07-13 14:45:00,4914.0,7253.199
467,2023-07-13 15:00:00,12687.000000000002,6084.792
468,2023-07-13 15:15:00,8639.0,5156.407
469,2023-07-13 15:30:00,5271.0,4184.618
470,2023-07-13 15:45:00,1995.0,3448.5632
471,2023-07-13 16:00:00,3315.0000000000005,3329.6572
472,2023-07-13 16:15:00,2232.0,2875.275
473,2023-07-13 16:30:00,1498.0,2056.5767
474,2023-07-13 16:45:00,1606.0,1456.7711
475,2023-07-13 17:00:00,1687.0,1112.5673
476,2023-07-13 17:15:00,1240.0,687.95605
477,2023-07-13 17:30:00,1638.0000000000002,315.89856
478,2023-07-13 17:45:00,1197.0,198.98857
479,2023-07-13 18:00:00,732.0,80.297485
480,2023-07-13 18:15:00,0.0,52.509857
481,2023-07-13 18:30:00,0.0,46.401855
482,2023-07-13 18:45:00,0.0,60.14792
483,2023-07-13 19:00:00,995.0,85.518326
484,2023-07-13 19:15:00,1247.0,119.05483
485,2023-07-13 19:30:00,1148.0,239.04758
486,2023-07-13 19:45:00,1377.0,367.1859
487,2023-07-14 06:00:00,2272.0,477.29492
488,2023-07-14 06:15:00,3964.0,1365.1742
489,2023-07-14 06:30:00,4253.0,1820.2766
490,2023-07-14 06:45:00,5069.0,2455.5393
491,2023-07-14 07:00:00,5229.0,3169.2388
492,2023-07-14 07:15:00,4837.0,4084.9187
493,2023-07-14 07:30:00,5376.0,5263.995
494,2023-07-14 07:45:00,5297.0,6386.75
495,2023-07-14 08:00:00,5235.0,7560.5356
496,2023-07-14 08:15:00,7301.0,8470.004
497,2023-07-14 08:30:00,10286.0,9644.787
498,2023-07-14 08:45:00,10149.0,10364.205
499,2023-07-14 09:00:00,10323.0,10905.467
500,2023-07-14 09:15:00,9635.0,10836.258
501,2023-07-14 09:30:00,10091.0,10619.238
502,2023-07-14 09:45:00,7281.000000000001,10435.905
503,2023-07-14 10:00:00,9125.0,10262.303
504,2023-07-14 10:15:00,11288.0,10684.74
505,2023-07-14 10:30:00,8519.0,9841.98
506,2023-07-14 10:45:00,9500.0,9605.841
507,2023-07-14 11:00:00,8203.0,9690.095
508,2023-07-14 11:15:00,6210.0,9489.312
509,2023-07-14 11:30:00,8774.0,9171.156
510,2023-07-14 11:45:00,7616.0,8156.547
511,2023-07-14 12:00:00,12335.0,8210.758
512,2023-07-14 12:15:00,4557.0,8904.426
513,2023-07-14 12:30:00,9464.0,9390.533
514,2023-07-14 12:45:00,12379.0,9717.276
515,2023-07-14 13:00:00,14892.0,9575.8955
516,2023-07-14 13:15:00,12434.999999999998,10269.966
517,2023-07-14 13:30:00,10507.0,10307.005
518,2023-07-14 13:45:00,10272.0,10902.564
519,2023-07-14 14:00:00,13725.0,10246.144
520,2023-07-14 14:15:00,12536.999999999998,9271.954
521,2023-07-14 14:30:00,8010.0,8185.021
522,2023-07-14 14:45:00,8049.0,7378.2607
523,2023-07-14 15:00:00,3990.0,6851.89
524,2023-07-14 15:15:00,3976.9999999999995,6238.9746
525,2023-07-14 15:30:00,4491.0,5114.799
526,2023-07-14 15:45:00,2260.0,3893.3203
527,2023-07-14 16:00:00,1612.0,3380.7153
528,2023-07-14 16:15:00,1028.0,2522.8303
529,2023-07-14 16:30:00,1370.0,1695.342
530,2023-07-14 16:45:00,1104.0,1027.4326
531,2023-07-14 17:00:00,738.9999999999999,543.612
532,2023-07-14 17:15:00,0.0,283.9511
533,2023-07-14 17:30:00,0.0,115.99323
534,2023-07-14 17:45:00,0.0,41.517998
535,2023-07-14 18:00:00,0.0,13.592365
536,2023-07-14 18:15:00,0.0,-6.0210724
537,2023-07-14 18:30:00,0.0,106.96724
538,2023-07-14 18:45:00,0.0,201.84012
539,2023-07-14 19:00:00,719.0,282.14966
540,2023-07-14 19:15:00,825.0,390.0862
541,2023-07-14 19:30:00,975.0,510.49164
542,2023-07-14 19:45:00,1336.0,631.89575
543,2023-07-15 06:00:00,1217.0,747.4317
544,2023-07-15 06:15:00,937.0,1628.8433
545,2023-07-15 06:30:00,1132.0,1988.9607
546,2023-07-15 06:45:00,2746.0,2648.4668
547,2023-07-15 07:00:00,2936.0,3353.5544
548,2023-07-15 07:15:00,4772.0,4235.3574
549,2023-07-15 07:30:00,5434.0,5344.819
550,2023-07-15 07:45:00,7033.999999999999,6497.997
551,2023-07-15 08:00:00,6650.0,7349.2505
552,2023-07-15 08:15:00,8964.0,8031.3564
553,2023-07-15 08:30:00,11108.000000000002,8414.68
554,2023-07-15 08:45:00,7141.0,8427.383
555,2023-07-15 09:00:00,5447.0,8114.746
556,2023-07-15 09:15:00,5591.0,7878.0405
557,2023-07-15 09:30:00,3686.0,7523.7397
558,2023-07-15 09:45:00,7343.000000000001,7145.863
559,2023-07-15 10:00:00,7610.0,6906.056
560,2023-07-15 10:15:00,8670.0,7168.511
561,2023-07-15 10:30:00,14430.999999999998,7482.2847
562,2023-07-15 10:45:00,7797.0,7882.6636
563,2023-07-15 11:00:00,8298.0,8644.135
564,2023-07-15 11:15:00,13316.0,8639.577
565,2023-07-15 11:30:00,5812.0,8828.673
566,2023-07-15 11:45:00,6398.999999999999,9248.027
567,2023-07-15 12:00:00,17516.0,8886.838
568,2023-07-15 12:15:00,9369.0,9885.085
569,2023-07-15 12:30:00,5708.0,10565.278
570,2023-07-15 12:45:00,10182.0,9962.471
571,2023-07-15 13:00:00,14616.000000000002,9830.137
572,2023-07-15 13:15:00,8090.0,9441.611
573,2023-07-15 13:30:00,6144.0,7757.6255
574,2023-07-15 13:45:00,6510.0,7549.8716
575,2023-07-15 14:00:00,9205.0,7011.8315
576,2023-07-15 14:15:00,9905.0,6540.7095
577,2023-07-15 14:30:00,5206.0,5808.97
578,2023-07-15 14:45:00,4773.0,5435.441
579,2023-07-15 15:00:00,7651.0,5158.71
580,2023-07-15 15:15:00,11081.0,5908.0137
581,2023-07-15 15:30:00,9671.0,5799.7944
582,2023-07-15 15:45:00,8438.0,4770.428
583,2023-07-15 16:00:00,6650.0,4161.2417
584,2023-07-15 16:15:00,5506.0,3693.7024
585,2023-07-15 16:30:00,1486.0000000000002,2914.3894
586,2023-07-15 16:45:00,0.0,1863.5098
587,2023-07-15 17:00:00,1929.9999999999998,1069.3575
588,2023-07-15 17:15:00,983.0,476.3957
589,2023-07-15 17:30:00,689.0,95.79375
590,2023-07-15 17:45:00,0.0,-78.24105
591,2023-07-15 18:00:00,0.0,-5.430897
592,2023-07-15 18:15:00,0.0,-39.209026
593,2023-07-15 18:30:00,0.0,-47.325047
594,2023-07-15 18:45:00,0.0,-20.319632
595,2023-07-15 19:00:00,559.0,163.46024
596,2023-07-15 19:15:00,606.0,305.97498
597,2023-07-15 19:30:00,683.0,420.3823
598,2023-07-15 19:45:00,776.9999999999999,559.12213
599,2023-07-16 06:00:00,880.0,700.8692
600,2023-07-16 06:15:00,1087.0,1675.3776
601,2023-07-16 06:30:00,2216.0,1812.4012
602,2023-07-16 06:45:00,2338.0,2136.7158
603,2023-07-16 07:00:00,2360.0,2628.0784
604,2023-07-16 07:15:00,2671.0,3499.4758
605,2023-07-16 07:30:00,4531.0,4667.7275
606,2023-07-16 07:45:00,7254.0,6068.578
607,2023-07-16 08:00:00,8462.0,7745.099
608,2023-07-16 08:15:00,7670.0,9099.494
609,2023-07-16 08:30:00,9175.0,10221.377
610,2023-07-16 08:45:00,5897.0,10764.326
611,2023-07-16 09:00:00,6062.0,11015.209
612,2023-07-16 09:15:00,15367.000000000002,11239.632
613,2023-07-16 09:30:00,7469.0,10999.585
614,2023-07-16 09:45:00,4875.0,10818.854
615,2023-07-16 10:00:00,6209.0,10668.173
616,2023-07-16 10:15:00,9556.0,10822.459
617,2023-07-16 10:30:00,13526.0,11205.397
618,2023-07-16 10:45:00,8112.0,10088.185
619,2023-07-16 11:00:00,8548.0,9947.029
620,2023-07-16 11:15:00,8959.0,9480.43
621,2023-07-16 11:30:00,6920.999999999999,9292.168
622,2023-07-16 11:45:00,5873.0,8350.654
623,2023-07-16 12:00:00,5219.0,7181.1636
624,2023-07-16 12:15:00,4472.0,7585.9863
625,2023-07-16 12:30:00,7781.0,8266.53
626,2023-07-16 12:45:00,8345.0,8437.039
627,2023-07-16 13:00:00,11028.0,8806.014
628,2023-07-16 13:15:00,11473.0,9022.632
629,2023-07-16 13:30:00,13229.0,9236.716
630,2023-07-16 13:45:00,14223.0,9539.4795
631,2023-07-16 14:00:00,6817.0,8918.624
632,2023-07-16 14:15:00,8517.0,8872.125
633,2023-07-16 14:30:00,9175.0,7678.627
634,2023-07-16 14:45:00,7851.999999999999,7071.2583
635,2023-07-16 15:00:00,5378.0,6207.51
636,2023-07-16 15:15:00,6573.999999999999,5127.9976
637,2023-07-16 15:30:00,5757.0,4820.4824
638,2023-07-16 15:45:00,2544.0,4073.3726
639,2023-07-16 16:00:00,1419.0,2977.0515
640,2023-07-16 16:15:00,1456.0,1892.0725
641,2023-07-16 16:30:00,3106.0,1279.1464
642,2023-07-16 16:45:00,2281.0,866.31464
643,2023-07-16 17:00:00,1459.0,614.999
644,2023-07-16 17:15:00,1463.0,344.36575
645,2023-07-16 17:30:00,1101.0,199.32704
646,2023-07-16 17:45:00,0.0,148.71117
647,2023-07-16 18:00:00,0.0,150.40417
648,2023-07-16 18:15:00,0.0,141.36992
649,2023-07-16 18:30:00,0.0,109.89316
650,2023-07-16 18:45:00,0.0,78.80792
651,2023-07-16 19:00:00,644.0,157.33522
652,2023-07-16 19:15:00,734.0,236.23436
653,2023-07-16 19:30:00,857.0000000000001,311.72287
654,2023-07-16 19:45:00,1167.0,413.39804
655,2023-07-17 06:00:00,1438.9999999999998,536.6748
656,2023-07-17 06:15:00,2180.0,1433.4862
657,2023-07-17 06:30:00,2066.0,1806.235
658,2023-07-17 06:45:00,2914.0,2245.4568
659,2023-07-17 07:00:00,3871.0,2851.8872
660,2023-07-17 07:15:00,5955.000000000001,3780.4146
661,2023-07-17 07:30:00,5424.0,4818.2153
662,2023-07-17 07:45:00,5379.0,6143.1914
663,2023-07-17 08:00:00,4914.0,7497.348
664,2023-07-17 08:15:00,6395.0,9076.858
665,2023-07-17 08:30:00,9556.0,10674.037
666,2023-07-17 08:45:00,14022.0,11178.41
667,2023-07-17 09:00:00,15570.0,11616.771
668,2023-07-17 09:15:00,15770.0,11986.895
669,2023-07-17 09:30:00,16932.0,12324.395
670,2023-07-17 09:45:00,9374.0,12851.016
671,2023-07-17 10:00:00,12837.0,12840.871
672,2023-07-17 10:15:00,11942.000000000002,12503.747
673,2023-07-17 10:30:00,11330.0,12450.266
674,2023-07-17 10:45:00,4240.0,12164.847
675,2023-07-17 11:00:00,0.0,12029.548
676,2023-07-17 11:15:00,1359.0,12533.971
677,2023-07-17 11:30:00,5593.0,11971.266
678,2023-07-17 11:45:00,18125.0,11562.779
679,2023-07-17 12:00:00,17388.0,9183.957
680,2023-07-17 12:15:00,15586.0,8947.826
681,2023-07-17 12:30:00,8846.0,8542.184
682,2023-07-17 12:45:00,3827.0,6844.137
683,2023-07-17 13:00:00,10241.0,6441.946
684,2023-07-17 13:15:00,3246.0,5116.132
685,2023-07-17 13:30:00,0.0,4768.634
686,2023-07-17 13:45:00,0.0,5166.252
687,2023-07-17 14:00:00,1215.0,5932.0273
688,2023-07-17 14:15:00,1638.0000000000002,6668.648
689,2023-07-17 14:30:00,1570.0,5924.933
690,2023-07-17 14:45:00,2217.0,5618.89
691,2023-07-17 15:00:00,3146.0,4932.696
692,2023-07-17 15:15:00,3898.0,3745.817
693,2023-07-17 15:30:00,3236.0,1827.6411
694,2023-07-17 15:45:00,4679.0,763.2704
695,2023-07-17 16:00:00,6528.000000000001,581.5334
696,2023-07-17 16:15:00,6914.0,686.4675
697,2023-07-17 16:30:00,5209.0,861.01825
698,2023-07-17 16:45:00,4177.0,1040.418
699,2023-07-17 17:00:00,3313.0,1115.2476
700,2023-07-17 17:15:00,2468.0,1054.5114
701,2023-07-17 17:30:00,1609.0,989.66986
702,2023-07-17 17:45:00,936.0,868.7461
703,2023-07-17 18:00:00,508.0,706.0095
704,2023-07-17 18:15:00,0.0,509.22766
705,2023-07-17 18:30:00,0.0,340.41022
706,2023-07-17 18:45:00,0.0,215.05302
707,2023-07-17 19:00:00,663.0,119.11863
708,2023-07-17 19:15:00,736.9999999999999,69.73417
709,2023-07-17 19:30:00,816.0000000000001,119.12078
710,2023-07-17 19:45:00,889.9999999999999,176.18991
711,2023-07-18 06:00:00,1173.0,223.41496
712,2023-07-18 06:15:00,1221.0,636.13885
713,2023-07-18 06:30:00,1216.0,736.8933
714,2023-07-18 06:45:00,1424.0,1097.3654
715,2023-07-18 07:00:00,1810.9999999999998,1696.3555
716,2023-07-18 07:15:00,2250.0,2790.661
717,2023-07-18 07:30:00,3532.0,4584.2466
718,2023-07-18 07:45:00,5591.0,7049.1255
719,2023-07-18 08:00:00,7979.0,9126.823
720,2023-07-18 08:15:00,10764.0,10614.694
721,2023-07-18 08:30:00,12796.0,12122.009
722,2023-07-18 08:45:00,12407.0,12770.707
723,2023-07-18 09:00:00,12872.0,13427.399
724,2023-07-18 09:15:00,13225.000000000002,14075.082
725,2023-07-18 09:30:00,15842.0,14631.631
726,2023-07-18 09:45:00,16840.0,15053.727
727,2023-07-18 10:00:00,18193.0,15180.211
728,2023-07-18 10:15:00,17910.0,15138.639
729,2023-07-18 10:30:00,17521.0,15084.671
730,2023-07-18 10:45:00,18510.0,15215.084
731,2023-07-18 11:00:00,19172.0,15134.372
732,2023-07-18 11:15:00,12127.0,15211.168
733,2023-07-18 11:30:00,19411.0,15175.881
734,2023-07-18 11:45:00,18963.0,15302.79
735,2023-07-18 12:00:00,18812.0,15437.483
736,2023-07-18 12:15:00,18527.0,15525.402
737,2023-07-18 12:30:00,6766.0,15124.068
738,2023-07-18 12:45:00,13984.0,15362.482
739,2023-07-18 13:00:00,17451.0,14684.901
740,2023-07-18 13:15:00,16893.0,14279.601
741,2023-07-18 13:30:00,16023.000000000002,13338.788
742,2023-07-18 13:45:00,15228.0,12579.21
743,2023-07-18 14:00:00,14568.000000000002,12741.984
744,2023-07-18 14:15:00,13739.0,11821.25
745,2023-07-18 14:30:00,12943.0,10765.666
746,2023-07-18 14:45:00,11265.0,9510.409
747,2023-07-18 15:00:00,7814.000000000001,8552.995
748,2023-07-18 15:15:00,8802.0,7900.1357
749,2023-07-18 15:30:00,4911.0,7181.9106
750,2023-07-18 15:45:00,6616.999999999999,6355.9033
751,2023-07-18 16:00:00,7095.999999999999,5419.938
752,2023-07-18 16:15:00,5962.0,4172.8306
753,2023-07-18 16:30:00,4009.0,3090.7502
754,2023-07-18 16:45:00,2707.0,1954.211
755,2023-07-18 17:00:00,1325.0,1222.0632
756,2023-07-18 17:15:00,1385.0,818.0641
757,2023-07-18 17:30:00,1022.0,492.70078
758,2023-07-18 17:45:00,0.0,272.024
759,2023-07-18 18:00:00,0.0,104.03207
760,2023-07-18 18:15:00,0.0,8.267075
761,2023-07-18 18:30:00,0.0,-43.45412
762,2023-07-18 18:45:00,0.0,-51.011696
763,2023-07-18 19:00:00,827.0,86.09049
764,2023-07-18 19:15:00,2186.0,192.12859
765,2023-07-18 19:30:00,1949.0,289.69748
766,2023-07-18 19:45:00,2381.0,434.98196
767,2023-07-19 06:00:00,2346.0,592.378
768,2023-07-19 06:15:00,1892.0,1513.6492
769,2023-07-19 06:30:00,3242.0,1992.758
770,2023-07-19 06:45:00,4320.0,2511.4353
771,2023-07-19 07:00:00,4282.0,3343.9114
772,2023-07-19 07:15:00,4802.0,4042.1177
773,2023-07-19 07:30:00,5743.0,4950.6733
774,2023-07-19 07:45:00,7028.0,6105.941
775,2023-07-19 08:00:00,8856.0,7358.7974
776,2023-07-19 08:15:00,9497.0,8862.194
777,2023-07-19 08:30:00,11995.0,10498.359
778,2023-07-19 08:45:00,13833.000000000002,11288.388
779,2023-07-19 09:00:00,9561.0,11981.305
780,2023-07-19 09:15:00,8634.0,12509.297
781,2023-07-19 09:30:00,4883.0,12556.003
782,2023-07-19 09:45:00,5346.0,12697.094
783,2023-07-19 10:00:00,5634.999999999999,12173.25
784,2023-07-19 10:15:00,14575.0,11104.556
785,2023-07-19 10:30:00,12208.0,10119.321
786,2023-07-19 10:45:00,2336.0,9108.352
787,2023-07-19 11:00:00,4267.0,8660.577
788,2023-07-19 11:15:00,11358.0,7689.5464
789,2023-07-19 11:30:00,6822.0,7421.752
790,2023-07-19 11:45:00,2213.0,6350.6313
791,2023-07-19 12:00:00,0.0,5074.29
792,2023-07-19 12:15:00,9855.0,5604.4165
793,2023-07-19 12:30:00,10850.0,6465.6875
794,2023-07-19 12:45:00,2460.0,6703.5938
795,2023-07-19 13:00:00,2592.0,6733.229
796,2023-07-19 13:15:00,3037.0,6791.509
797,2023-07-19 13:30:00,4975.0,7747.4775
798,2023-07-19 13:45:00,7331.0,6933.808
799,2023-07-19 14:00:00,3258.0,5911.0166
800,2023-07-19 14:15:00,2739.0,4612.2188
801,2023-07-19 14:30:00,2312.0,4211.4556
802,2023-07-19 14:45:00,3021.0,4105.78
803,2023-07-19 15:00:00,2403.0,3476.3164
804,2023-07-19 15:15:00,1657.0,2840.8708
805,2023-07-19 15:30:00,1242.0,2451.4287
806,2023-07-19 15:45:00,2511.0,2079.9797
807,2023-07-19 16:00:00,2394.0,1428.8245
808,2023-07-19 16:15:00,867.0,997.67737
809,2023-07-19 16:30:00,1223.0,735.6442
810,2023-07-19 16:45:00,1277.0,498.21677
811,2023-07-19 17:00:00,831.0,354.47046
812,2023-07-19 17:15:00,0.0,266.5848
813,2023-07-19 17:30:00,0.0,216.4755
814,2023-07-19 17:45:00,0.0,155.18341
815,2023-07-19 18:00:00,0.0,95.26753
816,2023-07-19 18:15:00,0.0,64.20345
817,2023-07-19 18:30:00,0.0,170.60133
818,2023-07-19 18:45:00,0.0,235.72931
819,2023-07-19 19:00:00,545.0,275.90598
820,2023-07-19 19:15:00,566.0,331.96317
821,2023-07-19 19:30:00,654.0,404.691
822,2023-07-19 19:45:00,764.0,482.35446
823,2023-07-20 06:00:00,1368.0,560.57764
824,2023-07-20 06:15:00,1725.0,1398.5306
825,2023-07-20 06:30:00,1413.0,1595.3105
826,2023-07-20 06:45:00,2060.0,2086.491
827,2023-07-20 07:00:00,3098.0,2809.5835
828,2023-07-20 07:15:00,4396.0,3766.785
829,2023-07-20 07:30:00,3944.0,5268.316
830,2023-07-20 07:45:00,8282.0,6764.726
831,2023-07-20 08:00:00,7840.999999999999,8588.149
832,2023-07-20 08:15:00,11548.0,10073.296
833,2023-07-20 08:30:00,3494.0000000000005,11467.395
834,2023-07-20 08:45:00,14172.0,12124.636
835,2023-07-20 09:00:00,8863.0,12257.233
836,2023-07-20 09:15:00,13803.999999999998,12447.099
837,2023-07-20 09:30:00,9184.0,13203.251
838,2023-07-20 09:45:00,13908.999999999998,13342.8955
839,2023-07-20 10:00:00,18854.0,13936.097
840,2023-07-20 10:15:00,19338.0,13514.676
841,2023-07-20 10:30:00,15223.0,15615.759
842,2023-07-20 10:45:00,17947.0,15496.052
843,2023-07-20 11:00:00,19577.0,16348.116
844,2023-07-20 11:15:00,11669.0,16132.98
845,2023-07-20 11:30:00,17763.0,16112.103
846,2023-07-20 11:45:00,17933.0,15783.275
847,2023-07-20 12:00:00,17474.0,15389.835
848,2023-07-20 12:15:00,10543.0,15078.879
849,2023-07-20 12:30:00,8015.999999999999,14312.04
850,2023-07-20 12:45:00,8283.0,12650.324
851,2023-07-20 13:00:00,4798.0,9263.459
852,2023-07-20 13:15:00,6021.0,6509.294
853,2023-07-20 13:30:00,16571.0,6688.3667
854,2023-07-20 13:45:00,4798.0,8402.512
855,2023-07-20 14:00:00,11955.0,9411.883
856,2023-07-20 14:15:00,7423.999999999999,9531.648
857,2023-07-20 14:30:00,4359.0,9039.491
858,2023-07-20 14:45:00,3430.0,8125.211
859,2023-07-20 15:00:00,6881.0,6707.0796
860,2023-07-20 15:15:00,8100.0,5888.0786
861,2023-07-20 15:30:00,4379.0,4958.649
862,2023-07-20 15:45:00,7409.0,3486.747
863,2023-07-20 16:00:00,3733.0,2129.491
864,2023-07-20 16:15:00,3839.0,1659.689
865,2023-07-20 16:30:00,2049.0,1624.0566
866,2023-07-20 16:45:00,946.0,1561.9597
867,2023-07-20 17:00:00,0.0,1213.8804
868,2023-07-20 17:15:00,0.0,745.6711
869,2023-07-20 17:30:00,0.0,331.153
870,2023-07-20 17:45:00,0.0,74.170975
871,2023-07-20 18:00:00,0.0,-43.05764
872,2023-07-20 18:15:00,0.0,13.854482
873,2023-07-20 18:30:00,0.0,77.56394
874,2023-07-20 18:45:00,0.0,119.462555
875,2023-07-20 19:00:00,1002.9999999999999,181.86787
876,2023-07-20 19:15:00,1291.0,272.1137
877,2023-07-20 19:30:00,1516.0,377.1022
878,2023-07-20 19:45:00,2287.0,479.17798
879,2023-07-21 06:00:00,2263.0,581.7504
880,2023-07-21 06:15:00,2417.0,1360.4813
881,2023-07-21 06:30:00,2066.0,1556.0452
882,2023-07-21 06:45:00,2494.0,2002.8466
883,2023-07-21 07:00:00,3246.0,2917.5366
884,2023-07-21 07:15:00,3660.9999999999995,4240.879
885,2023-07-21 07:30:00,5691.0,5915.254
886,2023-07-21 07:45:00,7526.000000000001,7457.0986
887,2023-07-21 08:00:00,7376.0,9087.169
888,2023-07-21 08:15:00,10961.0,10566.876
889,2023-07-21 08:30:00,9730.0,11914.467
890,2023-07-21 08:45:00,7980.0,12456.1045
891,2023-07-21 09:00:00,7358.0,13003.013
892,2023-07-21 09:15:00,8301.0,13581.697
893,2023-07-21 09:30:00,12291.0,13933.393
894,2023-07-21 09:45:00,11094.999999999998,13916.078
895,2023-07-21 10:00:00,13158.000000000002,13958.856
896,2023-07-21 10:15:00,16789.0,13924.974
897,2023-07-21 10:30:00,12196.0,14111.922
898,2023-07-21 10:45:00,16491.0,14283.071
899,2023-07-21 11:00:00,15165.0,14309.748
900,2023-07-21 11:15:00,17626.0,14364.705
901,2023-07-21 11:30:00,18542.0,15009.626
902,2023-07-21 11:45:00,17360.0,15301.195
903,2023-07-21 12:00:00,15931.0,15597.262
904,2023-07-21 12:15:00,14309.0,15433.436
905,2023-07-21 12:30:00,16449.0,15368.302
906,2023-07-21 12:45:00,4798.0,14436.831
907,2023-07-21 13:00:00,3050.0000000000005,13156.037
908,2023-07-21 13:15:00,3617.0,11177.113
909,2023-07-21 13:30:00,6285.999999999999,7856.5996
910,2023-07-21 13:45:00,1549.9999999999998,5298.753
911,2023-07-21 14:00:00,0.0,3239.8342
912,2023-07-21 14:15:00,0.0,2891.3462
913,2023-07-21 14:30:00,0.0,2362.6475
914,2023-07-21 14:45:00,0.0,1694.32
915,2023-07-21 15:00:00,2875.0,1394.2489
916,2023-07-21 15:15:00,5996.0,1888.8914
917,2023-07-21 15:30:00,8395.0,1737.8911
918,2023-07-21 15:45:00,1092.0,1239.1575
919,2023-07-21 16:00:00,0.0,1160.2133
920,2023-07-21 16:15:00,2252.0,1591.0272
921,2023-07-21 16:30:00,4847.0,2213.1733
922,2023-07-21 16:45:00,4131.0,2520.2722
923,2023-07-21 17:00:00,3134.0,1592.2417
924,2023-07-21 17:15:00,1980.0,766.8164
925,2023-07-21 17:30:00,826.0,415.03683
926,2023-07-21 17:45:00,0.0,246.56944
927,2023-07-21 18:00:00,0.0,145.9168
928,2023-07-21 18:15:00,0.0,33.315872
929,2023-07-21 18:30:00,0.0,-64.50259
930,2023-07-21 18:45:00,0.0,-130.79636
931,2023-07-21 19:00:00,1578.0,-9.77036
932,2023-07-21 19:15:00,1644.0,143.58353
933,2023-07-21 19:30:00,1510.9999999999998,273.59024
934,2023-07-21 19:45:00,2102.0,434.30222
935,2023-07-22 06:00:00,3602.0,641.09314
936,2023-07-22 06:15:00,4279.0,2063.5034
937,2023-07-22 06:30:00,3809.0,2963.2686
938,2023-07-22 06:45:00,3770.0,3654.6877
939,2023-07-22 07:00:00,3889.0,4109.293
940,2023-07-22 07:15:00,4666.0,4548.854
941,2023-07-22 07:30:00,6502.0,5202.723
942,2023-07-22 07:45:00,7458.999999999999,5965.539
943,2023-07-22 08:00:00,9505.0,6587.037
944,2023-07-22 08:15:00,6056.0,7161.1675
945,2023-07-22 08:30:00,7079.0,7762.0586
946,2023-07-22 08:45:00,6584.0,7459.075
947,2023-07-22 09:00:00,7012.000000000001,7182.6562
948,2023-07-22 09:15:00,6799.0,7249.161
949,2023-07-22 09:30:00,8306.0,7057.691
950,2023-07-22 09:45:00,7399.999999999999,7825.104
951,2023-07-22 10:00:00,6480.0,7925.692
952,2023-07-22 10:15:00,7251.0,7869.181
953,2023-07-22 10:30:00,10937.0,6827.982
954,2023-07-22 10:45:00,7729.0,6124.5728
955,2023-07-22 11:00:00,7368.0,5458.6733
956,2023-07-22 11:15:00,5930.0,5165.154
957,2023-07-22 11:30:00,5926.0,4829.821
958,2023-07-22 11:45:00,2887.0,4520.6504
959,2023-07-22 12:00:00,0.0,3572.5818
960,2023-07-22 12:15:00,1986.0,3652.6528
961,2023-07-22 12:30:00,2886.0000000000005,3529.0186
962,2023-07-22 12:45:00,2762.0,3709.5625
963,2023-07-22 13:00:00,2477.0,3647.6404
964,2023-07-22 13:15:00,439.0,4009.1846
965,2023-07-22 13:30:00,0.0,4425.75
966,2023-07-22 13:45:00,1522.0,3879.5366
967,2023-07-22 14:00:00,4202.0,3195.3208
968,2023-07-22 14:15:00,6403.0,2232.3455
969,2023-07-22 14:30:00,4232.0,1658.1433
970,2023-07-22 14:45:00,2969.0,1380.2168
971,2023-07-22 15:00:00,2664.0,1342.2549
972,2023-07-22 15:15:00,1983.0,1308.946
973,2023-07-22 15:30:00,2177.0,1105.5248
974,2023-07-22 15:45:00,1260.0,740.7023
975,2023-07-22 16:00:00,0.0,714.53314
976,2023-07-22 16:15:00,0.0,621.46204
977,2023-07-22 16:30:00,0.0,533.5988
978,2023-07-22 16:45:00,0.0,467.88004
979,2023-07-22 17:00:00,0.0,373.75534
980,2023-07-22 17:15:00,0.0,392.26282
981,2023-07-22 17:30:00,0.0,427.1322
982,2023-07-22 17:45:00,0.0,445.61734
983,2023-07-22 18:00:00,0.0,482.5516
984,2023-07-22 18:15:00,0.0,539.85443
985,2023-07-22 18:30:00,0.0,605.3959
986,2023-07-22 18:45:00,0.0,669.4417
987,2023-07-22 19:00:00,1807.0,715.5307
988,2023-07-22 19:15:00,1933.9999999999998,757.6465
989,2023-07-22 19:30:00,2185.0,802.80414
990,2023-07-22 19:45:00,2197.0,820.597
991,2023-07-23 06:00:00,2251.0,837.02045
992,2023-07-23 06:15:00,2745.0,2074.0159
993,2023-07-23 06:30:00,3137.0,2613.1257
994,2023-07-23 06:45:00,2014.0000000000002,2909.5151
995,2023-07-23 07:00:00,1773.9999999999998,2877.2957
996,2023-07-23 07:15:00,3033.0,2737.7776
997,2023-07-23 07:30:00,3325.0,2759.9194
998,2023-07-23 07:45:00,2473.0,2943.105
999,2023-07-23 08:00:00,2248.0,2963.2346
1000,2023-07-23 08:15:00,2351.0,3019.1592
1001,2023-07-23 08:30:00,2120.0,3313.6477
1002,2023-07-23 08:45:00,2873.9999999999995,3062.6348
1003,2023-07-23 09:00:00,2057.0,2772.7227
1004,2023-07-23 09:15:00,2074.0,2715.4155
1005,2023-07-23 09:30:00,2567.0,2906.1724
1006,2023-07-23 09:45:00,2620.0,3107.8496
1007,2023-07-23 10:00:00,3133.0,3346.5876
1008,2023-07-23 10:15:00,2953.0,3516.8206
1009,2023-07-23 10:30:00,3654.0000000000005,3868.8806
1010,2023-07-23 10:45:00,3519.0,4143.4326
1011,2023-07-23 11:00:00,2955.9999999999995,4187.727
1012,2023-07-23 11:15:00,2777.0000000000005,4203.5166
1013,2023-07-23 11:30:00,1726.0,4184.703
1014,2023-07-23 11:45:00,2337.0,4212.2925
1015,2023-07-23 12:00:00,6186.0,4304.6357
1016,2023-07-23 12:15:00,4704.0,4418.857
1017,2023-07-23 12:30:00,6382.0,4595.4136
1018,2023-07-23 12:45:00,5048.0,4710.7637
1019,2023-07-23 13:00:00,6869.999999999999,5025.514
1020,2023-07-23 13:15:00,8004.0,5415.6455
1021,2023-07-23 13:30:00,9050.0,5454.9575
1022,2023-07-23 13:45:00,4938.0,6151.7417
1023,2023-07-23 14:00:00,5294.0,6633.7964
1024,2023-07-23 14:15:00,13484.0,7181.402
1025,2023-07-23 14:30:00,8316.0,7428.166
1026,2023-07-23 14:45:00,10338.0,7507.826
1027,2023-07-23 15:00:00,4830.0,7175.6357
1028,2023-07-23 15:15:00,5451.0,6414.633
1029,2023-07-23 15:30:00,6466.000000000001,5701.856
1030,2023-07-23 15:45:00,3179.0,3682.5327
1031,2023-07-23 16:00:00,4647.0,2558.8496
1032,2023-07-23 16:15:00,2611.0,1646.9517
1033,2023-07-23 16:30:00,2864.0,1156.5162
1034,2023-07-23 16:45:00,1214.0,817.9502
1035,2023-07-23 17:00:00,0.0,483.18475
1036,2023-07-23 17:15:00,0.0,374.4493
1037,2023-07-23 17:30:00,0.0,186.78133
1038,2023-07-23 17:45:00,0.0,41.151924
1039,2023-07-23 18:00:00,0.0,-87.80813
1040,2023-07-23 18:15:00,0.0,-26.654549
1041,2023-07-23 18:30:00,0.0,43.990913
1042,2023-07-23 18:45:00,0.0,93.74657
1043,2023-07-23 19:00:00,0.0,179.84978
1044,2023-07-23 19:15:00,0.0,306.35608
1045,2023-07-23 19:30:00,0.0,450.4432
1046,2023-07-23 19:45:00,1404.0000000000002,598.9313
1047,2023-07-24 06:00:00,2488.0,715.7559
1048,2023-07-24 06:15:00,2783.0,1490.38
1049,2023-07-24 06:30:00,3863.9999999999995,1795.1393
1050,2023-07-24 06:45:00,3924.0,2094.6992
1051,2023-07-24 07:00:00,3021.9999999999995,2933.0818
1052,2023-07-24 07:15:00,3142.0,3969.9343
1053,2023-07-24 07:30:00,4746.0,4907.5396
1054,2023-07-24 07:45:00,7333.0,5417.836
1055,2023-07-24 08:00:00,5606.0,5399.3354
1056,2023-07-24 08:15:00,8920.0,5324.053
1057,2023-07-24 08:30:00,6903.0,6429.311
1058,2023-07-24 08:45:00,4454.0,7315.7866
1059,2023-07-24 09:00:00,9298.0,8586.769
1060,2023-07-24 09:15:00,11885.0,9611.651
1061,2023-07-24 09:30:00,16611.0,11517.277
1062,2023-07-24 09:45:00,12891.0,11902.316
1063,2023-07-24 10:00:00,2651.0,11889.988
1064,2023-07-24 10:15:00,4235.0,11276.341
1065,2023-07-24 10:30:00,3333.0,8754.066
1066,2023-07-24 10:45:00,5244.0,5329.693
1067,2023-07-24 11:00:00,4202.0,1206.7655
1068,2023-07-24 11:15:00,3962.0000000000005,992.8589
1069,2023-07-24 11:30:00,6022.000000000001,3874.9817
1070,2023-07-24 11:45:00,6156.999999999999,6028.4854
1071,2023-07-24 12:00:00,8022.0,7078.4927
1072,2023-07-24 12:15:00,6140.0,7726.6104
1073,2023-07-24 12:30:00,9205.0,8966.54
1074,2023-07-24 12:45:00,7310.0,9591.849
1075,2023-07-24 13:00:00,12112.0,9147.307
1076,2023-07-24 13:15:00,15595.999999999998,9299.374
1077,2023-07-24 13:30:00,14098.0,9774.172
1078,2023-07-24 13:45:00,7890.0,10340.549
1079,2023-07-24 14:00:00,13403.000000000002,9994.84
1080,2023-07-24 14:15:00,5711.0,9974.091
1081,2023-07-24 14:30:00,0.0,8941.396
1082,2023-07-24 14:45:00,0.0,6909.288
1083,2023-07-24 15:00:00,4749.0,5062.7383
1084,2023-07-24 15:15:00,6594.0,4496.5874
1085,2023-07-24 15:30:00,1881.0,3438.06
1086,2023-07-24 15:45:00,1152.0,2630.0706
1087,2023-07-24 16:00:00,2359.0,1594.507
1088,2023-07-24 16:15:00,2828.0,1044.0508
1089,2023-07-24 16:30:00,1154.0,748.88934
1090,2023-07-24 16:45:00,4300.0,583.67
1091,2023-07-24 17:00:00,2681.0,542.71027
1092,2023-07-24 17:15:00,637.0,534.56305
1093,2023-07-24 17:30:00,0.0,532.6254
1094,2023-07-24 17:45:00,0.0,564.3329
1095,2023-07-24 18:00:00,0.0,473.09494
1096,2023-07-24 18:15:00,0.0,293.80392
1097,2023-07-24 18:30:00,0.0,93.551056
1098,2023-07-24 18:45:00,0.0,31.855556
1099,2023-07-24 19:00:00,937.0,62.116436
1100,2023-07-24 19:15:00,1013.0,95.15681
1101,2023-07-24 19:30:00,990.0,161.82062
1102,2023-07-24 19:45:00,1447.0000000000002,272.51038
1103,2023-07-25 06:00:00,3754.0,424.22827
1104,2023-07-25 06:15:00,3675.0,1597.9244
1105,2023-07-25 06:30:00,2912.9999999999995,2350.8142
1106,2023-07-25 06:45:00,3815.0,3328.5242
1107,2023-07-25 07:00:00,4652.0,4559.6646
1108,2023-07-25 07:15:00,5898.0,5554.033
1109,2023-07-25 07:30:00,5434.0,6366.957
1110,2023-07-25 07:45:00,5236.0,6898.2393
1111,2023-07-25 08:00:00,5724.0,7343.216
1112,2023-07-25 08:15:00,8205.0,7541.7896
1113,2023-07-25 08:30:00,3441.0,8390.316
1114,2023-07-25 08:45:00,10693.0,8918.751
1115,2023-07-25 09:00:00,12379.0,9518.293
1116,2023-07-25 09:15:00,13114.0,11021.982
1117,2023-07-25 09:30:00,11389.0,12194.957
1118,2023-07-25 09:45:00,14933.0,12627.86
1119,2023-07-25 10:00:00,12323.0,13186.759
1120,2023-07-25 10:15:00,8350.0,13459.972
1121,2023-07-25 10:30:00,15034.0,13383.89
1122,2023-07-25 10:45:00,12240.999999999998,13087.592
1123,2023-07-25 11:00:00,18127.0,13120.949
1124,2023-07-25 11:15:00,9979.0,13901.327
1125,2023-07-25 11:30:00,20938.0,14320.849
1126,2023-07-25 11:45:00,20136.0,14994.134
1127,2023-07-25 12:00:00,15884.0,15071.496
1128,2023-07-25 12:15:00,16522.0,15726.234
1129,2023-07-25 12:30:00,19108.0,15734.675
1130,2023-07-25 12:45:00,19224.0,15985.4375
1131,2023-07-25 13:00:00,16114.999999999998,15683.389
1132,2023-07-25 13:15:00,16394.0,15138.84
1133,2023-07-25 13:30:00,7477.999999999999,14703.013
1134,2023-07-25 13:45:00,6876.0,14280.05
1135,2023-07-25 14:00:00,12770.0,12561.657
1136,2023-07-25 14:15:00,6888.0,10739.038
1137,2023-07-25 14:30:00,6998.0,9970.444
1138,2023-07-25 14:45:00,12284.0,9398.078
1139,2023-07-25 15:00:00,11608.000000000002,8679.552
1140,2023-07-25 15:15:00,10376.0,8055.3853
1141,2023-07-25 15:30:00,10058.0,6741.398
1142,2023-07-25 15:45:00,9026.0,5515.874
1143,2023-07-25 16:00:00,5443.0,4686.2896
1144,2023-07-25 16:15:00,6226.999999999999,3915.9587
1145,2023-07-25 16:30:00,5263.0,3595.4116
1146,2023-07-25 16:45:00,4133.0,3195.7542
1147,2023-07-25 17:00:00,2859.0000000000005,2513.0415
1148,2023-07-25 17:15:00,1496.0,1798.2502
1149,2023-07-25 17:30:00,847.0,1298.6091
1150,2023-07-25 17:45:00,700.9999999999999,929.8719
1151,2023-07-25 18:00:00,0.0,572.61237
1152,2023-07-25 18:15:00,0.0,340.57382
1153,2023-07-25 18:30:00,0.0,174.7238
1154,2023-07-25 18:45:00,0.0,84.26146
1155,2023-07-25 19:00:00,708.0,42.71355
1156,2023-07-25 19:15:00,776.9999999999999,58.764618
1157,2023-07-25 19:30:00,794.0,111.62204
1158,2023-07-25 19:45:00,1579.0,160.2646
1159,2023-07-26 06:00:00,2666.0,229.21193
1160,2023-07-26 06:15:00,3239.0,962.76337
1161,2023-07-26 06:30:00,4345.0,1204.9552
1162,2023-07-26 06:45:00,3827.0,1702.5632
1163,2023-07-26 07:00:00,1569.0,2149.3047
1164,2023-07-26 07:15:00,1972.0,2630.481
1165,2023-07-26 07:30:00,3428.0000000000005,3736.1453
1166,2023-07-26 07:45:00,4697.0,5016.6846
1167,2023-07-26 08:00:00,4837.0,6510.269
1168,2023-07-26 08:15:00,12329.0,8223.131
1169,2023-07-26 08:30:00,10947.0,10016.846
1170,2023-07-26 08:45:00,13042.999999999998,11203.308
1171,2023-07-26 09:00:00,14164.000000000002,12425.466
1172,2023-07-26 09:15:00,13352.000000000002,13153.115
1173,2023-07-26 09:30:00,11406.999999999998,13926.576
1174,2023-07-26 09:45:00,14546.000000000002,14385.915
1175,2023-07-26 10:00:00,15886.000000000002,14797.776
1176,2023-07-26 10:15:00,13161.000000000002,14927.793
1177,2023-07-26 10:30:00,15636.0,15181.573
1178,2023-07-26 10:45:00,18699.0,15357.9375
1179,2023-07-26 11:00:00,7118.0,15470.594
1180,2023-07-26 11:15:00,4274.0,15333.109
1181,2023-07-26 11:30:00,20489.0,15244.931
1182,2023-07-26 11:45:00,19759.0,15551.025
1183,2023-07-26 12:00:00,20330.0,16103.347
1184,2023-07-26 12:15:00,0.0,15470.392
1185,2023-07-26 12:30:00,535.0,14637.479
1186,2023-07-26 12:45:00,1553.0,12900.421
1187,2023-07-26 13:00:00,11285.999999999998,8168.427
1188,2023-07-26 13:15:00,15538.0,4933.428
1189,2023-07-26 13:30:00,9865.0,7842.2334
1190,2023-07-26 13:45:00,8640.0,10315.009
1191,2023-07-26 14:00:00,4617.0,7109.4067
1192,2023-07-26 14:15:00,5772.000000000001,4257.3438
1193,2023-07-26 14:30:00,9303.0,4202.023
1194,2023-07-26 14:45:00,2721.0,5046.968
1195,2023-07-26 15:00:00,4499.0,5656.5
1196,2023-07-26 15:15:00,10467.0,5469.135
1197,2023-07-26 15:30:00,9084.0,5414.696
1198,2023-07-26 15:45:00,5739.999999999999,5894.7246
1199,2023-07-26 16:00:00,7463.0,5273.915
1200,2023-07-26 16:15:00,6061.0,3784.201
1201,2023-07-26 16:30:00,4984.0,2879.2317
1202,2023-07-26 16:45:00,3133.0,1959.5043
1203,2023-07-26 17:00:00,2745.0,1111.6993
1204,2023-07-26 17:15:00,2088.0,632.88275
1205,2023-07-26 17:30:00,1920.0,332.21323
1206,2023-07-26 17:45:00,750.0,159.14755
1207,2023-07-26 18:00:00,0.0,43.999176
1208,2023-07-26 18:15:00,0.0,-44.162296
1209,2023-07-26 18:30:00,0.0,-90.612076
1210,2023-07-26 18:45:00,0.0,-104.43731
1211,2023-07-26 19:00:00,0.0,-96.54887
1212,2023-07-26 19:15:00,0.0,7.752593
1213,2023-07-26 19:30:00,0.0,91.08309
1214,2023-07-26 19:45:00,0.0,155.85309
1215,2023-07-27 06:00:00,0.0,247.20259
1216,2023-07-27 06:15:00,0.0,827.89624
1217,2023-07-27 06:30:00,0.0,1045.3401
1218,2023-07-27 06:45:00,885.0,1348.0452
1219,2023-07-27 07:00:00,1869.0,1650.792
1220,2023-07-27 07:15:00,1857.9999999999998,1955.8512
1221,2023-07-27 07:30:00,2130.0,2321.405
1222,2023-07-27 07:45:00,1920.0,2596.2932
1223,2023-07-27 08:00:00,2243.0,3131.8945
1224,2023-07-27 08:15:00,3052.9999999999995,3511.3364
1225,2023-07-27 08:30:00,2549.0,3478.5112
1226,2023-07-27 08:45:00,1947.0,3430.2478
1227,2023-07-27 09:00:00,3461.0,3586.9343
1228,2023-07-27 09:15:00,2817.0,3699.8281
1229,2023-07-27 09:30:00,2358.0,3753.8132
1230,2023-07-27 09:45:00,2687.0,3719.3826
1231,2023-07-27 10:00:00,2166.0,3678.4004
1232,2023-07-27 10:15:00,2318.0,3734.9336
1233,2023-07-27 10:30:00,1600.0,3478.2166
1234,2023-07-27 10:45:00,2447.0,3422.1602
1235,2023-07-27 11:00:00,2955.0,3415.0737
1236,2023-07-27 11:15:00,2371.0,3395.2722
1237,2023-07-27 11:30:00,2317.0,3421.3003
1238,2023-07-27 11:45:00,3707.9999999999995,3424.6772
1239,2023-07-27 12:00:00,3319.0000000000005,3541.2349
1240,2023-07-27 12:15:00,3358.0,3488.7903
1241,2023-07-27 12:30:00,2759.0,3451.4495
1242,2023-07-27 12:45:00,2344.0,3324.0325
1243,2023-07-27 13:00:00,2674.0,3204.577
1244,2023-07-27 13:15:00,2323.0,3170.3232
1245,2023-07-27 13:30:00,3027.0,3032.2014
1246,2023-07-27 13:45:00,2576.0,2984.6028
1247,2023-07-27 14:00:00,2662.0,2836.4426
1248,2023-07-27 14:15:00,2194.0,2678.505
1249,2023-07-27 14:30:00,1136.0,2339.8303
1250,2023-07-27 14:45:00,2146.0,2072.9124
1251,2023-07-27 15:00:00,3214.0,1825.9097
1252,2023-07-27 15:15:00,1886.0,1649.6416
1253,2023-07-27 15:30:00,1185.0,1518.55
1254,2023-07-27 15:45:00,1085.0,1330.7548
1255,2023-07-27 16:00:00,2373.0,1260.2026
1256,2023-07-27 16:15:00,1098.0,1134.0082
1257,2023-07-27 16:30:00,833.0,1043.7212
1258,2023-07-27 16:45:00,625.0,854.40985
1259,2023-07-27 17:00:00,0.0,719.0864
1260,2023-07-27 17:15:00,0.0,537.76495
1261,2023-07-27 17:30:00,0.0,418.79803
1262,2023-07-27 17:45:00,0.0,292.95395
1263,2023-07-27 18:00:00,0.0,168.83594
1264,2023-07-27 18:15:00,0.0,166.07959
1265,2023-07-27 18:30:00,0.0,168.72273
1266,2023-07-27 18:45:00,0.0,180.34344
1267,2023-07-27 19:00:00,1250.0,222.52333
1268,2023-07-27 19:15:00,1051.0,277.12714
1269,2023-07-27 19:30:00,1133.0,333.42877
1270,2023-07-27 19:45:00,1635.0,379.32855
1271,2023-07-28 06:00:00,2754.0,407.18326
1272,2023-07-28 06:15:00,2968.0000000000005,1294.7422
1273,2023-07-28 06:30:00,2647.0,1340.2566
1274,2023-07-28 06:45:00,1699.0,1410.4558
1275,2023-07-28 07:00:00,2640.0,1663.5751
1276,2023-07-28 07:15:00,1648.0,2046.1863
1277,2023-07-28 07:30:00,1553.0,2607.8303
1278,2023-07-28 07:45:00,2081.0,3286.536
1279,2023-07-28 08:00:00,2130.0,3941.7688
1280,2023-07-28 08:15:00,2082.0,4783.3345
1281,2023-07-28 08:30:00,2429.0,5771.015
1282,2023-07-28 08:45:00,2032.0,6455.849
1283,2023-07-28 09:00:00,3060.9999999999995,7263.252
1284,2023-07-28 09:15:00,3020.0,7891.905
1285,2023-07-28 09:30:00,1910.0,8586.733
1286,2023-07-28 09:45:00,2922.0,9136.459
1287,2023-07-28 10:00:00,5445.0,9828.048
1288,2023-07-28 10:15:00,10267.0,10619.925
1289,2023-07-28 10:30:00,11751.000000000002,11138.804
1290,2023-07-28 10:45:00,11129.999999999998,11741.869
1291,2023-07-28 11:00:00,14191.0,12128.346
1292,2023-07-28 11:15:00,19265.0,12533.775
1293,2023-07-28 11:30:00,19099.0,13219.861
1294,2023-07-28 11:45:00,18445.0,13273.783
1295,2023-07-28 12:00:00,18100.0,13274.716
1296,2023-07-28 12:15:00,17451.0,13134.7
1297,2023-07-28 12:30:00,11756.0,13128.243
1298,2023-07-28 12:45:00,15618.0,12501.192
1299,2023-07-28 13:00:00,16490.0,12096.921
1300,2023-07-28 13:15:00,13478.0,11821.897
1301,2023-07-28 13:30:00,14430.0,12068.74
1302,2023-07-28 13:45:00,10820.0,12058.023
1303,2023-07-28 14:00:00,12429.000000000002,11652.301
1304,2023-07-28 14:15:00,9881.0,10214.551
1305,2023-07-28 14:30:00,13209.000000000002,8681.624
1306,2023-07-28 14:45:00,11437.0,8538.966
1307,2023-07-28 15:00:00,10254.0,8525.732
1308,2023-07-28 15:15:00,6919.0,8839.568
1309,2023-07-28 15:30:00,8552.0,7771.637
1310,2023-07-28 15:45:00,2973.0,6408.643
1311,2023-07-28 16:00:00,4207.0,4321.834
1312,2023-07-28 16:15:00,5634.999999999999,3277.5203
1313,2023-07-28 16:30:00,3267.0,2380.3647
1314,2023-07-28 16:45:00,2137.0,1601.3284
1315,2023-07-28 17:00:00,1269.0,921.8264
1316,2023-07-28 17:15:00,1081.0,420.37866
1317,2023-07-28 17:30:00,0.0,247.34787
1318,2023-07-28 17:45:00,0.0,113.93993
1319,2023-07-28 18:00:00,0.0,4.2340207
1320,2023-07-28 18:15:00,0.0,-98.93865
1321,2023-07-28 18:30:00,0.0,-154.04984
1322,2023-07-28 18:45:00,0.0,-41.153084
1323,2023-07-28 19:00:00,930.0000000000001,61.297363
1324,2023-07-28 19:15:00,1508.0,126.6263
1325,2023-07-28 19:30:00,2312.0,232.85759
1326,2023-07-28 19:45:00,2734.0,368.41815
1327,2023-07-29 06:00:00,2026.0,530.4875
1328,2023-07-29 06:15:00,2704.0,1694.7494
1329,2023-07-29 06:30:00,3157.0,2328.632
1330,2023-07-29 06:45:00,3703.0,3221.084
1331,2023-07-29 07:00:00,2060.0,4381.3335
1332,2023-07-29 07:15:00,2610.0,5072.468
1333,2023-07-29 07:30:00,3867.9999999999995,5840.7944
1334,2023-07-29 07:45:00,6904.0,6223.1377
1335,2023-07-29 08:00:00,8538.0,6675.6963
1336,2023-07-29 08:15:00,9253.0,7060.307
1337,2023-07-29 08:30:00,5528.0,7629.391
1338,2023-07-29 08:45:00,6981.0,7308.8877
1339,2023-07-29 09:00:00,6920.999999999999,7344.744
1340,2023-07-29 09:15:00,4195.0,7503.093
1341,2023-07-29 09:30:00,11794.999999999998,8518.63
1342,2023-07-29 09:45:00,10860.0,9499.652
1343,2023-07-29 10:00:00,12138.999999999998,10501.759
1344,2023-07-29 10:15:00,7662.0,11691.233
1345,2023-07-29 10:30:00,6946.0,11794.851
1346,2023-07-29 10:45:00,3169.9999999999995,11461.993
1347,2023-07-29 11:00:00,7688.0,9082.419
1348,2023-07-29 11:15:00,9307.0,7434.7007
1349,2023-07-29 11:30:00,3477.9999999999995,6275.065
1350,2023-07-29 11:45:00,5120.0,6559.9546
1351,2023-07-29 12:00:00,4171.0,5797.284
1352,2023-07-29 12:15:00,2089.0,5027.198
1353,2023-07-29 12:30:00,1959.0,3699.0051
1354,2023-07-29 12:45:00,5660.0,3891.735
1355,2023-07-29 13:00:00,13806.999999999998,6134.519
1356,2023-07-29 13:15:00,13722.0,7545.284
1357,2023-07-29 13:30:00,15693.0,8221.876
1358,2023-07-29 13:45:00,10824.0,9126.422
1359,2023-07-29 14:00:00,4645.0,9993.384
1360,2023-07-29 14:15:00,11398.0,10267.888
1361,2023-07-29 14:30:00,13494.0,9386.755
1362,2023-07-29 14:45:00,11004.0,8534.369
1363,2023-07-29 15:00:00,11877.999999999998,7863.4844
1364,2023-07-29 15:15:00,9992.0,7682.9893
1365,2023-07-29 15:30:00,9330.0,7170.08
1366,2023-07-29 15:45:00,7696.0,4673.151
1367,2023-07-29 16:00:00,4877.0,3192.3667
1368,2023-07-29 16:15:00,4854.0,2737.283
1369,2023-07-29 16:30:00,4103.0,2437.01
1370,2023-07-29 16:45:00,954.0,1882.9078
1371,2023-07-29 17:00:00,0.0,1381.5028
1372,2023-07-29 17:15:00,2150.0,864.39105
1373,2023-07-29 17:30:00,1000.9999999999999,521.2997
1374,2023-07-29 17:45:00,0.0,239.28572
1375,2023-07-29 18:00:00,0.0,-2.629261
1376,2023-07-29 18:15:00,0.0,-30.496222
1377,2023-07-29 18:30:00,0.0,-96.28493
1378,2023-07-29 18:45:00,0.0,-151.59709
1379,2023-07-29 19:00:00,2112.0,8.164112
1380,2023-07-29 19:15:00,2236.0,113.7978
1381,2023-07-29 19:30:00,2060.0,183.17218
1382,2023-07-29 19:45:00,2120.0,298.16306
1383,2023-07-30 06:00:00,2340.0,450.78464
1384,2023-07-30 06:15:00,2316.0,1677.7854
1385,2023-07-30 06:30:00,2781.0000000000005,2592.1382
1386,2023-07-30 06:45:00,4528.0,3270.5627
1387,2023-07-30 07:00:00,4452.0,3872.857
1388,2023-07-30 07:15:00,4068.0,4469.2856
1389,2023-07-30 07:30:00,5828.0,4935.533
1390,2023-07-30 07:45:00,4898.0,5610.8896
1391,2023-07-30 08:00:00,7939.0,6659.6006
1392,2023-07-30 08:15:00,9178.0,7647.965
1393,2023-07-30 08:30:00,5948.0,9038.662
1394,2023-07-30 08:45:00,7926.0,9739.777
1395,2023-07-30 09:00:00,11374.0,9534.44
1396,2023-07-30 09:15:00,10370.0,10027.609
1397,2023-07-30 09:30:00,7914.0,9872.669
1398,2023-07-30 09:45:00,13397.0,10029.1045
1399,2023-07-30 10:00:00,15897.0,10810.163
1400,2023-07-30 10:15:00,13123.000000000002,10996.421
1401,2023-07-30 10:30:00,11180.0,11207.956
1402,2023-07-30 10:45:00,11061.0,10845.116
1403,2023-07-30 11:00:00,18345.0,11439.285
1404,2023-07-30 11:15:00,15703.999999999998,12242.2705
1405,2023-07-30 11:30:00,17053.0,12516.053
1406,2023-07-30 11:45:00,9217.0,12948.467
1407,2023-07-30 12:00:00,14400.0,13956.765
1408,2023-07-30 12:15:00,15155.0,13634.862
1409,2023-07-30 12:30:00,6556.0,12140.451
1410,2023-07-30 12:45:00,14021.0,10820.07
1411,2023-07-30 13:00:00,10229.0,9726.186
1412,2023-07-30 13:15:00,9501.0,9898.266
1413,2023-07-30 13:30:00,2709.0,8095.735
1414,2023-07-30 13:45:00,7594.0,7021.7876
1415,2023-07-30 14:00:00,8183.0,6483.851
1416,2023-07-30 14:15:00,6388.000000000001,3973.875
1417,2023-07-30 14:30:00,14591.0,4886.6216
1418,2023-07-30 14:45:00,6511.0,6257.8105
1419,2023-07-30 15:00:00,2261.0,6725.203
1420,2023-07-30 15:15:00,2769.0,5009.5557
1421,2023-07-30 15:30:00,3902.9999999999995,3857.0957
1422,2023-07-30 15:45:00,3203.0,3450.896
1423,2023-07-30 16:00:00,3017.9999999999995,2407.0322
1424,2023-07-30 16:15:00,2430.0,1611.1124
1425,2023-07-30 16:30:00,1885.0,924.0174
1426,2023-07-30 16:45:00,1816.9999999999998,511.84485
1427,2023-07-30 17:00:00,977.0,306.52267
1428,2023-07-30 17:15:00,0.0,144.25238
1429,2023-07-30 17:30:00,0.0,6.875181
1430,2023-07-30 17:45:00,0.0,-59.933567
1431,2023-07-30 18:00:00,0.0,-89.48693
1432,2023-07-30 18:15:00,0.0,-81.02021
1433,2023-07-30 18:30:00,0.0,13.895303
1434,2023-07-30 18:45:00,0.0,69.55353
1435,2023-07-30 19:00:00,871.0,103.68699
1436,2023-07-30 19:15:00,968.0000000000001,174.6901
1437,2023-07-30 19:30:00,779.0000000000001,274.1419
1438,2023-07-30 19:45:00,0.0,382.12424
1439,2023-07-31 06:00:00,0.0,470.09546
1440,2023-07-31 06:15:00,1002.9999999999999,1459.9996
1441,2023-07-31 06:30:00,1155.0,1696.7993
1442,2023-07-31 06:45:00,1871.0,2050.0115
1443,2023-07-31 07:00:00,1368.0,2106.138
1444,2023-07-31 07:15:00,1459.0,2179.3755
1445,2023-07-31 07:30:00,2138.0,2537.9934
1446,2023-07-31 07:45:00,1777.0,2882.5735
1447,2023-07-31 08:00:00,1866.0000000000002,3141.887
1448,2023-07-31 08:15:00,2482.0,3340.7002
1449,2023-07-31 08:30:00,2432.0,3989.1387
1450,2023-07-31 08:45:00,2589.0,4320.333
1451,2023-07-31 09:00:00,3317.0,4289.0186
1452,2023-07-31 09:15:00,3812.0,4400.846
1453,2023-07-31 09:30:00,3401.0,4667.4507
1454,2023-07-31 09:45:00,3172.0,4930.7505
1455,2023-07-31 10:00:00,4092.0,5121.958
1456,2023-07-31 10:15:00,4013.0,5150.21
1457,2023-07-31 10:30:00,2984.0,5229.769
1458,2023-07-31 10:45:00,3191.0,5229.164
1459,2023-07-31 11:00:00,4168.0,5131.284
1460,2023-07-31 11:15:00,5250.0,5237.112
1461,2023-07-31 11:30:00,4085.9999999999995,4962.503
1462,2023-07-31 11:45:00,2922.0,4508.5815
1463,2023-07-31 12:00:00,1957.0,4073.213
1464,2023-07-31 12:15:00,1860.0000000000002,3787.9924
1465,2023-07-31 12:30:00,2112.0,3750.832
1466,2023-07-31 12:45:00,2285.0,3382.3115
1467,2023-07-31 13:00:00,1459.0,2979.3994
1468,2023-07-31 13:15:00,4610.0,2759.838
1469,2023-07-31 13:30:00,4015.9999999999995,2774.5845
1470,2023-07-31 13:45:00,1883.0,2775.8035
1471,2023-07-31 14:00:00,1089.0,2512.1973
1472,2023-07-31 14:15:00,0.0,2126.506
1473,2023-07-31 14:30:00,0.0,1906.31
1474,2023-07-31 14:45:00,673.0,1513.983
1475,2023-07-31 15:00:00,916.0,1340.8757
1476,2023-07-31 15:15:00,851.9999999999999,1095.5581
1477,2023-07-31 15:30:00,0.0,946.3206
1478,2023-07-31 15:45:00,0.0,863.47894
1479,2023-07-31 16:00:00,0.0,793.6408
1480,2023-07-31 16:15:00,0.0,613.7164
1481,2023-07-31 16:30:00,0.0,356.8358
1482,2023-07-31 16:45:00,0.0,276.10645
1483,2023-07-31 17:00:00,0.0,298.99402
1484,2023-07-31 17:15:00,0.0,328.76456
1485,2023-07-31 17:30:00,0.0,398.99454
1486,2023-07-31 17:45:00,0.0,494.62897
1487,2023-07-31 18:00:00,0.0,554.13446
1488,2023-07-31 18:15:00,0.0,579.2216
1489,2023-07-31 18:30:00,0.0,620.92456
1490,2023-07-31 18:45:00,0.0,677.29376
1491,2023-07-31 19:00:00,731.0,757.6975
1492,2023-07-31 19:15:00,951.0,791.12067
1493,2023-07-31 19:30:00,3333.9999999999995,817.57324
1494,2023-07-31 19:45:00,2768.0,834.8749
1495,2023-08-01 06:00:00,1383.0,844.42084
1496,2023-08-01 06:15:00,1863.0,2380.521
1497,2023-08-01 06:30:00,1874.0,2718.5684
1498,2023-08-01 06:45:00,2557.0,3279.8787
1499,2023-08-01 07:00:00,4414.0,3811.1729
1500,2023-08-01 07:15:00,4568.0,4077.0532
1501,2023-08-01 07:30:00,5930.0,4206.6997
1502,2023-08-01 07:45:00,7590.999999999999,4572.384
1503,2023-08-01 08:00:00,4636.0,5369.0254
1504,2023-08-01 08:15:00,6605.0,6626.396
1505,2023-08-01 08:30:00,3753.0,7503.311
1506,2023-08-01 08:45:00,11657.0,8686.55
1507,2023-08-01 09:00:00,10422.0,10080.412
1508,2023-08-01 09:15:00,11717.0,11238.72
1509,2023-08-01 09:30:00,16321.0,11995.516
1510,2023-08-01 09:45:00,7356.999999999999,11740.25
1511,2023-08-01 10:00:00,7005.0,11939.253
1512,2023-08-01 10:15:00,10493.0,11192.226
1513,2023-08-01 10:30:00,3878.0,10407.122
1514,2023-08-01 10:45:00,3980.9999999999995,9983.512
1515,2023-08-01 11:00:00,18358.0,10195.719
1516,2023-08-01 11:15:00,13818.0,11614.825
1517,2023-08-01 11:30:00,13782.000000000002,12322.033
1518,2023-08-01 11:45:00,8659.0,11477.61
1519,2023-08-01 12:00:00,16885.0,10607.082
1520,2023-08-01 12:15:00,8619.0,9626.592
1521,2023-08-01 12:30:00,7356.0,8813.132
1522,2023-08-01 12:45:00,11842.0,10528.614
1523,2023-08-01 13:00:00,7352.0,10369.783
1524,2023-08-01 13:15:00,5665.0,10506.676
1525,2023-08-01 13:30:00,11995.0,9522.731
1526,2023-08-01 13:45:00,7366.0,8695.677
1527,2023-08-01 14:00:00,6495.999999999999,9258.976
1528,2023-08-01 14:15:00,8966.0,8113.4224
1529,2023-08-01 14:30:00,3452.0,6795.4277
1530,2023-08-01 14:45:00,2709.0,5460.818
1531,2023-08-01 15:00:00,1888.0,3365.427
1532,2023-08-01 15:15:00,2218.0,3392.414
1533,2023-08-01 15:30:00,6844.0,2857.4753
1534,2023-08-01 15:45:00,2030.0,2267.1045
1535,2023-08-01 16:00:00,1372.0,1968.0315
1536,2023-08-01 16:15:00,1738.0,1575.8966
1537,2023-08-01 16:30:00,2384.0,1266.093
1538,2023-08-01 16:45:00,2102.0,1337.5891
1539,2023-08-01 17:00:00,1155.0,946.11945
1540,2023-08-01 17:15:00,902.0,618.9562
1541,2023-08-01 17:30:00,0.0,279.3277
1542,2023-08-01 17:45:00,0.0,85.65716
1543,2023-08-01 18:00:00,0.0,-61.80193
1544,2023-08-01 18:15:00,0.0,-160.32922
1545,2023-08-01 18:30:00,0.0,-226.70844
1546,2023-08-01 18:45:00,0.0,-108.827835
1547,2023-08-01 19:00:00,860.0,20.373178
1548,2023-08-01 19:15:00,587.0,130.69174
1549,2023-08-01 19:30:00,0.0,280.24594
1550,2023-08-01 19:45:00,1497.0,455.50604
1551,2023-08-02 06:00:00,1058.0,608.7551
1552,2023-08-02 06:15:00,0.0,1831.3345
1553,2023-08-02 06:30:00,0.0,2150.3638
1554,2023-08-02 06:45:00,971.0000000000001,1935.2389
1555,2023-08-02 07:00:00,1619.0,2302.8208
1556,2023-08-02 07:15:00,978.0,2578.8123
1557,2023-08-02 07:30:00,1937.0,2396.479
1558,2023-08-02 07:45:00,1397.9999999999998,2480.3125
1559,2023-08-02 08:00:00,1301.0,3118.5127
1560,2023-08-02 08:15:00,3538.0,3413.5361
1561,2023-08-02 08:30:00,3693.0000000000005,3249.682
1562,2023-08-02 08:45:00,2933.0000000000005,3102.0334
1563,2023-08-02 09:00:00,2100.0,3364.621
1564,2023-08-02 09:15:00,1479.0,3802.2869
1565,2023-08-02 09:30:00,2468.0,4276.682
1566,2023-08-02 09:45:00,2614.0,4480.6304
1567,2023-08-02 10:00:00,4541.0,4537.465
1568,2023-08-02 10:15:00,2709.0,4343.0273
1569,2023-08-02 10:30:00,6639.0,3909.282
1570,2023-08-02 10:45:00,6371.0,3363.6143
1571,2023-08-02 11:00:00,3755.0000000000005,2927.089
1572,2023-08-02 11:15:00,6589.0,2647.4375
1573,2023-08-02 11:30:00,2772.0,2485.9392
1574,2023-08-02 11:45:00,835.0,2891.941
1575,2023-08-02 12:00:00,0.0,2913.1416
1576,2023-08-02 12:15:00,0.0,3556.2585
1577,2023-08-02 12:30:00,0.0,4754.554
1578,2023-08-02 12:45:00,8342.0,5111.8003
1579,2023-08-02 13:00:00,10136.0,6246.3096
1580,2023-08-02 13:15:00,15231.0,7115.9844
1581,2023-08-02 13:30:00,10293.0,7726.2017
1582,2023-08-02 13:45:00,11425.0,7528.1826
1583,2023-08-02 14:00:00,6839.0,7996.801
1584,2023-08-02 14:15:00,1996.0,9106.718
1585,2023-08-02 14:30:00,4505.0,8888.804
1586,2023-08-02 14:45:00,9497.0,5784.192
1587,2023-08-02 15:00:00,3335.0,3756.394
1588,2023-08-02 15:15:00,2707.0,2756.1816
1589,2023-08-02 15:30:00,1605.0,2328.8076
1590,2023-08-02 15:45:00,2302.0,1850.6705
1591,2023-08-02 16:00:00,2059.0,1227.6477
1592,2023-08-02 16:15:00,713.0,691.673
1593,2023-08-02 16:30:00,3551.0,648.5725
1594,2023-08-02 16:45:00,3567.0,451.61133
1595,2023-08-02 17:00:00,2435.0,394.17398
1596,2023-08-02 17:15:00,1417.0,430.72183
1597,2023-08-02 17:30:00,1069.0,439.64355
1598,2023-08-02 17:45:00,0.0,494.5303
1599,2023-08-02 18:00:00,0.0,428.8895
1600,2023-08-02 18:15:00,0.0,263.31366
1601,2023-08-02 18:30:00,0.0,63.054996
1602,2023-08-02 18:45:00,0.0,-102.13346
1603,2023-08-02 19:00:00,0.0,-67.86399
1604,2023-08-02 19:15:00,498.0,3.914887
1605,2023-08-02 19:30:00,0.0,67.79821
1606,2023-08-02 19:45:00,1809.0,169.78922
1607,2023-08-03 06:00:00,1262.0,309.8973
1608,2023-08-03 06:15:00,0.0,1050.6843
1609,2023-08-03 06:30:00,714.0,1724.6831
1610,2023-08-03 06:45:00,935.0,1959.5935
1611,2023-08-03 07:00:00,798.0,2473.8945
1612,2023-08-03 07:15:00,3068.0,2927.0642
1613,2023-08-03 07:30:00,2608.0,2666.1306
1614,2023-08-03 07:45:00,3255.0,2830.793
1615,2023-08-03 08:00:00,4077.0,3477.7866
1616,2023-08-03 08:15:00,7176.0,4307.5845
1617,2023-08-03 08:30:00,6312.999999999999,5683.549
1618,2023-08-03 08:45:00,5335.0,6524.2217
1619,2023-08-03 09:00:00,8055.0,7589.309
1620,2023-08-03 09:15:00,8895.0,8081.092
1621,2023-08-03 09:30:00,10138.0,8568.245
1622,2023-08-03 09:45:00,9478.0,9056.6455
1623,2023-08-03 10:00:00,8267.0,9591.55
1624,2023-08-03 10:15:00,12000.0,9826.213
1625,2023-08-03 10:30:00,14311.0,9867.509
1626,2023-08-03 10:45:00,5217.0,10319.941
1627,2023-08-03 11:00:00,13602.0,10571.671
1628,2023-08-03 11:15:00,19694.0,11299.048
1629,2023-08-03 11:30:00,5786.0,12554.041
1630,2023-08-03 11:45:00,12240.999999999998,12891.448
1631,2023-08-03 12:00:00,2622.0,11773.4375
1632,2023-08-03 12:15:00,12239.0,11418.325
1633,2023-08-03 12:30:00,6988.000000000001,9694.716
1634,2023-08-03 12:45:00,3555.9999999999995,7814.967
1635,2023-08-03 13:00:00,5881.0,7178.871
1636,2023-08-03 13:15:00,2900.0,6651.357
1637,2023-08-03 13:30:00,1116.0,6959.5386
1638,2023-08-03 13:45:00,1795.0,5915.562
1639,2023-08-03 14:00:00,3838.0,6321.5874
1640,2023-08-03 14:15:00,2529.0,5850.675
1641,2023-08-03 14:30:00,2389.0,4817.305
1642,2023-08-03 14:45:00,3377.0000000000005,3778.6753
1643,2023-08-03 15:00:00,1217.0,3203.5881
1644,2023-08-03 15:15:00,1762.0,2710.0242
1645,2023-08-03 15:30:00,1716.0000000000002,2479.0554
1646,2023-08-03 15:45:00,1625.0,2400.08
1647,2023-08-03 16:00:00,2215.0,2014.0526
1648,2023-08-03 16:15:00,1863.0,1288.2932
1649,2023-08-03 16:30:00,2350.0,840.6026
1650,2023-08-03 16:45:00,1393.0,576.891
1651,2023-08-03 17:00:00,619.0,398.35495
1652,2023-08-03 17:15:00,435.0,315.4052
1653,2023-08-03 17:30:00,0.0,273.715
1654,2023-08-03 17:45:00,0.0,234.53441
1655,2023-08-03 18:00:00,0.0,192.71298
1656,2023-08-03 18:15:00,0.0,144.77545
1657,2023-08-03 18:30:00,0.0,80.44226
1658,2023-08-03 18:45:00,0.0,139.6531
1659,2023-08-03 19:00:00,1098.0,199.9278
1660,2023-08-03 19:15:00,1331.0,238.97237
1661,2023-08-03 19:30:00,2108.0,296.4707
1662,2023-08-03 19:45:00,2419.0,374.10175
1663,2023-08-04 06:00:00,2985.0,465.40448
1664,2023-08-04 06:15:00,2177.0,1250.8844
1665,2023-08-04 06:30:00,2248.0,1421.2806
1666,2023-08-04 06:45:00,2237.0,1802.9456
1667,2023-08-04 07:00:00,4736.0,2533.552
1668,2023-08-04 07:15:00,4005.0,3279.6584
1669,2023-08-04 07:30:00,6475.0,4180.0815
1670,2023-08-04 07:45:00,6252.0,5344.8516
1671,2023-08-04 08:00:00,9562.0,6873.645
1672,2023-08-04 08:15:00,6776.0,9589.11
1673,2023-08-04 08:30:00,6651.0,11979.778
1674,2023-08-04 08:45:00,5372.0,12858.76
1675,2023-08-04 09:00:00,9690.0,12843.616
1676,2023-08-04 09:15:00,12592.0,12996.471
1677,2023-08-04 09:30:00,13098.0,13025.235
1678,2023-08-04 09:45:00,16585.0,13546.5625
1679,2023-08-04 10:00:00,12479.0,12889.613
1680,2023-08-04 10:15:00,13611.0,12617.965
1681,2023-08-04 10:30:00,7255.0,12556.644
1682,2023-08-04 10:45:00,8254.0,13261.493
1683,2023-08-04 11:00:00,3647.0,14067.777
1684,2023-08-04 11:15:00,18836.0,14199.317
1685,2023-08-04 11:30:00,18267.0,14019.638
1686,2023-08-04 11:45:00,17491.0,14448.567
1687,2023-08-04 12:00:00,16638.0,14593.761
1688,2023-08-04 12:15:00,15646.999999999998,14565.662
1689,2023-08-04 12:30:00,10769.0,13967.061
1690,2023-08-04 12:45:00,10841.0,13659.889
1691,2023-08-04 13:00:00,8168.0,14753.59
1692,2023-08-04 13:15:00,6099.0,13671.192
1693,2023-08-04 13:30:00,7814.000000000001,12139.92
1694,2023-08-04 13:45:00,10709.0,10371.391
1695,2023-08-04 14:00:00,10074.0,9488.643
1696,2023-08-04 14:15:00,6115.0,8977.708
1697,2023-08-04 14:30:00,5936.000000000001,7311.5015
1698,2023-08-04 14:45:00,11074.0,6135.5684
1699,2023-08-04 15:00:00,8446.0,6684.376
1700,2023-08-04 15:15:00,7257.000000000001,7157.8755
1701,2023-08-04 15:30:00,6775.0,6887.8154
1702,2023-08-04 15:45:00,2877.0,5487.442
1703,2023-08-04 16:00:00,2155.0,4473.979
1704,2023-08-04 16:15:00,2819.0,3068.6125
1705,2023-08-04 16:30:00,2241.0,1855.5775
1706,2023-08-04 16:45:00,2233.0,654.3928
1707,2023-08-04 17:00:00,0.0,109.19374
1708,2023-08-04 17:15:00,0.0,-104.012405
1709,2023-08-04 17:30:00,0.0,-215.509
1710,2023-08-04 17:45:00,0.0,-183.98993
1711,2023-08-04 18:00:00,0.0,-166.46979
1712,2023-08-04 18:15:00,0.0,11.813578
1713,2023-08-04 18:30:00,0.0,131.10739
1714,2023-08-04 18:45:00,0.0,197.35472
1715,2023-08-04 19:00:00,1618.0,297.01013
1716,2023-08-04 19:15:00,2059.0,403.92053
1717,2023-08-04 19:30:00,2889.0,508.30612
1718,2023-08-04 19:45:00,3346.0000000000005,631.6553
1719,2023-08-05 06:00:00,3718.0,727.3239
1720,2023-08-05 06:15:00,4116.0,2068.6084
1721,2023-08-05 06:30:00,3768.0,2637.8228
1722,2023-08-05 06:45:00,4728.0,3147.1367
1723,2023-08-05 07:00:00,2861.0,3803.787
1724,2023-08-05 07:15:00,1067.0,4392.603
1725,2023-08-05 07:30:00,4630.0,5145.9443
1726,2023-08-05 07:45:00,6971.0,5735.2266
1727,2023-08-05 08:00:00,8528.0,6598.675
1728,2023-08-05 08:15:00,10311.0,7043.8696
1729,2023-08-05 08:30:00,10111.0,7935.3604
1730,2023-08-05 08:45:00,12683.0,8498.479
1731,2023-08-05 09:00:00,14235.0,9219.152
1732,2023-08-05 09:15:00,12337.0,9763.119
1733,2023-08-05 09:30:00,11248.000000000002,9498.606
1734,2023-08-05 09:45:00,12036.0,8762.003
1735,2023-08-05 10:00:00,5535.0,8420.806
1736,2023-08-05 10:15:00,8687.0,8114.9907
1737,2023-08-05 10:30:00,9219.0,8738.194
1738,2023-08-05 10:45:00,6460.999999999999,9206.628
1739,2023-08-05 11:00:00,12010.0,9511.321
1740,2023-08-05 11:15:00,6662.0,9762.766
1741,2023-08-05 11:30:00,7563.999999999999,9638.637
1742,2023-08-05 11:45:00,13473.000000000002,9074.792
1743,2023-08-05 12:00:00,5168.0,8126.09
1744,2023-08-05 12:15:00,3693.0000000000005,7209.2417
1745,2023-08-05 12:30:00,4502.0,5301.5903
1746,2023-08-05 12:45:00,2842.9999999999995,4363.3745
1747,2023-08-05 13:00:00,0.0,3486.2185
1748,2023-08-05 13:15:00,0.0,2678.0317
1749,2023-08-05 13:30:00,0.0,2901.6333
1750,2023-08-05 13:45:00,1070.0,2749.9395
1751,2023-08-05 14:00:00,1080.0,2369.4858
1752,2023-08-05 14:15:00,0.0,2096.1128
1753,2023-08-05 14:30:00,0.0,1782.2678
1754,2023-08-05 14:45:00,943.0,1300.9608
1755,2023-08-05 15:00:00,0.0,989.0044
1756,2023-08-05 15:15:00,0.0,726.0491
1757,2023-08-05 15:30:00,0.0,577.639
1758,2023-08-05 15:45:00,0.0,575.12476
1759,2023-08-05 16:00:00,0.0,640.5666
1760,2023-08-05 16:15:00,0.0,653.7514
1761,2023-08-05 16:30:00,0.0,674.6394
1762,2023-08-05 16:45:00,1229.0,696.3417
1763,2023-08-05 17:00:00,1260.0,719.3542
1764,2023-08-05 17:15:00,769.0,723.7017
1765,2023-08-05 17:30:00,0.0,740.22797
1766,2023-08-05 17:45:00,0.0,771.75494
1767,2023-08-05 18:00:00,0.0,815.1016
1768,2023-08-05 18:15:00,0.0,678.385
1769,2023-08-05 18:30:00,0.0,420.38327
1770,2023-08-05 18:45:00,0.0,267.97275
1771,2023-08-05 19:00:00,1532.0,260.70703
1772,2023-08-05 19:15:00,2049.0,298.47046
1773,2023-08-05 19:30:00,2348.0,374.4065
1774,2023-08-05 19:45:00,3021.0,482.664
1775,2023-08-06 06:00:00,3025.0,601.3283
1776,2023-08-06 06:15:00,2741.0,1861.9406
1777,2023-08-06 06:30:00,2605.0,2507.0002
1778,2023-08-06 06:45:00,2484.0,3052.548
1779,2023-08-06 07:00:00,3304.0,3542.2898
1780,2023-08-06 07:15:00,4807.0,3914.9185
1781,2023-08-06 07:30:00,5187.0,4324.6387
1782,2023-08-06 07:45:00,4362.0,4889.6587
1783,2023-08-06 08:00:00,7501.999999999999,5545.218
1784,2023-08-06 08:15:00,6435.0,6267.322
1785,2023-08-06 08:30:00,5792.0,7033.6514
1786,2023-08-06 08:45:00,5551.0,7032.3857
1787,2023-08-06 09:00:00,5852.0,6917.9375
1788,2023-08-06 09:15:00,6437.0,6711.2227
1789,2023-08-06 09:30:00,6094.999999999999,6603.067
1790,2023-08-06 09:45:00,8407.0,6942.443
1791,2023-08-06 10:00:00,6295.0,7215.9946
1792,2023-08-06 10:15:00,6396.000000000001,7604.1084
1793,2023-08-06 10:30:00,5906.0,7693.1455
1794,2023-08-06 10:45:00,8937.0,7433.3765
1795,2023-08-06 11:00:00,7756.0,7663.713
1796,2023-08-06 11:15:00,4249.0,7690.9453
1797,2023-08-06 11:30:00,2425.0,7646.405
1798,2023-08-06 11:45:00,3598.9999999999995,7421.6997
1799,2023-08-06 12:00:00,4514.0,7466.9043
1800,2023-08-06 12:15:00,4516.0,7181.927
1801,2023-08-06 12:30:00,5413.0,6512.487
1802,2023-08-06 12:45:00,5782.999999999999,6548.4165
1803,2023-08-06 13:00:00,8899.0,6943.4014
1804,2023-08-06 13:15:00,0.0,6767.9946
1805,2023-08-06 13:30:00,0.0,5979.8477
1806,2023-08-06 13:45:00,0.0,5146.4355
1807,2023-08-06 14:00:00,0.0,4695.763
1808,2023-08-06 14:15:00,0.0,3837.8667
1809,2023-08-06 14:30:00,136.0,3567.0886
1810,2023-08-06 14:45:00,275.0,3509.1523
1811,2023-08-06 15:00:00,334.0,2730.5083
1812,2023-08-06 15:15:00,0.0,1618.4841
1813,2023-08-06 15:30:00,364.0,825.15845
1814,2023-08-06 15:45:00,0.0,481.8882
1815,2023-08-06 16:00:00,0.0,272.90207
1816,2023-08-06 16:15:00,0.0,246.42038
1817,2023-08-06 16:30:00,0.0,339.34457
1818,2023-08-06 16:45:00,0.0,424.77365
1819,2023-08-06 17:00:00,0.0,396.74258
1820,2023-08-06 17:15:00,0.0,448.12332
1821,2023-08-06 17:30:00,0.0,479.42422
1822,2023-08-06 17:45:00,0.0,506.663
1823,2023-08-06 18:00:00,0.0,513.7975
1824,2023-08-06 18:15:00,0.0,565.086
1825,2023-08-06 18:30:00,0.0,631.2107
1826,2023-08-06 18:45:00,0.0,726.9015
1827,2023-08-06 19:00:00,1584.0,702.3295
1828,2023-08-06 19:15:00,1943.0,813.4929
1829,2023-08-06 19:30:00,2157.0,833.86743
1830,2023-08-06 19:45:00,1283.0,851.2605
1831,2023-08-07 06:00:00,1379.0,862.7095
1832,2023-08-07 06:15:00,2967.0,1971.6191
1833,2023-08-07 06:30:00,3190.0000000000005,2216.847
1834,2023-08-07 06:45:00,3753.0,2485.1516
1835,2023-08-07 07:00:00,5228.0,2887.9583
1836,2023-08-07 07:15:00,4462.0,3492.1772
1837,2023-08-07 07:30:00,4362.0,4313.498
1838,2023-08-07 07:45:00,5180.0,5437.6685
1839,2023-08-07 08:00:00,6440.0,6792.5806
1840,2023-08-07 08:15:00,9259.0,7696.309
1841,2023-08-07 08:30:00,11109.0,8844.325
1842,2023-08-07 08:45:00,4560.0,9159.229
1843,2023-08-07 09:00:00,15285.0,9609.846
1844,2023-08-07 09:15:00,12461.000000000002,10297.362
1845,2023-08-07 09:30:00,9585.0,10995.12
1846,2023-08-07 09:45:00,15912.0,10491.963
1847,2023-08-07 10:00:00,8022.0,10201.504
1848,2023-08-07 10:15:00,4713.0,11207.012
1849,2023-08-07 10:30:00,11085.0,10271.367
1850,2023-08-07 10:45:00,11966.999999999998,10360.368
1851,2023-08-07 11:00:00,16315.0,11150.747
1852,2023-08-07 11:15:00,11553.0,10981.132
1853,2023-08-07 11:30:00,7289.0,12310.216
1854,2023-08-07 11:45:00,10380.0,12816.164
1855,2023-08-07 12:00:00,20552.0,12278.92
1856,2023-08-07 12:15:00,13013.0,12070.1
1857,2023-08-07 12:30:00,13548.0,11107.582
1858,2023-08-07 12:45:00,13242.0,11024.818
1859,2023-08-07 13:00:00,13405.0,10902.493
1860,2023-08-07 13:15:00,11330.0,9949.832
1861,2023-08-07 13:30:00,6016.999999999999,8035.802
1862,2023-08-07 13:45:00,14728.0,8705.594
1863,2023-08-07 14:00:00,11451.0,8357.878
1864,2023-08-07 14:15:00,4840.0,7818.2896
1865,2023-08-07 14:30:00,3397.0,7359.92
1866,2023-08-07 14:45:00,6143.000000000001,6589.729
1867,2023-08-07 15:00:00,11062.0,5801.1494
1868,2023-08-07 15:15:00,5621.0,5168.2207
1869,2023-08-07 15:30:00,4336.0,4833.2407
1870,2023-08-07 15:45:00,7702.0,4612.015
1871,2023-08-07 16:00:00,6871.0,4140.4355
1872,2023-08-07 16:15:00,5668.0,3165.5105
1873,2023-08-07 16:30:00,4050.9999999999995,2409.3057
1874,2023-08-07 16:45:00,3279.0,1680.3052
1875,2023-08-07 17:00:00,2078.0,1170.9291
1876,2023-08-07 17:15:00,1412.0000000000002,751.5003
1877,2023-08-07 17:30:00,685.0,538.41364
1878,2023-08-07 17:45:00,0.0,313.92078
1879,2023-08-07 18:00:00,0.0,155.58601
1880,2023-08-07 18:15:00,0.0,37.313065
1881,2023-08-07 18:30:00,0.0,-39.36124
1882,2023-08-07 18:45:00,0.0,-83.669304
1883,2023-08-07 19:00:00,1103.0,-5.8478703
1884,2023-08-07 19:15:00,1133.0,75.736404
1885,2023-08-07 19:30:00,1248.0,149.78111
1886,2023-08-07 19:45:00,910.0,256.69116
1887,2023-08-08 06:00:00,1510.9999999999998,399.4834
1888,2023-08-08 06:15:00,1927.9999999999998,1287.8853
1889,2023-08-08 06:30:00,2638.0,1666.5436
1890,2023-08-08 06:45:00,2812.0000000000005,2258.0715
1891,2023-08-08 07:00:00,3214.0,2907.8647
1892,2023-08-08 07:15:00,2876.0,3802.1392
1893,2023-08-08 07:30:00,4445.0,4675.349
1894,2023-08-08 07:45:00,6583.0,5606.2026
1895,2023-08-08 08:00:00,6393.0,6408.7803
1896,2023-08-08 08:15:00,7625.999999999999,6922.777
1897,2023-08-08 08:30:00,6885.0,7482.655
1898,2023-08-08 08:45:00,8280.0,7565.0376
1899,2023-08-08 09:00:00,7663.0,7301.8574
1900,2023-08-08 09:15:00,4406.0,7296.311
1901,2023-08-08 09:30:00,5940.0,7321.578
1902,2023-08-08 09:45:00,3146.0,7551.804
1903,2023-08-08 10:00:00,5631.0,7302.3535
1904,2023-08-08 10:15:00,5341.0,7661.6704
1905,2023-08-08 10:30:00,2077.0,8001.784
1906,2023-08-08 10:45:00,3547.0,8930.338
1907,2023-08-08 11:00:00,7210.0,9144.075
1908,2023-08-08 11:15:00,19964.0,9718.293
1909,2023-08-08 11:30:00,8983.0,10461.857
1910,2023-08-08 11:45:00,10376.0,11005.565
1911,2023-08-08 12:00:00,13144.0,11482.271
1912,2023-08-08 12:15:00,9372.0,11643.338
1913,2023-08-08 12:30:00,13811.0,11078.107
1914,2023-08-08 12:45:00,4515.0,9343.814
1915,2023-08-08 13:00:00,8428.0,9559.873
1916,2023-08-08 13:15:00,6285.999999999999,8474.577
1917,2023-08-08 13:30:00,6406.0,6170.211
1918,2023-08-08 13:45:00,8122.0,3388.4573
1919,2023-08-08 14:00:00,2068.0,2674.3088
1920,2023-08-08 14:15:00,8768.0,5247.8145
1921,2023-08-08 14:30:00,2670.0,5374.117
1922,2023-08-08 14:45:00,7044.0,5015.772
1923,2023-08-08 15:00:00,3633.0,5048.079
1924,2023-08-08 15:15:00,3711.0,3946.16
1925,2023-08-08 15:30:00,1315.0,3449.1885
1926,2023-08-08 15:45:00,482.99999999999994,1792.9198
1927,2023-08-08 16:00:00,3008.0,1335.4476
1928,2023-08-08 16:15:00,1662.9999999999998,809.68066
1929,2023-08-08 16:30:00,0.0,592.97296
1930,2023-08-08 16:45:00,1084.0,315.29532
1931,2023-08-08 17:00:00,0.0,180.44656
1932,2023-08-08 17:15:00,0.0,103.37645
1933,2023-08-08 17:30:00,0.0,115.369835
1934,2023-08-08 17:45:00,0.0,179.29779
1935,2023-08-08 18:00:00,0.0,201.34843
1936,2023-08-08 18:15:00,0.0,214.2918
1937,2023-08-08 18:30:00,0.0,286.49887
1938,2023-08-08 18:45:00,0.0,333.54263
1939,2023-08-08 19:00:00,955.0,397.13095
1940,2023-08-08 19:15:00,1291.0,467.91376
1941,2023-08-08 19:30:00,1413.0,545.86145
1942,2023-08-08 19:45:00,1604.0,624.52527
1943,2023-08-09 06:00:00,1827.0000000000002,715.2135
1944,2023-08-09 06:15:00,2451.0,1641.3538
1945,2023-08-09 06:30:00,2485.0,1955.4196
1946,2023-08-09 06:45:00,2939.0,2270.9038
1947,2023-08-09 07:00:00,2459.0,2909.1912
1948,2023-08-09 07:15:00,4014.0,3508.186
1949,2023-08-09 07:30:00,3494.0000000000005,4718.705
1950,2023-08-09 07:45:00,4869.0,5924.887
1951,2023-08-09 08:00:00,8311.0,7633.163
1952,2023-08-09 08:15:00,9231.0,9231.777
1953,2023-08-09 08:30:00,11412.999999999998,10591.561
1954,2023-08-09 08:45:00,12889.0,11342.422
1955,2023-08-09 09:00:00,14321.0,12281.275
1956,2023-08-09 09:15:00,12185.0,12899.838
1957,2023-08-09 09:30:00,12407.0,13382.42
1958,2023-08-09 09:45:00,12452.0,13794.512
1959,2023-08-09 10:00:00,12455.0,13929.967
1960,2023-08-09 10:15:00,10868.0,14173.472
1961,2023-08-09 10:30:00,12881.000000000002,14020.379
1962,2023-08-09 10:45:00,8637.0,13682.365
1963,2023-08-09 11:00:00,12316.0,13203.241
1964,2023-08-09 11:15:00,10177.0,12364.794
1965,2023-08-09 11:30:00,7932.0,11326.652
1966,2023-08-09 11:45:00,3682.0,10327.221
1967,2023-08-09 12:00:00,4564.0,9971.105
1968,2023-08-09 12:15:00,16971.0,9763.522
1969,2023-08-09 12:30:00,7988.0,9772.651
1970,2023-08-09 12:45:00,1802.0,10076.938
1971,2023-08-09 13:00:00,1056.0,9322.578
1972,2023-08-09 13:15:00,1692.0,9303.529
1973,2023-08-09 13:30:00,5247.0,9542.312
1974,2023-08-09 13:45:00,15158.0,8956.916
1975,2023-08-09 14:00:00,14035.0,8458.963
1976,2023-08-09 14:15:00,11802.000000000002,7915.7715
1977,2023-08-09 14:30:00,6367.0,7008.2466
1978,2023-08-09 14:45:00,6495.999999999999,6416.7334
1979,2023-08-09 15:00:00,5364.0,5723.0107
1980,2023-08-09 15:15:00,6635.999999999999,4879.6025
1981,2023-08-09 15:30:00,5323.0,4393.1523
1982,2023-08-09 15:45:00,6519.999999999999,3738.8481
1983,2023-08-09 16:00:00,5743.0,3037.2974
1984,2023-08-09 16:15:00,4357.0,2427.264
1985,2023-08-09 16:30:00,4539.0,1938.6444
1986,2023-08-09 16:45:00,3068.0,1503.7423
1987,2023-08-09 17:00:00,2093.0,1071.6068
1988,2023-08-09 17:15:00,1309.0,583.4976
1989,2023-08-09 17:30:00,614.0,365.3083
1990,2023-08-09 17:45:00,0.0,148.22725
1991,2023-08-09 18:00:00,0.0,66.24468
1992,2023-08-09 18:15:00,0.0,-13.906211
1993,2023-08-09 18:30:00,0.0,-57.55006
1994,2023-08-09 18:45:00,0.0,-79.16507
1995,2023-08-09 19:00:00,1017.0,3.5955875
1996,2023-08-09 19:15:00,1259.0,97.12846
1997,2023-08-09 19:30:00,896.0000000000001,183.57477
1998,2023-08-09 19:45:00,686.0,299.67957
1999,2023-08-10 06:00:00,1786.0000000000002,443.57843
2000,2023-08-10 06:15:00,2965.0,1410.9082
2001,2023-08-10 06:30:00,3136.0,1829.2957
2002,2023-08-10 06:45:00,3968.9999999999995,2303.062
2003,2023-08-10 07:00:00,4348.0,2864.5964
2004,2023-08-10 07:15:00,4322.0,3568.3857
2005,2023-08-10 07:30:00,5071.0,4356.428
2006,2023-08-10 07:45:00,4808.0,5304.5493
2007,2023-08-10 08:00:00,4279.0,6099.898
2008,2023-08-10 08:15:00,5180.0,6808.2793
2009,2023-08-10 08:30:00,4461.0,7377.7227
2010,2023-08-10 08:45:00,4571.0,7379.7827
2011,2023-08-10 09:00:00,4877.0,7370.707
2012,2023-08-10 09:15:00,5603.0,7570.005
2013,2023-08-10 09:30:00,5665.0,7987.8633
2014,2023-08-10 09:45:00,7021.0,8081.53
2015,2023-08-10 10:00:00,6676.000000000001,8385.303
2016,2023-08-10 10:15:00,7864.0,8651.151
2017,2023-08-10 10:30:00,8046.0,8966.383
2018,2023-08-10 10:45:00,10139.0,9188.406
2019,2023-08-10 11:00:00,11560.000000000002,9295.343
2020,2023-08-10 11:15:00,14010.0,9365.082
2021,2023-08-10 11:30:00,14182.0,9655.0625
2022,2023-08-10 11:45:00,11121.0,9480.436
2023,2023-08-10 12:00:00,9685.0,9465.239
2024,2023-08-10 12:15:00,9451.0,9269.881
2025,2023-08-10 12:30:00,10387.0,8534.352
2026,2023-08-10 12:45:00,7570.0,8158.3833
2027,2023-08-10 13:00:00,7722.0,7633.2544
2028,2023-08-10 13:15:00,3987.0,7717.337
2029,2023-08-10 13:30:00,2625.0,7626.7163
2030,2023-08-10 13:45:00,3152.0,7299.7065
2031,2023-08-10 14:00:00,3799.0,6571.4243
2032,2023-08-10 14:15:00,3545.0000000000005,5918.854
2033,2023-08-10 14:30:00,2790.0,5149.4414
2034,2023-08-10 14:45:00,3125.0,4405.1904
2035,2023-08-10 15:00:00,3442.0,3545.6216
2036,2023-08-10 15:15:00,3442.9999999999995,2648.2688
2037,2023-08-10 15:30:00,3748.0,1906.1531
2038,2023-08-10 15:45:00,3063.0,1331.5737
2039,2023-08-10 16:00:00,1605.0,934.2438
2040,2023-08-10 16:15:00,919.0,682.6589
2041,2023-08-10 16:30:00,0.0,555.38806
2042,2023-08-10 16:45:00,0.0,479.4728
2043,2023-08-10 17:00:00,0.0,407.7989
2044,2023-08-10 17:15:00,0.0,291.3153
2045,2023-08-10 17:30:00,0.0,174.18999
2046,2023-08-10 17:45:00,0.0,184.51747
2047,2023-08-10 18:00:00,0.0,216.88916
2048,2023-08-10 18:15:00,0.0,228.68605
2049,2023-08-10 18:30:00,0.0,257.11856
2050,2023-08-10 18:45:00,0.0,297.1898
2051,2023-08-10 19:00:00,500.99999999999994,342.27512
2052,2023-08-10 19:15:00,554.0,395.20276
2053,2023-08-10 19:30:00,608.0,451.33765
2054,2023-08-10 19:45:00,695.0,509.48383
2055,2023-08-11 06:00:00,794.0,593.467
2056,2023-08-11 06:15:00,845.0,1261.1506
2057,2023-08-11 06:30:00,912.0,1199.7224
2058,2023-08-11 06:45:00,1051.0,1473.945
2059,2023-08-11 07:00:00,1351.0,2025.0172
2060,2023-08-11 07:15:00,1826.0,2805.4614
2061,2023-08-11 07:30:00,3822.0,3906.7769
2062,2023-08-11 07:45:00,5638.0,5299.727
2063,2023-08-11 08:00:00,6712.0,7095.861
2064,2023-08-11 08:15:00,9002.0,8994.816
2065,2023-08-11 08:30:00,10459.0,10501.685
2066,2023-08-11 08:45:00,11681.000000000002,11230.854
2067,2023-08-11 09:00:00,12748.0,11969.6455
2068,2023-08-11 09:15:00,13659.0,12730.268
2069,2023-08-11 09:30:00,15024.0,13404.018
2070,2023-08-11 09:45:00,14388.0,13885.045
2071,2023-08-11 10:00:00,14239.999999999998,14298.27
2072,2023-08-11 10:15:00,15772.0,14610.749
2073,2023-08-11 10:30:00,16850.0,14934.464
2074,2023-08-11 10:45:00,17527.0,15262.552
2075,2023-08-11 11:00:00,17472.0,15438.881
2076,2023-08-11 11:15:00,17629.0,15486.387
2077,2023-08-11 11:30:00,17316.0,15655.395
2078,2023-08-11 11:45:00,16962.0,15553.839
2079,2023-08-11 12:00:00,16853.0,15410.226
2080,2023-08-11 12:15:00,16742.0,15114.53
2081,2023-08-11 12:30:00,16047.0,14739.989
2082,2023-08-11 12:45:00,16638.0,14371.523
2083,2023-08-11 13:00:00,12520.0,13782.402
2084,2023-08-11 13:15:00,12942.0,12977.778
2085,2023-08-11 13:30:00,13337.0,12226.14
2086,2023-08-11 13:45:00,12071.0,11429.321
2087,2023-08-11 14:00:00,12112.0,10713.165
2088,2023-08-11 14:15:00,8971.0,9677.081
2089,2023-08-11 14:30:00,9101.0,8604.235
2090,2023-08-11 14:45:00,5157.0,7111.127
2091,2023-08-11 15:00:00,4686.0,5537.5884
2092,2023-08-11 15:15:00,4917.0,4386.9336
2093,2023-08-11 15:30:00,3694.0,3252.5996
2094,2023-08-11 15:45:00,3409.0,2456.3804
2095,2023-08-11 16:00:00,2488.0,1600.1432
2096,2023-08-11 16:15:00,1581.0,1046.5627
2097,2023-08-11 16:30:00,1371.0,644.8694
2098,2023-08-11 16:45:00,939.0,372.06067
2099,2023-08-11 17:00:00,0.0,200.67282
2100,2023-08-11 17:15:00,0.0,73.62393
2101,2023-08-11 17:30:00,0.0,-12.000166
2102,2023-08-11 17:45:00,0.0,-69.86589
2103,2023-08-11 18:00:00,0.0,-107.209526
2104,2023-08-11 18:15:00,0.0,6.3664837
2105,2023-08-11 18:30:00,0.0,107.26539
2106,2023-08-11 18:45:00,0.0,177.64972
2107,2023-08-11 19:00:00,2760.0,272.68738
2108,2023-08-11 19:15:00,2235.0,389.77286
2109,2023-08-11 19:30:00,1991.0,517.31146
2110,2023-08-11 19:45:00,884.0,641.45294
2111,2023-08-12 06:00:00,0.0,749.2331
2112,2023-08-12 06:15:00,0.0,2053.289
2113,2023-08-12 06:30:00,0.0,2589.2327
2114,2023-08-12 06:45:00,0.0,2715.3916
2115,2023-08-12 07:00:00,0.0,2481.3882
2116,2023-08-12 07:15:00,732.0,2164.4463
2117,2023-08-12 07:30:00,1645.0,2230.197
2118,2023-08-12 07:45:00,3063.0,2455.7097
2119,2023-08-12 08:00:00,2498.0,2723.5469
2120,2023-08-12 08:15:00,1574.0,3077.6604
2121,2023-08-12 08:30:00,946.0,3099.3638
2122,2023-08-12 08:45:00,681.0,2207.1152
2123,2023-08-12 09:00:00,1838.0,1746.6976
2124,2023-08-12 09:15:00,2628.0,2026.3118
2125,2023-08-12 09:30:00,1883.0,2716.362
2126,2023-08-12 09:45:00,2644.0,3307.2114
2127,2023-08-12 10:00:00,2869.0,3868.5408
2128,2023-08-12 10:15:00,4161.0,4666.894
2129,2023-08-12 10:30:00,11858.0,5797.979
2130,2023-08-12 10:45:00,5995.0,6775.709
2131,2023-08-12 11:00:00,4117.0,7697.966
2132,2023-08-12 11:15:00,5374.0,8267.456
2133,2023-08-12 11:30:00,8074.999999999999,8856.65
2134,2023-08-12 11:45:00,15476.0,9584.85
2135,2023-08-12 12:00:00,8839.0,9598.739
2136,2023-08-12 12:15:00,7820.0,9544.249
2137,2023-08-12 12:30:00,9907.0,9414.031
2138,2023-08-12 12:45:00,11169.0,9077.632
2139,2023-08-12 13:00:00,10246.0,8823.145
2140,2023-08-12 13:15:00,8276.0,8472.527
2141,2023-08-12 13:30:00,8810.0,8499.567
2142,2023-08-12 13:45:00,13579.0,9068.131
2143,2023-08-12 14:00:00,13628.0,8695.323
2144,2023-08-12 14:15:00,12549.0,8329.134
2145,2023-08-12 14:30:00,10861.0,7437.7944
2146,2023-08-12 14:45:00,7398.0,6703.562
2147,2023-08-12 15:00:00,7512.0,6188.1313
2148,2023-08-12 15:15:00,9511.0,5168.7783
2149,2023-08-12 15:30:00,5310.0,4509.1934
2150,2023-08-12 15:45:00,3533.0000000000005,3671.279
2151,2023-08-12 16:00:00,5935.0,2985.184
2152,2023-08-12 16:15:00,4703.0,2076.0764
2153,2023-08-12 16:30:00,2194.0,1578.9703
2154,2023-08-12 16:45:00,1142.0,1136.1986
2155,2023-08-12 17:00:00,804.0,676.7654
2156,2023-08-12 17:15:00,0.0,403.08508
2157,2023-08-12 17:30:00,0.0,233.69402
2158,2023-08-12 17:45:00,0.0,116.29419
2159,2023-08-12 18:00:00,0.0,18.67752
2160,2023-08-12 18:15:00,0.0,-48.798252
2161,2023-08-12 18:30:00,0.0,-3.660373
2162,2023-08-12 18:45:00,0.0,39.357273
2163,2023-08-12 19:00:00,895.0000000000001,68.26659
2164,2023-08-12 19:15:00,1201.0,126.51986
2165,2023-08-12 19:30:00,1060.0,204.86586
2166,2023-08-12 19:45:00,733.0,294.90378
2167,2023-08-13 06:00:00,683.0,386.63986
2168,2023-08-13 06:15:00,1128.0,1136.7494
2169,2023-08-13 06:30:00,1427.0,1358.2227
2170,2023-08-13 06:45:00,1198.0,1838.8844
2171,2023-08-13 07:00:00,1307.0,2332.8464
2172,2023-08-13 07:15:00,2189.0,2912.8857
2173,2023-08-13 07:30:00,4633.0,3708.4788
2174,2023-08-13 07:45:00,6033.000000000001,4666.005
2175,2023-08-13 08:00:00,7009.0,5642.313
2176,2023-08-13 08:15:00,8847.0,6472.1494
2177,2023-08-13 08:30:00,10731.0,7328.798
2178,2023-08-13 08:45:00,11076.0,7861.5225
2179,2023-08-13 09:00:00,7799.0,8309.953
2180,2023-08-13 09:15:00,2828.0,8760.602
2181,2023-08-13 09:30:00,2962.0,9123.114
2182,2023-08-13 09:45:00,5433.0,9112.689
2183,2023-08-13 10:00:00,10585.0,9149.8955
2184,2023-08-13 10:15:00,11245.000000000002,8733.853
2185,2023-08-13 10:30:00,11367.0,8405.245
2186,2023-08-13 10:45:00,7450.0,8652.782
2187,2023-08-13 11:00:00,9304.0,8664.486
2188,2023-08-13 11:15:00,11518.0,9173.38
2189,2023-08-13 11:30:00,17435.0,8815.555
2190,2023-08-13 11:45:00,8421.0,8385.372
2191,2023-08-13 12:00:00,15772.0,7478.2456
2192,2023-08-13 12:15:00,11742.0,7447.975
2193,2023-08-13 12:30:00,5975.0,7437.8267
2194,2023-08-13 12:45:00,5542.0,7876.0054
2195,2023-08-13 13:00:00,6367.0,7333.672
2196,2023-08-13 13:15:00,5060.0,8012.7275
2197,2023-08-13 13:30:00,4111.0,7201.77
2198,2023-08-13 13:45:00,3615.0000000000005,7233.94
2199,2023-08-13 14:00:00,5149.0,6993.454
2200,2023-08-13 14:15:00,9407.0,6225.2427
2201,2023-08-13 14:30:00,5269.0,5920.182
2202,2023-08-13 14:45:00,4547.0,4905.9946
2203,2023-08-13 15:00:00,9130.0,3544.6418
2204,2023-08-13 15:15:00,5545.0,2570.6233
2205,2023-08-13 15:30:00,1599.0000000000002,1999.1007
2206,2023-08-13 15:45:00,947.0,1275.8517
2207,2023-08-13 16:00:00,614.0,859.99445
2208,2023-08-13 16:15:00,0.0,634.3566
2209,2023-08-13 16:30:00,0.0,343.08228
2210,2023-08-13 16:45:00,0.0,120.42243
2211,2023-08-13 17:00:00,707.0,-29.0012
2212,2023-08-13 17:15:00,0.0,-96.96815
2213,2023-08-13 17:30:00,0.0,19.438253
2214,2023-08-13 17:45:00,0.0,126.3574
2215,2023-08-13 18:00:00,0.0,218.64713
2216,2023-08-13 18:15:00,0.0,236.06628
2217,2023-08-13 18:30:00,0.0,327.79477
2218,2023-08-13 18:45:00,0.0,452.68787
2219,2023-08-13 19:00:00,841.0,543.1501
2220,2023-08-13 19:15:00,1600.0,623.13934
2221,2023-08-13 19:30:00,2131.0,710.2859
2222,2023-08-13 19:45:00,2631.0,808.2607
2223,2023-08-14 06:00:00,2712.0,864.0286
2224,2023-08-14 06:15:00,2635.0,2028.2654
2225,2023-08-14 06:30:00,2838.0,2256.7354
2226,2023-08-14 06:45:00,2468.0,2822.9238
2227,2023-08-14 07:00:00,2410.0,3441.3904
2228,2023-08-14 07:15:00,2441.0,4018.1335
2229,2023-08-14 07:30:00,6799.0,4740.3647
2230,2023-08-14 07:45:00,5784.0,5640.347
2231,2023-08-14 08:00:00,6487.0,6898.0483
2232,2023-08-14 08:15:00,8872.0,8488.529
2233,2023-08-14 08:30:00,10313.0,9928.317
2234,2023-08-14 08:45:00,11643.000000000002,10992.0625
2235,2023-08-14 09:00:00,12733.0,11745.323
2236,2023-08-14 09:15:00,13230.999999999998,12732.959
2237,2023-08-14 09:30:00,12678.0,13178.72
2238,2023-08-14 09:45:00,15191.0,13697.565
2239,2023-08-14 10:00:00,16112.000000000002,14305.182
2240,2023-08-14 10:15:00,11538.0,14745.254
2241,2023-08-14 10:30:00,18076.0,15125.699
2242,2023-08-14 10:45:00,16404.0,15399.447
2243,2023-08-14 11:00:00,15738.0,15480.595
2244,2023-08-14 11:15:00,17390.0,15298.6455
2245,2023-08-14 11:30:00,14917.999999999998,15013.3955
2246,2023-08-14 11:45:00,14538.0,14912.178
2247,2023-08-14 12:00:00,14034.0,14428.25
2248,2023-08-14 12:15:00,16552.0,14122.04
2249,2023-08-14 12:30:00,16216.0,13818.703
2250,2023-08-14 12:45:00,16044.0,13581.374
2251,2023-08-14 13:00:00,15819.000000000002,13468.89
2252,2023-08-14 13:15:00,14712.0,13258.714
2253,2023-08-14 13:30:00,14667.000000000002,12632.471
2254,2023-08-14 13:45:00,13739.0,12068.914
2255,2023-08-14 14:00:00,12853.0,11629.208
2256,2023-08-14 14:15:00,12361.999999999998,11132.311
2257,2023-08-14 14:30:00,10905.0,10455.726
2258,2023-08-14 14:45:00,12127.0,9699.862
2259,2023-08-14 15:00:00,9473.0,8582.223
2260,2023-08-14 15:15:00,7227.0,7368.892
2261,2023-08-14 15:30:00,2178.0,6104.3374
2262,2023-08-14 15:45:00,3469.0,4528.5386
2263,2023-08-14 16:00:00,3188.0,3226.7542
2264,2023-08-14 16:15:00,2631.0,2122.0764
2265,2023-08-14 16:30:00,2208.0,1120.1903
2266,2023-08-14 16:45:00,2310.0,492.93478
2267,2023-08-14 17:00:00,1287.0,154.56613
2268,2023-08-14 17:15:00,910.0,19.918854
2269,2023-08-14 17:30:00,0.0,-27.529482
2270,2023-08-14 17:45:00,0.0,-32.41681
2271,2023-08-14 18:00:00,0.0,-22.352932
2272,2023-08-14 18:15:00,0.0,0.8640252
2273,2023-08-14 18:30:00,0.0,23.253979
2274,2023-08-14 18:45:00,0.0,140.98105
2275,2023-08-14 19:00:00,512.0,243.77228
2276,2023-08-14 19:15:00,756.0,303.2421
2277,2023-08-14 19:30:00,1792.0000000000002,367.78238
2278,2023-08-14 19:45:00,1088.0,429.88986
2279,2023-08-15 06:00:00,906.0,474.72266
2280,2023-08-15 06:15:00,1157.0,1187.4834
2281,2023-08-15 06:30:00,1249.0,1366.7998
2282,2023-08-15 06:45:00,1443.0000000000002,1943.8622
2283,2023-08-15 07:00:00,1861.0,2852.322
2284,2023-08-15 07:15:00,2338.0,3797.969
2285,2023-08-15 07:30:00,5044.0,4907.438
2286,2023-08-15 07:45:00,6918.000000000001,6147.7886
2287,2023-08-15 08:00:00,8469.0,7208.88
2288,2023-08-15 08:15:00,10388.0,8134.479
2289,2023-08-15 08:30:00,9899.0,9294.872
2290,2023-08-15 08:45:00,8693.0,10242.419
2291,2023-08-15 09:00:00,11763.0,11367.44
2292,2023-08-15 09:15:00,13242.0,12545.788
2293,2023-08-15 09:30:00,12056.0,13338.562
2294,2023-08-15 09:45:00,11344.0,13781.462
2295,2023-08-15 10:00:00,11000.0,14020.511
2296,2023-08-15 10:15:00,11503.0,14379.16
2297,2023-08-15 10:30:00,14807.000000000002,14807.808
2298,2023-08-15 10:45:00,9288.0,14908.721
2299,2023-08-15 11:00:00,12799.0,14590.608
2300,2023-08-15 11:15:00,18509.0,14241.044
2301,2023-08-15 11:30:00,12526.0,14093.798
2302,2023-08-15 11:45:00,11568.999999999998,13828.944
2303,2023-08-15 12:00:00,11104.0,13090.818
2304,2023-08-15 12:15:00,11084.0,12868.265
2305,2023-08-15 12:30:00,11903.0,12241.378
2306,2023-08-15 12:45:00,11755.0,11318.511
2307,2023-08-15 13:00:00,10892.0,10883.256
2308,2023-08-15 13:15:00,10697.0,10123.702
2309,2023-08-15 13:30:00,12663.999999999998,9981.304
2310,2023-08-15 13:45:00,14384.0,9479.755
2311,2023-08-15 14:00:00,9876.0,9034.507
2312,2023-08-15 14:15:00,5547.0,8460.488
2313,2023-08-15 14:30:00,10313.0,7659.7544
2314,2023-08-15 14:45:00,9138.0,7087.506
2315,2023-08-15 15:00:00,8777.0,6396.3525
2316,2023-08-15 15:15:00,5780.000000000001,5452.9688
2317,2023-08-15 15:30:00,5504.0,4342.396
2318,2023-08-15 15:45:00,6136.0,3900.5767
2319,2023-08-15 16:00:00,4002.0,2952.413
2320,2023-08-15 16:15:00,2329.0,2281.1987
2321,2023-08-15 16:30:00,1332.0,1509.7749
2322,2023-08-15 16:45:00,0.0,925.55096
2323,2023-08-15 17:00:00,1016.0,504.2329
2324,2023-08-15 17:15:00,688.0,281.9573
2325,2023-08-15 17:30:00,0.0,97.102516
2326,2023-08-15 17:45:00,0.0,-19.998348
2327,2023-08-15 18:00:00,0.0,29.248774
2328,2023-08-15 18:15:00,0.0,-1.0064869
2329,2023-08-15 18:30:00,0.0,-59.26654
2330,2023-08-15 18:45:00,0.0,94.56597
2331,2023-08-15 19:00:00,0.0,197.79301
2332,2023-08-15 19:15:00,0.0,259.98465
2333,2023-08-15 19:30:00,1026.0,323.47382
2334,2023-08-15 19:45:00,1339.0,387.5728
2335,2023-08-16 06:00:00,1043.0,457.6418
2336,2023-08-16 06:15:00,1450.0,993.894
2337,2023-08-16 06:30:00,2167.0,971.9877
2338,2023-08-16 06:45:00,2833.0,1299.1842
2339,2023-08-16 07:00:00,2939.9999999999995,1843.1143
2340,2023-08-16 07:15:00,3339.0,2419.9106
2341,2023-08-16 07:30:00,4268.0,3194.9553
2342,2023-08-16 07:45:00,5832.0,4084.1855
2343,2023-08-16 08:00:00,6154.000000000001,5199.099
2344,2023-08-16 08:15:00,5860.999999999999,6734.667
2345,2023-08-16 08:30:00,6164.0,8516.411
2346,2023-08-16 08:45:00,7376.0,9222.417
2347,2023-08-16 09:00:00,11626.0,9935.724
2348,2023-08-16 09:15:00,9500.0,10226.529
2349,2023-08-16 09:30:00,12457.0,10229.002
2350,2023-08-16 09:45:00,8286.0,10520.047
2351,2023-08-16 10:00:00,10681.0,10722.889
2352,2023-08-16 10:15:00,11384.0,11331.823
2353,2023-08-16 10:30:00,9665.0,11520.286
2354,2023-08-16 10:45:00,10565.0,12084.458
2355,2023-08-16 11:00:00,12061.0,12333.848
2356,2023-08-16 11:15:00,17013.0,13015.277
2357,2023-08-16 11:30:00,17768.0,13352.14
2358,2023-08-16 11:45:00,16581.0,13362.97
2359,2023-08-16 12:00:00,16619.0,13599.149
2360,2023-08-16 12:15:00,16355.0,13026.203
2361,2023-08-16 12:30:00,8677.0,12879.346
2362,2023-08-16 12:45:00,9472.0,11616.925
2363,2023-08-16 13:00:00,14772.000000000002,10563.578
2364,2023-08-16 13:15:00,13739.0,9842.447
2365,2023-08-16 13:30:00,8668.0,9230.226
2366,2023-08-16 13:45:00,5781.0,8254.687
2367,2023-08-16 14:00:00,3880.0000000000005,7832.0254
2368,2023-08-16 14:15:00,3388.0,6397.023
2369,2023-08-16 14:30:00,4044.0,5065.041
2370,2023-08-16 14:45:00,5788.000000000001,4602.3135
2371,2023-08-16 15:00:00,6357.0,3964.944
2372,2023-08-16 15:15:00,4698.0,3411.9568
2373,2023-08-16 15:30:00,4376.0,2722.8467
2374,2023-08-16 15:45:00,2203.0,2034.0121
2375,2023-08-16 16:00:00,1718.0,1495.175
2376,2023-08-16 16:15:00,1365.0,1133.6311
2377,2023-08-16 16:30:00,0.0,766.9278
2378,2023-08-16 16:45:00,0.0,505.49094
2379,2023-08-16 17:00:00,0.0,275.09268
2380,2023-08-16 17:15:00,0.0,122.49044
2381,2023-08-16 17:30:00,0.0,27.39677
2382,2023-08-16 17:45:00,0.0,45.6631
2383,2023-08-16 18:00:00,0.0,80.02463
2384,2023-08-16 18:15:00,0.0,112.67298
2385,2023-08-16 18:30:00,0.0,170.40352
2386,2023-08-16 18:45:00,0.0,243.51297
2387,2023-08-16 19:00:00,931.0000000000001,320.8847
2388,2023-08-16 19:15:00,952.0,393.76575
2389,2023-08-16 19:30:00,804.0,450.71573
2390,2023-08-16 19:45:00,1122.0,499.392
2391,2023-08-17 06:00:00,1693.0,555.83826
2392,2023-08-17 06:15:00,1526.0,1404.6752
2393,2023-08-17 06:30:00,2212.0,1507.8423
2394,2023-08-17 06:45:00,2523.0,1637.6698
2395,2023-08-17 07:00:00,2282.0,1720.9225
2396,2023-08-17 07:15:00,2832.0,1823.0594
2397,2023-08-17 07:30:00,2164.0,2011.4514
2398,2023-08-17 07:45:00,2113.0,2208.1313
2399,2023-08-17 08:00:00,1789.0,2466.5554
2400,2023-08-17 08:15:00,1104.0,2647.1848
2401,2023-08-17 08:30:00,1360.0,2994.3342
2402,2023-08-17 08:45:00,1632.0000000000002,2944.177
2403,2023-08-17 09:00:00,2103.0,3066.6296
2404,2023-08-17 09:15:00,2837.0,3196.9182
2405,2023-08-17 09:30:00,3380.0,3324.0164
2406,2023-08-17 09:45:00,3000.0,3461.5725
2407,2023-08-17 10:00:00,3253.0,3542.8748
2408,2023-08-17 10:15:00,3060.0,3686.3613
2409,2023-08-17 10:30:00,3040.0,3735.621
2410,2023-08-17 10:45:00,3471.0000000000005,3665.1023
2411,2023-08-17 11:00:00,2910.0,3554.8835
2412,2023-08-17 11:15:00,2498.0,3354.7903
2413,2023-08-17 11:30:00,2434.0,3124.3662
2414,2023-08-17 11:45:00,3116.0000000000005,2883.7737
2415,2023-08-17 12:00:00,2380.0,2674.449
2416,2023-08-17 12:15:00,3511.0,2525.0535
2417,2023-08-17 12:30:00,3411.9999999999995,2515.086
2418,2023-08-17 12:45:00,2567.0,2513.665
2419,2023-08-17 13:00:00,2417.0,2504.7632
2420,2023-08-17 13:15:00,2038.9999999999998,2487.0256
2421,2023-08-17 13:30:00,2070.0,2378.3662
2422,2023-08-17 13:45:00,1938.0000000000002,2195.5784
2423,2023-08-17 14:00:00,1422.0,1924.7689
2424,2023-08-17 14:15:00,1302.0,1656.7129
2425,2023-08-17 14:30:00,989.0,1379.4889
2426,2023-08-17 14:45:00,772.9999999999999,1154.3406
2427,2023-08-17 15:00:00,1186.0,956.9355
2428,2023-08-17 15:15:00,826.0,822.15283
2429,2023-08-17 15:30:00,0.0,719.5049
2430,2023-08-17 15:45:00,0.0,603.1532
2431,2023-08-17 16:00:00,0.0,488.5246
2432,2023-08-17 16:15:00,0.0,377.3992
2433,2023-08-17 16:30:00,0.0,269.9715
2434,2023-08-17 16:45:00,0.0,309.88657
2435,2023-08-17 17:00:00,0.0,367.61826
2436,2023-08-17 17:15:00,0.0,388.0402
2437,2023-08-17 17:30:00,0.0,401.21127
2438,2023-08-17 17:45:00,0.0,419.44537
2439,2023-08-17 18:00:00,0.0,446.83636
2440,2023-08-17 18:15:00,0.0,475.83575
2441,2023-08-17 18:30:00,0.0,502.0145
2442,2023-08-17 18:45:00,0.0,533.62213
2443,2023-08-17 19:00:00,1296.0,581.7879
2444,2023-08-17 19:15:00,1000.9999999999999,602.59705
2445,2023-08-17 19:30:00,1050.0,628.55286
2446,2023-08-17 19:45:00,1650.0,658.93024
2447,2023-08-18 06:00:00,1805.0,693.0978
2448,2023-08-18 06:15:00,1590.9999999999998,1734.5775
2449,2023-08-18 06:30:00,1777.0,1879.5823
2450,2023-08-18 06:45:00,2091.0,2177.8547
2451,2023-08-18 07:00:00,2310.0,2624.6233
2452,2023-08-18 07:15:00,2454.0,3175.1506
2453,2023-08-18 07:30:00,2803.9999999999995,3924.2905
2454,2023-08-18 07:45:00,3559.9999999999995,4763.5864
2455,2023-08-18 08:00:00,3698.0,5706.0156
2456,2023-08-18 08:15:00,3703.0,6726.2144
2457,2023-08-18 08:30:00,4201.0,7806.295
2458,2023-08-18 08:45:00,4418.0,8249.861
2459,2023-08-18 09:00:00,5184.0,8682.638
2460,2023-08-18 09:15:00,5540.0,9155.039
2461,2023-08-18 09:30:00,7401.0,9621.1
2462,2023-08-18 09:45:00,9138.0,10083.858
2463,2023-08-18 10:00:00,8090.0,10489.035
2464,2023-08-18 10:15:00,10472.0,10917.4795
2465,2023-08-18 10:30:00,16167.0,11162.398
2466,2023-08-18 10:45:00,15264.0,11467.213
2467,2023-08-18 11:00:00,17313.0,11658.495
2468,2023-08-18 11:15:00,16748.0,11606.986
2469,2023-08-18 11:30:00,16974.0,11621.373
2470,2023-08-18 11:45:00,16361.0,11356.194
2471,2023-08-18 12:00:00,15843.0,10922.653
2472,2023-08-18 12:15:00,16270.0,10622.862
2473,2023-08-18 12:30:00,15597.0,11273.883
2474,2023-08-18 12:45:00,14374.000000000002,11399.094
2475,2023-08-18 13:00:00,13713.0,11708.386
2476,2023-08-18 13:15:00,13699.000000000002,11743.476
2477,2023-08-18 13:30:00,13496.0,11475.079
2478,2023-08-18 13:45:00,12778.0,11132.878
2479,2023-08-18 14:00:00,12548.0,10592.158
2480,2023-08-18 14:15:00,9830.0,9993.716
2481,2023-08-18 14:30:00,8994.0,9255.53
2482,2023-08-18 14:45:00,9585.0,8371.846
2483,2023-08-18 15:00:00,8601.0,7202.0737
2484,2023-08-18 15:15:00,6053.0,6312.8047
2485,2023-08-18 15:30:00,4194.0,5459.999
2486,2023-08-18 15:45:00,2107.0,4736.485
2487,2023-08-18 16:00:00,1791.0,3925.6714
2488,2023-08-18 16:15:00,2508.0,3068.7695
2489,2023-08-18 16:30:00,2297.0,2126.3396
2490,2023-08-18 16:45:00,1105.0,1432.3174
2491,2023-08-18 17:00:00,0.0,885.2247
2492,2023-08-18 17:15:00,0.0,495.00198
2493,2023-08-18 17:30:00,0.0,287.79526
2494,2023-08-18 17:45:00,0.0,177.92308
2495,2023-08-18 18:00:00,0.0,107.02558
2496,2023-08-18 18:15:00,0.0,77.03872
2497,2023-08-18 18:30:00,0.0,108.7766
2498,2023-08-18 18:45:00,0.0,147.39331
2499,2023-08-18 19:00:00,943.0,211.46239
2500,2023-08-18 19:15:00,1060.0,290.35907
2501,2023-08-18 19:30:00,1547.9999999999998,382.92676
2502,2023-08-18 19:45:00,1590.0,474.13712
2503,2023-08-19 06:00:00,1840.0,568.633
2504,2023-08-19 06:15:00,1849.9999999999998,1541.4298
2505,2023-08-19 06:30:00,2095.0,2007.7288
2506,2023-08-19 06:45:00,2702.0,2501.4385
2507,2023-08-19 07:00:00,2702.0,2907.4946
2508,2023-08-19 07:15:00,3212.9999999999995,3353.6191
2509,2023-08-19 07:30:00,3577.0,3979.5413
2510,2023-08-19 07:45:00,4500.0,4709.446
2511,2023-08-19 08:00:00,5318.0,5469.859
2512,2023-08-19 08:15:00,7040.0,6031.1226
2513,2023-08-19 08:30:00,5496.0,6535.1577
2514,2023-08-19 08:45:00,6238.0,6499.7793
2515,2023-08-19 09:00:00,7701.000000000001,6508.7334
2516,2023-08-19 09:15:00,4714.0,6300.733
2517,2023-08-19 09:30:00,5801.999999999999,6230.3335
2518,2023-08-19 09:45:00,6741.0,5955.578
2519,2023-08-19 10:00:00,2386.0,5992.5273
2520,2023-08-19 10:15:00,1540.0,5850.242
2521,2023-08-19 10:30:00,2701.0,5306.5815
2522,2023-08-19 10:45:00,6185.0,5251.9546
2523,2023-08-19 11:00:00,5774.0,4985.8623
2524,2023-08-19 11:15:00,3082.0,4440.31
2525,2023-08-19 11:30:00,2657.0,4233.2266
2526,2023-08-19 11:45:00,1540.0,3921.198
2527,2023-08-19 12:00:00,2726.0,3808.1304
2528,2023-08-19 12:15:00,2610.0,3597.522
2529,2023-08-19 12:30:00,1871.0,3328.0237
2530,2023-08-19 12:45:00,2063.0,3287.4524
2531,2023-08-19 13:00:00,2018.0000000000002,3162.484
2532,2023-08-19 13:15:00,1508.9999999999998,3239.0186
2533,2023-08-19 13:30:00,1538.0,3070.9497
2534,2023-08-19 13:45:00,1469.9999999999998,2896.5654
2535,2023-08-19 14:00:00,898.0,2798.052
2536,2023-08-19 14:15:00,0.0,2546.2803
2537,2023-08-19 14:30:00,1458.0,2379.575
2538,2023-08-19 14:45:00,2674.0,2135.471
2539,2023-08-19 15:00:00,3902.9999999999995,1981.2964
2540,2023-08-19 15:15:00,8445.0,1767.2789
2541,2023-08-19 15:30:00,7290.0,1508.9082
2542,2023-08-19 15:45:00,5991.0,1470.2443
2543,2023-08-19 16:00:00,4848.0,1519.6517
2544,2023-08-19 16:15:00,2522.0,1387.7134
2545,2023-08-19 16:30:00,1773.0,1315.8021
2546,2023-08-19 16:45:00,1158.0,1044.4694
2547,2023-08-19 17:00:00,1325.0,717.4491
2548,2023-08-19 17:15:00,0.0,468.9771
2549,2023-08-19 17:30:00,0.0,263.51364
2550,2023-08-19 17:45:00,0.0,106.35674
2551,2023-08-19 18:00:00,0.0,4.3039293
2552,2023-08-19 18:15:00,0.0,-50.48697
2553,2023-08-19 18:30:00,0.0,7.130191
2554,2023-08-19 18:45:00,0.0,75.80284
2555,2023-08-19 19:00:00,480.0,119.436775
2556,2023-08-19 19:15:00,562.0,182.75339
2557,2023-08-19 19:30:00,666.0,259.31464
2558,2023-08-19 19:45:00,743.0000000000001,340.12314
2559,2023-08-20 06:00:00,849.9999999999999,414.18918
2560,2023-08-20 06:15:00,970.0000000000001,1261.9261
2561,2023-08-20 06:30:00,1102.0,1297.8706
2562,2023-08-20 06:45:00,1341.0,1619.161
2563,2023-08-20 07:00:00,1593.0000000000002,2044.4377
2564,2023-08-20 07:15:00,2438.0,2655.8247
2565,2023-08-20 07:30:00,3490.0000000000005,3622.6934
2566,2023-08-20 07:45:00,5197.0,4917.7515
2567,2023-08-20 08:00:00,6729.0,6482.11
2568,2023-08-20 08:15:00,8361.0,8233.324
2569,2023-08-20 08:30:00,9831.0,9986.453
2570,2023-08-20 08:45:00,11070.0,10917.79
2571,2023-08-20 09:00:00,11926.000000000002,11800.397
2572,2023-08-20 09:15:00,13357.999999999998,12565.013
2573,2023-08-20 09:30:00,13177.000000000002,13215.209
2574,2023-08-20 09:45:00,14986.0,13750.378
2575,2023-08-20 10:00:00,15693.0,14176.294
2576,2023-08-20 10:15:00,14263.0,14515.613
2577,2023-08-20 10:30:00,13930.0,14879.357
2578,2023-08-20 10:45:00,16779.0,15132.844
2579,2023-08-20 11:00:00,18225.0,15463.082
2580,2023-08-20 11:15:00,18017.0,15595.724
2581,2023-08-20 11:30:00,17747.0,15656.684
2582,2023-08-20 11:45:00,17861.0,15694.74
2583,2023-08-20 12:00:00,17564.0,15736.24
2584,2023-08-20 12:15:00,17073.0,15569.941
2585,2023-08-20 12:30:00,16691.0,15077.837
2586,2023-08-20 12:45:00,16324.999999999998,14580.415
2587,2023-08-20 13:00:00,15933.0,14226.446
2588,2023-08-20 13:15:00,14858.000000000002,13770.631
2589,2023-08-20 13:30:00,13182.999999999998,13278.859
2590,2023-08-20 13:45:00,11266.0,12716.709
2591,2023-08-20 14:00:00,11998.999999999998,11990.842
2592,2023-08-20 14:15:00,11339.999999999998,10884.015
2593,2023-08-20 14:30:00,11628.0,9736.677
2594,2023-08-20 14:45:00,10515.0,9116.1875
2595,2023-08-20 15:00:00,9506.0,7578.609
2596,2023-08-20 15:15:00,8107.000000000001,6149.51
2597,2023-08-20 15:30:00,7189.0,4630.5054
2598,2023-08-20 15:45:00,6191.999999999999,3422.8215
2599,2023-08-20 16:00:00,5041.0,2424.6472
2600,2023-08-20 16:15:00,3703.0,1674.2676
2601,2023-08-20 16:30:00,1551.9999999999998,1055.7809
2602,2023-08-20 16:45:00,0.0,661.7458
2603,2023-08-20 17:00:00,0.0,406.2444
2604,2023-08-20 17:15:00,0.0,154.4569
2605,2023-08-20 17:30:00,0.0,2.3081439
2606,2023-08-20 17:45:00,0.0,-94.33079
2607,2023-08-20 18:00:00,0.0,-48.05107
2608,2023-08-20 18:15:00,0.0,6.768087
2609,2023-08-20 18:30:00,0.0,38.54878
2610,2023-08-20 18:45:00,0.0,97.20647
2611,2023-08-20 19:00:00,974.0,180.01637
2612,2023-08-20 19:15:00,1053.0,278.4141
2613,2023-08-20 19:30:00,1121.0,385.17856
2614,2023-08-20 19:45:00,1915.0,492.4565
2615,2023-08-21 06:00:00,1695.0,604.4157
2616,2023-08-21 06:15:00,2229.0,1733.9974
2617,2023-08-21 06:30:00,2130.0,1969.4581
2618,2023-08-21 06:45:00,2354.0,2348.255
2619,2023-08-21 07:00:00,3836.0,3118.4846
2620,2023-08-21 07:15:00,4491.0,3945.5105
2621,2023-08-21 07:30:00,6307.0,4934.1187
2622,2023-08-21 07:45:00,7606.0,6092.4873
2623,2023-08-21 08:00:00,5813.0,7155.6875
2624,2023-08-21 08:15:00,3619.0000000000005,8195.751
2625,2023-08-21 08:30:00,5868.999999999999,8921.624
2626,2023-08-21 08:45:00,4292.0,9095.142
2627,2023-08-21 09:00:00,6542.0,9306.342
2628,2023-08-21 09:15:00,6538.0,9356.519
2629,2023-08-21 09:30:00,5807.000000000001,9101.154
2630,2023-08-21 09:45:00,10194.0,8819.469
2631,2023-08-21 10:00:00,10996.0,9119.485
2632,2023-08-21 10:15:00,10787.0,10762.92
2633,2023-08-21 10:30:00,9961.0,11722.613
2634,2023-08-21 10:45:00,12894.000000000002,12620.091
2635,2023-08-21 11:00:00,17327.0,13279.064
2636,2023-08-21 11:15:00,17361.0,14155.444
2637,2023-08-21 11:30:00,16879.0,14802.14
2638,2023-08-21 11:45:00,16473.0,15216.388
2639,2023-08-21 12:00:00,15586.0,15630.527
2640,2023-08-21 12:15:00,16631.0,15933.784
2641,2023-08-21 12:30:00,13682.0,15953.401
2642,2023-08-21 12:45:00,17171.0,15524.36
2643,2023-08-21 13:00:00,10846.0,14923.915
2644,2023-08-21 13:15:00,10275.0,14100.677
2645,2023-08-21 13:30:00,9181.0,12739.026
2646,2023-08-21 13:45:00,11933.0,11073.047
2647,2023-08-21 14:00:00,9778.0,9277.267
2648,2023-08-21 14:15:00,13007.0,8446.018
2649,2023-08-21 14:30:00,9456.0,8514.996
2650,2023-08-21 14:45:00,9641.0,7599.8516
2651,2023-08-21 15:00:00,9157.0,5617.5107
2652,2023-08-21 15:15:00,7804.0,5177.9004
2653,2023-08-21 15:30:00,6789.000000000001,3920.0752
2654,2023-08-21 15:45:00,5143.0,3075.7957
2655,2023-08-21 16:00:00,2817.0,2343.7183
2656,2023-08-21 16:15:00,2914.0,1604.1493
2657,2023-08-21 16:30:00,827.0,1279.9319
2658,2023-08-21 16:45:00,1491.0,879.80304
2659,2023-08-21 17:00:00,813.9999999999999,620.58624
2660,2023-08-21 17:15:00,0.0,305.30563
2661,2023-08-21 17:30:00,0.0,107.5437
2662,2023-08-21 17:45:00,0.0,24.007439
2663,2023-08-21 18:00:00,0.0,-27.495106
2664,2023-08-21 18:15:00,0.0,-34.53969
2665,2023-08-21 18:30:00,0.0,41.406937
2666,2023-08-21 18:45:00,0.0,96.410866
2667,2023-08-21 19:00:00,691.0,130.7795
2668,2023-08-21 19:15:00,834.0,177.52742
2669,2023-08-21 19:30:00,1807.0,245.64973
2670,2023-08-21 19:45:00,2097.0,314.32468
2671,2023-08-22 06:00:00,2314.0,365.62445
2672,2023-08-22 06:15:00,1577.0,1061.582
2673,2023-08-22 06:30:00,1409.0,1190.4761
2674,2023-08-22 06:45:00,1910.0,1698.9406
2675,2023-08-22 07:00:00,2427.0,2280.697
2676,2023-08-22 07:15:00,4150.0,3031.3123
2677,2023-08-22 07:30:00,4685.0,3859.668
2678,2023-08-22 07:45:00,5071.0,4570.4116
2679,2023-08-22 08:00:00,5260.0,5671.6436
2680,2023-08-22 08:15:00,5467.0,7180.9575
2681,2023-08-22 08:30:00,7103.999999999999,9269.141
2682,2023-08-22 08:45:00,8322.0,10120.445
2683,2023-08-22 09:00:00,7093.000000000001,10875.372
2684,2023-08-22 09:15:00,7660.0,11038.153
2685,2023-08-22 09:30:00,11670.0,11170.177
2686,2023-08-22 09:45:00,10534.0,11494.162
2687,2023-08-22 10:00:00,7379.0,11667.986
2688,2023-08-22 10:15:00,6209.0,11655.333
2689,2023-08-22 10:30:00,7407.999999999999,11391.647
2690,2023-08-22 10:45:00,6640.0,11161.669
2691,2023-08-22 11:00:00,6823.0,10576.944
2692,2023-08-22 11:15:00,7902.0,9754.924
2693,2023-08-22 11:30:00,8581.0,8907.236
2694,2023-08-22 11:45:00,6089.0,8508.108
2695,2023-08-22 12:00:00,4924.0,8225.865
2696,2023-08-22 12:15:00,5331.0,7709.144
2697,2023-08-22 12:30:00,4750.0,7486.679
2698,2023-08-22 12:45:00,8354.0,7819.7427
2699,2023-08-22 13:00:00,8319.0,8340.533
2700,2023-08-22 13:15:00,13968.0,8639.535
2701,2023-08-22 13:30:00,12905.999999999998,8476.332
2702,2023-08-22 13:45:00,7150.0,8101.9927
2703,2023-08-22 14:00:00,12991.0,7851.4517
2704,2023-08-22 14:15:00,11884.0,7343.782
2705,2023-08-22 14:30:00,10956.0,7186.4434
2706,2023-08-22 14:45:00,10151.0,6268.5986
2707,2023-08-22 15:00:00,8988.0,5307.028
2708,2023-08-22 15:15:00,7861.0,4853.232
2709,2023-08-22 15:30:00,6631.0,4094.104
2710,2023-08-22 15:45:00,5489.0,3382.5938
2711,2023-08-22 16:00:00,4246.0,2581.4924
2712,2023-08-22 16:15:00,3394.0,1862.5958
2713,2023-08-22 16:30:00,2564.0,1245.9393
2714,2023-08-22 16:45:00,1648.0,762.25696
2715,2023-08-22 17:00:00,858.0000000000001,400.87827
2716,2023-08-22 17:15:00,0.0,180.93544
2717,2023-08-22 17:30:00,0.0,39.744663
2718,2023-08-22 17:45:00,0.0,-48.303436
2719,2023-08-22 18:00:00,0.0,-92.001
2720,2023-08-22 18:15:00,0.0,-117.99067
2721,2023-08-22 18:30:00,0.0,-25.904228
2722,2023-08-22 18:45:00,0.0,49.737144
2723,2023-08-22 19:00:00,424.99999999999994,94.78726
2724,2023-08-22 19:15:00,476.0,163.8625
2725,2023-08-22 19:30:00,563.0,244.99527
2726,2023-08-22 19:45:00,635.0,325.4281
2727,2023-08-23 06:00:00,733.0,399.68005
2728,2023-08-23 06:15:00,800.0,1312.6268
2729,2023-08-23 06:30:00,877.0,1396.3569
2730,2023-08-23 06:45:00,994.0,1766.0002
2731,2023-08-23 07:00:00,1340.0,2154.341
2732,2023-08-23 07:15:00,1886.9999999999998,2662.6533
2733,2023-08-23 07:30:00,2184.0,3384.8057
2734,2023-08-23 07:45:00,4488.0,4382.359
2735,2023-08-23 08:00:00,5800.0,5637.9326
2736,2023-08-23 08:15:00,7309.0,7098.314
2737,2023-08-23 08:30:00,9132.0,8695.619
2738,2023-08-23 08:45:00,10617.0,9627.974
2739,2023-08-23 09:00:00,11635.0,10598.438
2740,2023-08-23 09:15:00,12615.0,11481.513
2741,2023-08-23 09:30:00,13295.000000000002,12365.165
2742,2023-08-23 09:45:00,14183.000000000002,13073.8
2743,2023-08-23 10:00:00,13697.0,13673.8955
2744,2023-08-23 10:15:00,16182.000000000002,14175.049
2745,2023-08-23 10:30:00,16823.0,14607.222
2746,2023-08-23 10:45:00,16509.0,14968.938
2747,2023-08-23 11:00:00,15809.0,15235.248
2748,2023-08-23 11:15:00,11145.999999999998,15320.029
2749,2023-08-23 11:30:00,18001.0,15490.732
2750,2023-08-23 11:45:00,16195.000000000002,15242.496
2751,2023-08-23 12:00:00,17459.0,15291.726
2752,2023-08-23 12:15:00,15297.000000000002,15206.518
2753,2023-08-23 12:30:00,13815.0,15124.522
2754,2023-08-23 12:45:00,13344.0,14961.953
2755,2023-08-23 13:00:00,14386.0,13815.125
2756,2023-08-23 13:15:00,14869.0,13175.827
2757,2023-08-23 13:30:00,14067.0,12358.155
2758,2023-08-23 13:45:00,13175.0,11898.312
2759,2023-08-23 14:00:00,11968.0,11334.165
2760,2023-08-23 14:15:00,11630.000000000002,10644.4
2761,2023-08-23 14:30:00,10889.0,9235.056
2762,2023-08-23 14:45:00,9960.0,8015.9736
2763,2023-08-23 15:00:00,8649.0,6955.2124
2764,2023-08-23 15:15:00,7310.0,6085.942
2765,2023-08-23 15:30:00,6587.000000000001,4970.986
2766,2023-08-23 15:45:00,5345.0,4188.59
2767,2023-08-23 16:00:00,4227.0,2922.3206
2768,2023-08-23 16:15:00,2978.0,1967.9792
2769,2023-08-23 16:30:00,733.0,1364.9309
2770,2023-08-23 16:45:00,0.0,698.9012
2771,2023-08-23 17:00:00,0.0,358.57755
2772,2023-08-23 17:15:00,0.0,95.026245
2773,2023-08-23 17:30:00,0.0,-53.396194
2774,2023-08-23 17:45:00,0.0,-148.59349
2775,2023-08-23 18:00:00,0.0,-95.86052
2776,2023-08-23 18:15:00,0.0,-27.43842
2777,2023-08-23 18:30:00,0.0,-4.195183
2778,2023-08-23 18:45:00,0.0,41.848866
2779,2023-08-23 19:00:00,427.00000000000006,123.98662
2780,2023-08-23 19:15:00,462.99999999999994,219.33844
2781,2023-08-23 19:30:00,550.0,328.0757
2782,2023-08-23 19:45:00,645.0,436.831
2783,2023-08-24 06:00:00,1242.0,541.80975
2784,2023-08-24 06:15:00,831.0,1666.6449
2785,2023-08-24 06:30:00,983.0,1773.842
2786,2023-08-24 06:45:00,1198.0,2179.42
2787,2023-08-24 07:00:00,1561.0,2825.1594
2788,2023-08-24 07:15:00,2163.0,3696.5735
2789,2023-08-24 07:30:00,2750.0,4809.64
2790,2023-08-24 07:45:00,4874.0,6160.619
2791,2023-08-24 08:00:00,6860.0,7371.554
2792,2023-08-24 08:15:00,7036.0,8511.943
2793,2023-08-24 08:30:00,7754.999999999999,9601.365
2794,2023-08-24 08:45:00,7894.0,10099.015
2795,2023-08-24 09:00:00,10928.0,10644.158
2796,2023-08-24 09:15:00,12635.0,11041.583
2797,2023-08-24 09:30:00,11935.0,11148.417
2798,2023-08-24 09:45:00,11113.0,11171.625
2799,2023-08-24 10:00:00,13789.0,10803.143
2800,2023-08-24 10:15:00,14384.0,10858.152
2801,2023-08-24 10:30:00,9229.0,10347.315
2802,2023-08-24 10:45:00,5663.0,9497.009
2803,2023-08-24 11:00:00,5951.0,8606.194
2804,2023-08-24 11:15:00,6335.0,8111.119
2805,2023-08-24 11:30:00,7520.999999999999,7443.632
2806,2023-08-24 11:45:00,4940.0,6472.323
2807,2023-08-24 12:00:00,6587.000000000001,5903.603
2808,2023-08-24 12:15:00,5746.0,5549.234
2809,2023-08-24 12:30:00,2436.0,4656.3706
2810,2023-08-24 12:45:00,1221.0,3644.801
2811,2023-08-24 13:00:00,731.0,2338.63
2812,2023-08-24 13:15:00,1184.0,1917.4779
2813,2023-08-24 13:30:00,1689.0,1540.578
2814,2023-08-24 13:45:00,2147.0,1394.0991
2815,2023-08-24 14:00:00,1184.0,1312.4863
2816,2023-08-24 14:15:00,1762.0,1106.5094
2817,2023-08-24 14:30:00,1623.0,980.14764
2818,2023-08-24 14:45:00,1436.9999999999998,906.30225
2819,2023-08-24 15:00:00,1334.0,857.73535
2820,2023-08-24 15:15:00,1135.0,772.14386
2821,2023-08-24 15:30:00,1551.9999999999998,713.26587
2822,2023-08-24 15:45:00,1664.9999999999998,645.7228
2823,2023-08-24 16:00:00,2283.0,567.2163
2824,2023-08-24 16:15:00,2134.0,495.7265
2825,2023-08-24 16:30:00,1194.0,399.4925
2826,2023-08-24 16:45:00,776.9999999999999,309.83945
2827,2023-08-24 17:00:00,999.0,217.04088
2828,2023-08-24 17:15:00,0.0,139.92183
2829,2023-08-24 17:30:00,0.0,61.860268
2830,2023-08-24 17:45:00,0.0,-14.890056
2831,2023-08-24 18:00:00,0.0,-67.33893
2832,2023-08-24 18:15:00,0.0,-109.09822
2833,2023-08-24 18:30:00,0.0,-31.698551
2834,2023-08-24 18:45:00,0.0,40.409206
2835,2023-08-24 19:00:00,964.9999999999999,92.61051
2836,2023-08-24 19:15:00,1056.0,163.9853
2837,2023-08-24 19:30:00,1677.0000000000002,239.863
2838,2023-08-24 19:45:00,1973.0000000000002,308.06448
2839,2023-08-25 06:00:00,2537.0,356.0519
2840,2023-08-25 06:15:00,1043.0,1420.2543
2841,2023-08-25 06:30:00,0.0,1730.6487
2842,2023-08-25 06:45:00,0.0,2045.4376
2843,2023-08-25 07:00:00,0.0,1976.0879
2844,2023-08-25 07:15:00,2764.0,1713.198
2845,2023-08-25 07:30:00,2419.0,1390.8234
2846,2023-08-25 07:45:00,1490.0,1613.2644
2847,2023-08-25 08:00:00,2164.0,2070.4119
2848,2023-08-25 08:15:00,0.0,2464.6392
2849,2023-08-25 08:30:00,0.0,3189.5725
2850,2023-08-25 08:45:00,1640.0000000000002,2819.46
2851,2023-08-25 09:00:00,1908.0,2313.81
2852,2023-08-25 09:15:00,1745.0000000000002,1869.1111
2853,2023-08-25 09:30:00,1788.0000000000002,1957.7991
2854,2023-08-25 09:45:00,893.0000000000001,2444.8628
2855,2023-08-25 10:00:00,2035.0,2590.4995
2856,2023-08-25 10:15:00,3414.0,2761.357
2857,2023-08-25 10:30:00,2435.0,2676.0308
2858,2023-08-25 10:45:00,1877.0,2317.5059
2859,2023-08-25 11:00:00,1489.0,2208.7742
2860,2023-08-25 11:15:00,1360.0,2273.2532
2861,2023-08-25 11:30:00,2287.0,2387.4604
2862,2023-08-25 11:45:00,3456.0,2400.2336
2863,2023-08-25 12:00:00,3325.0,2385.8042
2864,2023-08-25 12:15:00,2304.0,2211.7258
2865,2023-08-25 12:30:00,1120.0,2104.7615
2866,2023-08-25 12:45:00,1196.0,1923.9609
2867,2023-08-25 13:00:00,1033.0,1812.8969
2868,2023-08-25 13:15:00,941.0,1572.3527
2869,2023-08-25 13:30:00,753.0,1448.3961
2870,2023-08-25 13:45:00,0.0,1246.5624
2871,2023-08-25 14:00:00,1031.0,1180.4672
2872,2023-08-25 14:15:00,1465.0,1109.8032
2873,2023-08-25 14:30:00,1537.0,1057.2007
2874,2023-08-25 14:45:00,2999.0000000000005,1020.74005
2875,2023-08-25 15:00:00,3305.0,989.9961
2876,2023-08-25 15:15:00,1792.0000000000002,1074.5387
2877,2023-08-25 15:30:00,3722.0,1091.7001
2878,2023-08-25 15:45:00,1571.0,956.8687
2879,2023-08-25 16:00:00,1187.0,767.2
2880,2023-08-25 16:15:00,0.0,628.8444
2881,2023-08-25 16:30:00,0.0,502.39725
2882,2023-08-25 16:45:00,0.0,383.49017
2883,2023-08-25 17:00:00,0.0,187.66005
2884,2023-08-25 17:15:00,0.0,103.51064
2885,2023-08-25 17:30:00,0.0,93.05921
2886,2023-08-25 17:45:00,0.0,121.69682
2887,2023-08-25 18:00:00,0.0,130.32881
2888,2023-08-25 18:15:00,0.0,170.83206
2889,2023-08-25 18:30:00,0.0,233.55023
2890,2023-08-25 18:45:00,0.0,303.4039
2891,2023-08-25 19:00:00,784.0,369.02933
2892,2023-08-25 19:15:00,752.0,428.14975
2893,2023-08-25 19:30:00,927.9999999999999,486.2024
2894,2023-08-25 19:45:00,1028.0,554.72003
2895,2023-08-26 06:00:00,1044.0,586.0452
2896,2023-08-26 06:15:00,1025.0,1809.0085
2897,2023-08-26 06:30:00,1293.0,2103.9238
2898,2023-08-26 06:45:00,1451.0000000000002,2512.4863
2899,2023-08-26 07:00:00,1912.0,3091.2573
2900,2023-08-26 07:15:00,2660.0,3741.654
2901,2023-08-26 07:30:00,3446.0,4614.7393
2902,2023-08-26 07:45:00,5170.0,5626.327
2903,2023-08-26 08:00:00,4243.0,6660.013
2904,2023-08-26 08:15:00,8286.0,7687.9375
2905,2023-08-26 08:30:00,8109.999999999999,8774.881
2906,2023-08-26 08:45:00,7703.999999999999,9355.169
2907,2023-08-26 09:00:00,10863.0,10186.345
2908,2023-08-26 09:15:00,13507.0,10717.798
2909,2023-08-26 09:30:00,14290.0,11195.052
2910,2023-08-26 09:45:00,11408.0,10897.9
2911,2023-08-26 10:00:00,16367.0,11659.106
2912,2023-08-26 10:15:00,15334.999999999998,11828.695
2913,2023-08-26 10:30:00,14172.0,12034.766
2914,2023-08-26 10:45:00,17146.0,12193.444
2915,2023-08-26 11:00:00,13930.999999999998,11776.58
2916,2023-08-26 11:15:00,9977.0,12021.454
2917,2023-08-26 11:30:00,8485.0,11436.84
2918,2023-08-26 11:45:00,8649.0,11369.421
2919,2023-08-26 12:00:00,16915.0,11202.725
2920,2023-08-26 12:15:00,12001.0,11457.532
2921,2023-08-26 12:30:00,15401.0,11833.6045
2922,2023-08-26 12:45:00,15757.0,11959.059
2923,2023-08-26 13:00:00,13311.000000000002,11553.093
2924,2023-08-26 13:15:00,12115.0,10910.931
2925,2023-08-26 13:30:00,5084.0,9212.217
2926,2023-08-26 13:45:00,10808.0,9484.024
2927,2023-08-26 14:00:00,12179.0,8774.309
2928,2023-08-26 14:15:00,2931.0,8224.829
2929,2023-08-26 14:30:00,3310.0,7412.1265
2930,2023-08-26 14:45:00,2060.0,4934.021
2931,2023-08-26 15:00:00,1697.9999999999998,3230.4377
2932,2023-08-26 15:15:00,4896.0,1798.4619
2933,2023-08-26 15:30:00,3259.9999999999995,1160.3474
2934,2023-08-26 15:45:00,1641.0,1000.34985
2935,2023-08-26 16:00:00,0.0,686.58435
2936,2023-08-26 16:15:00,0.0,368.36313
2937,2023-08-26 16:30:00,0.0,297.11673
2938,2023-08-26 16:45:00,0.0,307.75607
2939,2023-08-26 17:00:00,0.0,260.3355
2940,2023-08-26 17:15:00,0.0,185.07806
2941,2023-08-26 17:30:00,0.0,180.32956
2942,2023-08-26 17:45:00,0.0,184.07835
2943,2023-08-26 18:00:00,0.0,225.62163
2944,2023-08-26 18:15:00,0.0,279.23004
2945,2023-08-26 18:30:00,0.0,343.64322
2946,2023-08-26 18:45:00,0.0,407.5528
2947,2023-08-26 19:00:00,0.0,466.05035
2948,2023-08-26 19:15:00,0.0,531.22394
2949,2023-08-26 19:30:00,0.0,599.3793
2950,2023-08-26 19:45:00,0.0,602.59045
2951,2023-08-27 06:00:00,1239.0,604.30676
2952,2023-08-27 06:15:00,1213.0,1300.0996
2953,2023-08-27 06:30:00,1430.0,1453.9485
2954,2023-08-27 06:45:00,2717.0,1693.8472
2955,2023-08-27 07:00:00,3082.0,1900.822
2956,2023-08-27 07:15:00,2793.0,2517.074
2957,2023-08-27 07:30:00,3238.0,3073.6426
2958,2023-08-27 07:45:00,4442.0,3837.9338
2959,2023-08-27 08:00:00,4817.0,4531.5005
2960,2023-08-27 08:15:00,7370.000000000001,5548.7935
2961,2023-08-27 08:30:00,5346.0,6141.1255
2962,2023-08-27 08:45:00,5683.000000000001,7139.0347
2963,2023-08-27 09:00:00,9638.0,8155.5317
2964,2023-08-27 09:15:00,9019.0,9264.834
2965,2023-08-27 09:30:00,7695.0,10494.389
2966,2023-08-27 09:45:00,14895.0,11167.279
2967,2023-08-27 10:00:00,15235.0,11838.52
2968,2023-08-27 10:15:00,13605.0,12220.867
2969,2023-08-27 10:30:00,16123.0,12024.395
2970,2023-08-27 10:45:00,13135.0,11467.854
2971,2023-08-27 11:00:00,4196.0,11059.362
2972,2023-08-27 11:15:00,544.0,10319.158
2973,2023-08-27 11:30:00,1857.0,9854.792
2974,2023-08-27 11:45:00,1699.9999999999998,9238.942
2975,2023-08-27 12:00:00,2046.0,8982.764
2976,2023-08-27 12:15:00,2258.0,8884.845
2977,2023-08-27 12:30:00,2289.0,9010.583
2978,2023-08-27 12:45:00,3002.0,8449.254
2979,2023-08-27 13:00:00,2256.0,7008.972
2980,2023-08-27 13:15:00,8840.0,5584.5
2981,2023-08-27 13:30:00,13080.0,5056.563
2982,2023-08-27 13:45:00,13398.0,4974.9263
2983,2023-08-27 14:00:00,12127.0,5081.6445
2984,2023-08-27 14:15:00,11472.0,4927.7476
2985,2023-08-27 14:30:00,10483.0,5185.3823
2986,2023-08-27 14:45:00,9167.0,5993.3574
2987,2023-08-27 15:00:00,5785.0,6026.641
2988,2023-08-27 15:15:00,5215.0,5229.232
2989,2023-08-27 15:30:00,4981.0,4241.1895
2990,2023-08-27 15:45:00,1310.0,3627.674
2991,2023-08-27 16:00:00,2776.0,3201.8225
2992,2023-08-27 16:15:00,2806.0,2513.455
2993,2023-08-27 16:30:00,1722.0,1730.2478
2994,2023-08-27 16:45:00,1171.0,1013.4465
2995,2023-08-27 17:00:00,0.0,463.25665
2996,2023-08-27 17:15:00,0.0,53.22547
2997,2023-08-27 17:30:00,0.0,-130.17593
2998,2023-08-27 17:45:00,0.0,-208.37715
2999,2023-08-27 18:00:00,0.0,-232.84007
3000,2023-08-27 18:15:00,0.0,-116.75479
3001,2023-08-27 18:30:00,0.0,-9.058878
3002,2023-08-27 18:45:00,0.0,59.341408
3003,2023-08-27 19:00:00,354.0,168.41187
3004,2023-08-27 19:15:00,438.0,291.1849
3005,2023-08-27 19:30:00,510.0,402.43625
3006,2023-08-27 19:45:00,564.0,466.1705
3007,2023-08-28 06:00:00,647.0,491.28574
3008,2023-08-28 06:15:00,717.0,1617.4244
3009,2023-08-28 06:30:00,807.0,1824.9907
3010,2023-08-28 06:45:00,932.0000000000001,2034.4917
3011,2023-08-28 07:00:00,1226.0,2350.7954
3012,2023-08-28 07:15:00,1736.9999999999998,2722.489
3013,2023-08-28 07:30:00,2789.0,3223.812
3014,2023-08-28 07:45:00,5094.0,3866.9358
3015,2023-08-28 08:00:00,3461.0,4446.3364
3016,2023-08-28 08:15:00,7660.999999999999,5104.3257
3017,2023-08-28 08:30:00,5330.0,6007.6826
3018,2023-08-28 08:45:00,7698.000000000001,6999.798
3019,2023-08-28 09:00:00,5691.0,8171.8696
3020,2023-08-28 09:15:00,8322.0,9052.747
3021,2023-08-28 09:30:00,7955.0,10458.483
3022,2023-08-28 09:45:00,11638.0,10627.292
3023,2023-08-28 10:00:00,14856.0,12080.529
3024,2023-08-28 10:15:00,11768.0,11753.351
3025,2023-08-28 10:30:00,9321.0,11903.36
3026,2023-08-28 10:45:00,2319.0,10571.241
3027,2023-08-28 11:00:00,4631.0,9847.483
3028,2023-08-28 11:15:00,5913.0,8033.1387
3029,2023-08-28 11:30:00,6592.0,5869.1426
3030,2023-08-28 11:45:00,4312.0,6029.4004
3031,2023-08-28 12:00:00,9416.0,7684.078
3032,2023-08-28 12:15:00,15349.0,8782.1
3033,2023-08-28 12:30:00,9576.0,7879.6694
3034,2023-08-28 12:45:00,12092.0,6921.698
3035,2023-08-28 13:00:00,8103.0,5251.6553
3036,2023-08-28 13:15:00,1136.0,4343.0005
3037,2023-08-28 13:30:00,0.0,3465.5977
3038,2023-08-28 13:45:00,0.0,3356.5527
3039,2023-08-28 14:00:00,0.0,4019.555
3040,2023-08-28 14:15:00,560.0,3468.6035
3041,2023-08-28 14:30:00,816.0000000000001,3388.3967
3042,2023-08-28 14:45:00,1248.0,2863.8901
3043,2023-08-28 15:00:00,1679.0,1837.0712
3044,2023-08-28 15:15:00,2157.0,842.39
3045,2023-08-28 15:30:00,2379.0,433.10104
3046,2023-08-28 15:45:00,2059.0,215.96597
3047,2023-08-28 16:00:00,1888.0,193.83153
3048,2023-08-28 16:15:00,1429.0,214.31064
3049,2023-08-28 16:30:00,0.0,291.24524
3050,2023-08-28 16:45:00,0.0,251.6432
3051,2023-08-28 17:00:00,0.0,164.612
3052,2023-08-28 17:15:00,0.0,44.769825
3053,2023-08-28 17:30:00,0.0,-28.522085
3054,2023-08-28 17:45:00,0.0,18.911375
3055,2023-08-28 18:00:00,0.0,88.78933
3056,2023-08-28 18:15:00,0.0,120.30493
3057,2023-08-28 18:30:00,0.0,183.52321
3058,2023-08-28 18:45:00,0.0,263.69147
3059,2023-08-28 19:00:00,1226.0,347.3229
3060,2023-08-28 19:15:00,1374.0,423.98465
3061,2023-08-28 19:30:00,1423.0,486.50403
3062,2023-08-28 19:45:00,1572.0,551.18774
3063,2023-08-29 06:00:00,1812.0,623.1929
3064,2023-08-29 06:15:00,2105.0,2026.6267
3065,2023-08-29 06:30:00,2293.0,2503.0737
3066,2023-08-29 06:45:00,2145.0,2950.6604
3067,2023-08-29 07:00:00,2079.0,3268.1567
3068,2023-08-29 07:15:00,2405.0,3410.9175
3069,2023-08-29 07:30:00,2961.0,3563.5916
3070,2023-08-29 07:45:00,4153.0,3706.9814
3071,2023-08-29 08:00:00,3633.9999999999995,3786.1326
3072,2023-08-29 08:15:00,3289.0,3807.8538
3073,2023-08-29 08:30:00,3576.0000000000005,3934.6152
3074,2023-08-29 08:45:00,4162.0,3836.9468
3075,2023-08-29 09:00:00,4633.0,3772.8813
3076,2023-08-29 09:15:00,5401.0,3620.4324
3077,2023-08-29 09:30:00,6374.0,3734.889
3078,2023-08-29 09:45:00,6915.0,3979.4243
3079,2023-08-29 10:00:00,7316.000000000001,4476.369
3080,2023-08-29 10:15:00,7618.0,5089.261
3081,2023-08-29 10:30:00,6177.0,5768.598
3082,2023-08-29 10:45:00,1438.0,6534.438
3083,2023-08-29 11:00:00,760.0,7255.035
3084,2023-08-29 11:15:00,1886.0,7974.766
3085,2023-08-29 11:30:00,4917.0,8785.963
3086,2023-08-29 11:45:00,13481.0,9301.432
3087,2023-08-29 12:00:00,13812.0,9430.226
3088,2023-08-29 12:15:00,10852.0,9683.506
3089,2023-08-29 12:30:00,13764.0,9611.964
3090,2023-08-29 12:45:00,10514.0,9346.73
3091,2023-08-29 13:00:00,6862.0,9092.865
3092,2023-08-29 13:15:00,8687.0,8842.981
3093,2023-08-29 13:30:00,4843.0,8000.2134
3094,2023-08-29 13:45:00,7983.0,6787.072
3095,2023-08-29 14:00:00,4661.0,5922.954
3096,2023-08-29 14:15:00,4446.0,5078.763
3097,2023-08-29 14:30:00,2386.0,4362.2993
3098,2023-08-29 14:45:00,2170.0,3221.0205
3099,2023-08-29 15:00:00,2411.0,2301.3552
3100,2023-08-29 15:15:00,3062.0,1437.058
3101,2023-08-29 15:30:00,1751.0000000000002,1127.7947
3102,2023-08-29 15:45:00,952.0,786.06824
3103,2023-08-29 16:00:00,0.0,464.90024
3104,2023-08-29 16:15:00,0.0,345.28748
3105,2023-08-29 16:30:00,0.0,275.10608
3106,2023-08-29 16:45:00,0.0,225.79979
3107,2023-08-29 17:00:00,0.0,160.711
3108,2023-08-29 17:15:00,0.0,97.95398
3109,2023-08-29 17:30:00,0.0,103.7093
3110,2023-08-29 17:45:00,0.0,101.2377
3111,2023-08-29 18:00:00,0.0,135.62402
3112,2023-08-29 18:15:00,0.0,189.41273
3113,2023-08-29 18:30:00,0.0,248.83777
3114,2023-08-29 18:45:00,0.0,311.98383
3115,2023-08-29 19:00:00,540.0,374.20438
3116,2023-08-29 19:15:00,769.0,431.63544
3117,2023-08-29 19:30:00,992.0,492.80374
3118,2023-08-29 19:45:00,1492.0,510.15182
3119,2023-08-30 06:00:00,2070.0,521.65704
3120,2023-08-30 06:15:00,2503.0,1726.623
3121,2023-08-30 06:30:00,3861.0,2006.6523
3122,2023-08-30 06:45:00,4524.0,2299.0833
3123,2023-08-30 07:00:00,1986.0,2584.219
3124,2023-08-30 07:15:00,1133.0,2743.0923
3125,2023-08-30 07:30:00,1303.0,2837.1067
3126,2023-08-30 07:45:00,1632.0000000000002,2871.0845
3127,2023-08-30 08:00:00,1643.0,2797.3423
3128,2023-08-30 08:15:00,2196.0,2541.1294
3129,2023-08-30 08:30:00,1372.0,2756.0747
3130,2023-08-30 08:45:00,1574.0,2838.222
3131,2023-08-30 09:00:00,2830.9999999999995,3037.2266
3132,2023-08-30 09:15:00,3674.0,3132.6724
3133,2023-08-30 09:30:00,1651.0,3043.763
3134,2023-08-30 09:45:00,1282.0,2816.739
3135,2023-08-30 10:00:00,2027.0,2627.737
3136,2023-08-30 10:15:00,1069.0,2484.0344
3137,2023-08-30 10:30:00,0.0,2531.198
3138,2023-08-30 10:45:00,919.0,2396.6606
3139,2023-08-30 11:00:00,3052.9999999999995,2625.376
3140,2023-08-30 11:15:00,5511.0,2895.8242
3141,2023-08-30 11:30:00,8334.0,3071.1562
3142,2023-08-30 11:45:00,7352.0,3400.9155
3143,2023-08-30 12:00:00,1035.0,4245.116
3144,2023-08-30 12:15:00,4530.0,4553.3584
3145,2023-08-30 12:30:00,12727.999999999998,5535.2896
3146,2023-08-30 12:45:00,10734.0,7031.1895
3147,2023-08-30 13:00:00,9692.0,7893.8423
3148,2023-08-30 13:15:00,9058.0,8414.94
3149,2023-08-30 13:30:00,14393.000000000002,8624.952
3150,2023-08-30 13:45:00,12565.0,9388.129
3151,2023-08-30 14:00:00,8010.0,8639.629
3152,2023-08-30 14:15:00,5097.0,8332.212
3153,2023-08-30 14:30:00,5060.0,7577.1353
3154,2023-08-30 14:45:00,8716.0,6888.684
3155,2023-08-30 15:00:00,8487.0,5799.7427
3156,2023-08-30 15:15:00,3407.9999999999995,4448.4736
3157,2023-08-30 15:30:00,5413.0,3390.5127
3158,2023-08-30 15:45:00,1128.0,2374.0042
3159,2023-08-30 16:00:00,938.0,1943.3734
3160,2023-08-30 16:15:00,1061.0,1072.2979
3161,2023-08-30 16:30:00,1734.0,610.9995
3162,2023-08-30 16:45:00,802.0,251.39413
3163,2023-08-30 17:00:00,0.0,39.362892
3164,2023-08-30 17:15:00,0.0,-92.0048
3165,2023-08-30 17:30:00,0.0,-160.68951
3166,2023-08-30 17:45:00,0.0,-173.93515
3167,2023-08-30 18:00:00,0.0,-158.82974
3168,2023-08-30 18:15:00,0.0,-60.501595
3169,2023-08-30 18:30:00,0.0,27.966948
3170,2023-08-30 18:45:00,0.0,79.90911
3171,2023-08-30 19:00:00,622.0,162.11082
3172,2023-08-30 19:15:00,734.9999999999999,250.9104
3173,2023-08-30 19:30:00,1041.0,340.48212
3174,2023-08-30 19:45:00,2195.0,422.03284
3175,2023-08-31 06:00:00,1999.0,500.91925
3176,2023-08-31 06:15:00,2285.0,1663.6094
3177,2023-08-31 06:30:00,3304.0,2111.6016
3178,2023-08-31 06:45:00,3145.0,2640.2715
3179,2023-08-31 07:00:00,2992.0,3265.9397
3180,2023-08-31 07:15:00,4314.0,3960.5857
3181,2023-08-31 07:30:00,3863.9999999999995,4601.558
3182,2023-08-31 07:45:00,6099.0,5219.0146
3183,2023-08-31 08:00:00,5507.0,5564.6846
3184,2023-08-31 08:15:00,8475.0,5867.0854
3185,2023-08-31 08:30:00,6708.000000000001,6350.506
3186,2023-08-31 08:45:00,4053.0,6714.8667
3187,2023-08-31 09:00:00,5420.0,7650.224
3188,2023-08-31 09:15:00,6841.0,8152.095
3189,2023-08-31 09:30:00,9736.0,8960.856
3190,2023-08-31 09:45:00,12518.000000000002,10096.725
3191,2023-08-31 10:00:00,8729.0,11075.215
3192,2023-08-31 10:15:00,5891.0,11184.475
3193,2023-08-31 10:30:00,7132.0,10489.818
3194,2023-08-31 10:45:00,5533.0,9341.795
3195,2023-08-31 11:00:00,7203.000000000001,8370.331
3196,2023-08-31 11:15:00,16389.0,8022.7944
3197,2023-08-31 11:30:00,8516.0,8906.037
3198,2023-08-31 11:45:00,13240.0,10796.635
3199,2023-08-31 12:00:00,18548.0,12606.506
3200,2023-08-31 12:15:00,13605.0,13626.942
3201,2023-08-31 12:30:00,13276.000000000002,14145.533
3202,2023-08-31 12:45:00,3208.9999999999995,14115.764
3203,2023-08-31 13:00:00,7605.0,13586.883
3204,2023-08-31 13:15:00,13054.0,10621.018
3205,2023-08-31 13:30:00,10053.0,7066.8374
3206,2023-08-31 13:45:00,7247.0,5672.7334
3207,2023-08-31 14:00:00,10569.0,6535.2896
3208,2023-08-31 14:15:00,11651.0,7359.7593
3209,2023-08-31 14:30:00,8583.0,6167.6284
3210,2023-08-31 14:45:00,7563.999999999999,4771.334
3211,2023-08-31 15:00:00,6584.0,4521.3457
3212,2023-08-31 15:15:00,7090.000000000001,3945.5217
3213,2023-08-31 15:30:00,6008.999999999999,3512.546
3214,2023-08-31 15:45:00,4717.0,3086.959
3215,2023-08-31 16:00:00,3583.0,2589.1816
3216,2023-08-31 16:15:00,2450.0,2144.874
3217,2023-08-31 16:30:00,1375.0,1487.8004
3218,2023-08-31 16:45:00,600.0,1108.1812
3219,2023-08-31 17:00:00,0.0,785.0378
3220,2023-08-31 17:15:00,0.0,479.373
3221,2023-08-31 17:30:00,0.0,240.39583
3222,2023-08-31 17:45:00,0.0,89.87779
3223,2023-08-31 18:00:00,0.0,14.166014
3224,2023-08-31 18:15:00,0.0,-3.0901957
3225,2023-08-31 18:30:00,0.0,33.766396
3226,2023-08-31 18:45:00,0.0,68.64307
3227,2023-08-31 19:00:00,779.0000000000001,138.69109
3228,2023-08-31 19:15:00,870.0,232.82487
3229,2023-08-31 19:30:00,1163.0,332.47864
3230,2023-08-31 19:45:00,1512.0,421.7117
3231,2023-09-01 06:00:00,2106.0,494.8063
3232,2023-09-01 06:15:00,2705.0,1849.3695
3233,2023-09-01 06:30:00,2673.0,2065.0974
3234,2023-09-01 06:45:00,2899.0,2429.387
3235,2023-09-01 07:00:00,3450.0,2850.8042
3236,2023-09-01 07:15:00,4146.0,3309.1008
3237,2023-09-01 07:30:00,3590.9999999999995,3877.4907
3238,2023-09-01 07:45:00,2277.0,4380.7856
3239,2023-09-01 08:00:00,2915.0,4710.532
3240,2023-09-01 08:15:00,3598.0,4951.2207
3241,2023-09-01 08:30:00,3799.0,5262.402
3242,2023-09-01 08:45:00,3672.9999999999995,5272.6416
3243,2023-09-01 09:00:00,3687.0,5176.776
3244,2023-09-01 09:15:00,3686.0,5042.6035
3245,2023-09-01 09:30:00,2900.9999999999995,4886.9463
3246,2023-09-01 09:45:00,2614.0,4835.408
3247,2023-09-01 10:00:00,2817.0,4783.6885
3248,2023-09-01 10:15:00,2243.0,4724.182
3249,2023-09-01 10:30:00,1690.0,4685.859
3250,2023-09-01 10:45:00,1512.9999999999998,4541.883
3251,2023-09-01 11:00:00,1614.0,4365.192
3252,2023-09-01 11:15:00,1637.0,4240.3906
3253,2023-09-01 11:30:00,1681.0,4130.557
3254,2023-09-01 11:45:00,1360.0,4010.584
3255,2023-09-01 12:00:00,2265.0,3878.5793
3256,2023-09-01 12:15:00,3922.0,3751.052
3257,2023-09-01 12:30:00,4575.0,3547.6572
3258,2023-09-01 12:45:00,3350.0000000000005,3358.6821
3259,2023-09-01 13:00:00,2629.0,3181.5352
3260,2023-09-01 13:15:00,1573.0,3072.6853
3261,2023-09-01 13:30:00,1085.0,2964.7236
3262,2023-09-01 13:45:00,1079.0,2897.088
3263,2023-09-01 14:00:00,1093.0,2615.9988
3264,2023-09-01 14:15:00,1054.0,2269.6448
3265,2023-09-01 14:30:00,927.9999999999999,1901.9598
3266,2023-09-01 14:45:00,0.0,1606.8729
3267,2023-09-01 15:00:00,0.0,1344.6818
3268,2023-09-01 15:15:00,0.0,1138.9197
3269,2023-09-01 15:30:00,0.0,927.77563
3270,2023-09-01 15:45:00,0.0,715.6874
3271,2023-09-01 16:00:00,0.0,553.4136
3272,2023-09-01 16:15:00,0.0,446.02457
3273,2023-09-01 16:30:00,0.0,365.16385
3274,2023-09-01 16:45:00,0.0,338.17596
3275,2023-09-01 17:00:00,0.0,340.46243
3276,2023-09-01 17:15:00,0.0,363.62866
3277,2023-09-01 17:30:00,0.0,396.60672
3278,2023-09-01 17:45:00,0.0,432.7588
3279,2023-09-01 18:00:00,0.0,470.62814
3280,2023-09-01 18:15:00,0.0,519.9374
3281,2023-09-01 18:30:00,0.0,514.6579
3282,2023-09-01 18:45:00,0.0,512.1724
3283,2023-09-01 19:00:00,554.0,512.4739
3284,2023-09-01 19:15:00,661.0,515.75757
3285,2023-09-01 19:30:00,884.0,522.33923
3286,2023-09-01 19:45:00,1141.0,532.14746
3287,2023-09-02 06:00:00,1002.9999999999999,545.38745
3288,2023-09-02 06:15:00,1071.0,1600.3887
3289,2023-09-02 06:30:00,1001.9999999999999,1705.5088
3290,2023-09-02 06:45:00,1231.0,1847.1603
3291,2023-09-02 07:00:00,1740.9999999999998,2123.3772
3292,2023-09-02 07:15:00,1545.0,2423.3926
3293,2023-09-02 07:30:00,1705.9999999999998,2806.6724
3294,2023-09-02 07:45:00,1964.9999999999998,3229.1714
3295,2023-09-02 08:00:00,2050.0,3738.4092
3296,2023-09-02 08:15:00,2736.0,4354.9834
3297,2023-09-02 08:30:00,3301.0,5042.322
3298,2023-09-02 08:45:00,8534.0,5337.36
3299,2023-09-02 09:00:00,7396.0,5495.649
3300,2023-09-02 09:15:00,3452.0,5639.686
3301,2023-09-02 09:30:00,3056.9999999999995,5856.0107
3302,2023-09-02 09:45:00,6899.000000000001,6031.721
3303,2023-09-02 10:00:00,8536.0,6339.1226
3304,2023-09-02 10:15:00,4647.0,6423.6816
3305,2023-09-02 10:30:00,3280.0000000000005,6621.0654
3306,2023-09-02 10:45:00,10143.0,6936.319
3307,2023-09-02 11:00:00,5852.0,7283.2715
3308,2023-09-02 11:15:00,11536.0,7773.605
3309,2023-09-02 11:30:00,13650.999999999998,7850.5063
3310,2023-09-02 11:45:00,7099.0,8922.894
3311,2023-09-02 12:00:00,14223.0,8571.671
3312,2023-09-02 12:15:00,5750.0,8897.938
3313,2023-09-02 12:30:00,5507.0,9878.162
3314,2023-09-02 12:45:00,13398.0,8756.356
3315,2023-09-02 13:00:00,13379.0,9003.116
3316,2023-09-02 13:15:00,12873.0,8963.618
3317,2023-09-02 13:30:00,9159.0,8036.0054
3318,2023-09-02 13:45:00,10699.0,8725.561
3319,2023-09-02 14:00:00,7824.0,7842.6304
3320,2023-09-02 14:15:00,4024.0000000000005,6000.597
3321,2023-09-02 14:30:00,4809.0,5074.044
3322,2023-09-02 14:45:00,2877.0,3643.3545
3323,2023-09-02 15:00:00,4015.9999999999995,2720.4062
3324,2023-09-02 15:15:00,2094.0,2168.4646
3325,2023-09-02 15:30:00,4940.0,1643.3491
3326,2023-09-02 15:45:00,3405.0,1240.9744
3327,2023-09-02 16:00:00,2135.0,946.5313
3328,2023-09-02 16:15:00,1598.0,660.5909
3329,2023-09-02 16:30:00,1148.0,557.13794
3330,2023-09-02 16:45:00,0.0,402.14572
3331,2023-09-02 17:00:00,0.0,315.2535
3332,2023-09-02 17:15:00,0.0,173.72905
3333,2023-09-02 17:30:00,0.0,79.014015
3334,2023-09-02 17:45:00,0.0,4.7342896
3335,2023-09-02 18:00:00,0.0,60.38293
3336,2023-09-02 18:15:00,0.0,132.08083
3337,2023-09-02 18:30:00,0.0,164.39847
3338,2023-09-02 18:45:00,0.0,210.75537
3339,2023-09-02 19:00:00,786.0,274.13116
3340,2023-09-02 19:15:00,1127.0,327.71378
3341,2023-09-02 19:30:00,1330.0,382.54367
3342,2023-09-02 19:45:00,1826.0,433.69998
3343,2023-09-03 06:00:00,2249.0,492.60342
3344,2023-09-03 06:15:00,2277.0,1548.3744
3345,2023-09-03 06:30:00,2422.0,1558.6935
3346,2023-09-03 06:45:00,2327.0,1706.8801
3347,2023-09-03 07:00:00,1929.9999999999998,2136.5066
3348,2023-09-03 07:15:00,1808.0,2781.697
3349,2023-09-03 07:30:00,2197.0,3624.911
3350,2023-09-03 07:45:00,2898.0000000000005,4711.4585
3351,2023-09-03 08:00:00,4665.0,5982.452
3352,2023-09-03 08:15:00,7242.0,7312.97
3353,2023-09-03 08:30:00,7485.999999999999,8647.735
3354,2023-09-03 08:45:00,8457.0,9281.938
3355,2023-09-03 09:00:00,8856.0,9916.594
3356,2023-09-03 09:15:00,11169.0,10742.386
3357,2023-09-03 09:30:00,12748.0,11503.208
3358,2023-09-03 09:45:00,12048.0,12028.289
3359,2023-09-03 10:00:00,12259.999999999998,12530.107
3360,2023-09-03 10:15:00,12622.999999999998,12854.156
3361,2023-09-03 10:30:00,14898.999999999998,13371.898
3362,2023-09-03 10:45:00,15312.0,13717.31
3363,2023-09-03 11:00:00,15104.0,13822.802
3364,2023-09-03 11:15:00,12811.000000000002,13994.186
3365,2023-09-03 11:30:00,12866.0,14136.39
3366,2023-09-03 11:45:00,12886.999999999998,14357.844
3367,2023-09-03 12:00:00,15226.0,14356.897
3368,2023-09-03 12:15:00,15439.999999999998,14282.684
3369,2023-09-03 12:30:00,15463.0,13960.418
3370,2023-09-03 12:45:00,14926.0,13771.058
3371,2023-09-03 13:00:00,14885.0,13164.787
3372,2023-09-03 13:15:00,10780.0,12100.174
3373,2023-09-03 13:30:00,6527.0,10761.404
3374,2023-09-03 13:45:00,6810.0,9441.12
3375,2023-09-03 14:00:00,12308.000000000002,8318.0
3376,2023-09-03 14:15:00,11079.0,7461.453
3377,2023-09-03 14:30:00,9017.0,6489.3013
3378,2023-09-03 14:45:00,4665.0,5644.1333
3379,2023-09-03 15:00:00,3429.0,4956.075
3380,2023-09-03 15:15:00,5052.0,4647.209
3381,2023-09-03 15:30:00,3328.0,3922.6152
3382,2023-09-03 15:45:00,2271.0,3232.3335
3383,2023-09-03 16:00:00,1573.0,2234.1467
3384,2023-09-03 16:15:00,0.0,1478.9575
3385,2023-09-03 16:30:00,0.0,899.825
3386,2023-09-03 16:45:00,0.0,498.43774
3387,2023-09-03 17:00:00,0.0,222.87735
3388,2023-09-03 17:15:00,0.0,40.17486
3389,2023-09-03 17:30:00,0.0,27.501055
3390,2023-09-03 17:45:00,0.0,79.094666
3391,2023-09-03 18:00:00,0.0,101.405945
3392,2023-09-03 18:15:00,0.0,158.89949
3393,2023-09-03 18:30:00,0.0,242.70613
3394,2023-09-03 18:45:00,0.0,356.38263
3395,2023-09-03 19:00:00,321.0,487.453
3396,2023-09-03 19:15:00,416.0,629.99994
3397,2023-09-03 19:30:00,485.00000000000006,772.5785
3398,2023-09-03 19:45:00,554.0,939.53534
3399,2023-09-04 06:00:00,647.0,995.5818
3400,2023-09-04 06:15:00,763.0,2343.5996
3401,2023-09-04 06:30:00,897.0,2432.7065
3402,2023-09-04 06:45:00,1003.9999999999999,2522.078
3403,2023-09-04 07:00:00,1168.0,2906.3457
3404,2023-09-04 07:15:00,1467.0,3458.5776
3405,2023-09-04 07:30:00,1882.0,4280.9126
3406,2023-09-04 07:45:00,2434.0,5401.7217
3407,2023-09-04 08:00:00,3266.0,6752.688
3408,2023-09-04 08:15:00,5189.0,8283.198
3409,2023-09-04 08:30:00,6744.0,9657.513
3410,2023-09-04 08:45:00,7684.0,10189.586
3411,2023-09-04 09:00:00,9193.0,10636.666
3412,2023-09-04 09:15:00,10338.0,11069.632
3413,2023-09-04 09:30:00,12102.0,11509.299
3414,2023-09-04 09:45:00,12993.0,11909.273
3415,2023-09-04 10:00:00,0.0,12304.137
3416,2023-09-04 10:15:00,13067.0,12630.3545
3417,2023-09-04 10:30:00,16003.0,12973.718
3418,2023-09-04 10:45:00,16524.0,13295.177
3419,2023-09-04 11:00:00,16916.0,13551.785
3420,2023-09-04 11:15:00,16429.0,13023.312
3421,2023-09-04 11:30:00,15830.0,13462.907
3422,2023-09-04 11:45:00,15493.0,13127.822
3423,2023-09-04 12:00:00,15188.0,14197.251
3424,2023-09-04 12:15:00,14196.0,13264.148
3425,2023-09-04 12:30:00,13992.000000000002,12829.258
3426,2023-09-04 12:45:00,14057.0,13322.676
3427,2023-09-04 13:00:00,13480.0,13092.36
3428,2023-09-04 13:15:00,13063.0,12837.52
3429,2023-09-04 13:30:00,13362.0,12242.8545
3430,2023-09-04 13:45:00,12988.999999999998,11850.875
3431,2023-09-04 14:00:00,11820.0,10847.324
3432,2023-09-04 14:15:00,10360.0,9602.923
3433,2023-09-04 14:30:00,9574.0,8322.309
3434,2023-09-04 14:45:00,7302.999999999999,6850.0513
3435,2023-09-04 15:00:00,6239.0,5467.1504
3436,2023-09-04 15:15:00,4205.0,4338.469
3437,2023-09-04 15:30:00,3466.0,3296.1836
3438,2023-09-04 15:45:00,1943.0,2463.6597
3439,2023-09-04 16:00:00,1503.0,1732.9
3440,2023-09-04 16:15:00,1267.0,1049.9208
3441,2023-09-04 16:30:00,788.0,587.39496
3442,2023-09-04 16:45:00,0.0,260.99445
3443,2023-09-04 17:00:00,0.0,45.882248
3444,2023-09-04 17:15:00,0.0,-71.52072
3445,2023-09-04 17:30:00,0.0,-149.95052
3446,2023-09-04 17:45:00,0.0,-183.57841
3447,2023-09-04 18:00:00,0.0,-64.20775
3448,2023-09-04 18:15:00,0.0,41.49106
3449,2023-09-04 18:30:00,0.0,94.29939
3450,2023-09-04 18:45:00,0.0,164.58688
3451,2023-09-04 19:00:00,193.99999999999997,250.89107
3452,2023-09-04 19:15:00,250.99999999999997,338.57126
3453,2023-09-04 19:30:00,303.0,420.29868
3454,2023-09-04 19:45:00,361.0,507.28394
3455,2023-09-05 06:00:00,420.0,589.5058
3456,2023-09-05 06:15:00,461.0,1530.0255
3457,2023-09-05 06:30:00,515.0,1447.5734
3458,2023-09-05 06:45:00,576.0,1614.0276
3459,2023-09-05 07:00:00,660.0,2065.7532
3460,2023-09-05 07:15:00,746.0,2651.867
3461,2023-09-05 07:30:00,912.0,3413.566
3462,2023-09-05 07:45:00,1291.0,4452.712
3463,2023-09-05 08:00:00,1789.0,5896.0034
3464,2023-09-05 08:15:00,3079.0,7660.5845
3465,2023-09-05 08:30:00,5392.0,9288.61
3466,2023-09-05 08:45:00,6503.0,10070.419
3467,2023-09-05 09:00:00,8046.0,10864.956
3468,2023-09-05 09:15:00,9783.0,11659.788
3469,2023-09-05 09:30:00,11750.0,12448.117
3470,2023-09-05 09:45:00,12934.0,13189.893
3471,2023-09-05 10:00:00,13981.0,13786.062
3472,2023-09-05 10:15:00,15008.0,14250.917
3473,2023-09-05 10:30:00,15636.0,14528.923
3474,2023-09-05 10:45:00,16079.999999999998,14691.493
3475,2023-09-05 11:00:00,16096.000000000002,14627.516
3476,2023-09-05 11:15:00,16142.0,14475.578
3477,2023-09-05 11:30:00,16008.0,14280.053
3478,2023-09-05 11:45:00,15772.0,14053.987
3479,2023-09-05 12:00:00,15533.0,13787.612
3480,2023-09-05 12:15:00,15215.0,13483.928
3481,2023-09-05 12:30:00,14786.0,13100.437
3482,2023-09-05 12:45:00,14332.0,12578.579
3483,2023-09-05 13:00:00,13848.0,11949.74
3484,2023-09-05 13:15:00,13247.000000000002,11237.792
3485,2023-09-05 13:30:00,12602.0,10384.512
3486,2023-09-05 13:45:00,11950.999999999998,9478.619
3487,2023-09-05 14:00:00,11183.0,8595.37
3488,2023-09-05 14:15:00,10358.0,7659.385
3489,2023-09-05 14:30:00,9464.0,6718.5566
3490,2023-09-05 14:45:00,8484.0,5791.879
3491,2023-09-05 15:00:00,7474.0,4879.8125
3492,2023-09-05 15:15:00,6431.000000000001,3974.6702
3493,2023-09-05 15:30:00,5324.0,3102.8264
3494,2023-09-05 15:45:00,4236.0,2330.4019
3495,2023-09-05 16:00:00,3146.9999999999995,1656.8899
3496,2023-09-05 16:15:00,2074.0,1122.8414
3497,2023-09-05 16:30:00,526.0,713.03564
3498,2023-09-05 16:45:00,0.0,420.98322
3499,2023-09-05 17:00:00,0.0,203.58205
3500,2023-09-05 17:15:00,0.0,62.82131
3501,2023-09-05 17:30:00,0.0,-34.46449
3502,2023-09-05 17:45:00,0.0,-95.52403
3503,2023-09-05 18:00:00,0.0,-35.516922
3504,2023-09-05 18:15:00,0.0,34.712227
3505,2023-09-05 18:30:00,0.0,72.79759
3506,2023-09-05 18:45:00,0.0,130.0738
3507,2023-09-05 19:00:00,192.0,199.9772
3508,2023-09-05 19:15:00,250.0,276.73645
3509,2023-09-05 19:30:00,307.0,350.06207
3510,2023-09-05 19:45:00,365.0,417.86987
3511,2023-09-06 06:00:00,424.99999999999994,483.52274
3512,2023-09-06 06:15:00,470.0,1335.9779
3513,2023-09-06 06:30:00,525.0,1201.8104
3514,2023-09-06 06:45:00,583.0,1316.455
3515,2023-09-06 07:00:00,663.0,1660.8837
3516,2023-09-06 07:15:00,742.0000000000001,2125.1885
3517,2023-09-06 07:30:00,924.0,2775.9277
3518,2023-09-06 07:45:00,1293.0,3637.1106
3519,2023-09-06 08:00:00,1787.0,4817.733
3520,2023-09-06 08:15:00,2873.9999999999995,6300.211
3521,2023-09-06 08:30:00,5276.0,7785.5366
3522,2023-09-06 08:45:00,6408.0,8478.965
3523,2023-09-06 09:00:00,7988.0,9255.311
3524,2023-09-06 09:15:00,9709.0,10001.353
3525,2023-09-06 09:30:00,11634.0,10737.894
3526,2023-09-06 09:45:00,12832.999999999998,11504.079
3527,2023-09-06 10:00:00,13941.000000000002,12156.564
3528,2023-09-06 10:15:00,14977.0,12684.255
3529,2023-09-06 10:30:00,15681.0,13000.375
3530,2023-09-06 10:45:00,16117.999999999998,13191.963
3531,2023-09-06 11:00:00,16162.0,13263.701
3532,2023-09-06 11:15:00,16108.0,13270.972
3533,2023-09-06 11:30:00,15922.0,13236.925
3534,2023-09-06 11:45:00,15781.000000000002,13158.519
3535,2023-09-06 12:00:00,15411.0,13062.585
3536,2023-09-06 12:15:00,15143.0,12956.016
3537,2023-09-06 12:30:00,14764.0,12797.7295
3538,2023-09-06 12:45:00,14233.0,12553.667
3539,2023-09-06 13:00:00,13723.0,12152.624
3540,2023-09-06 13:15:00,13315.0,11661.176
3541,2023-09-06 13:30:00,12595.0,11180.148
3542,2023-09-06 13:45:00,11915.999999999998,10622.145
3543,2023-09-06 14:00:00,11065.0,9965.329
3544,2023-09-06 14:15:00,10285.0,9228.217
3545,2023-09-06 14:30:00,9433.0,8323.421
3546,2023-09-06 14:45:00,8460.0,7392.884
3547,2023-09-06 15:00:00,7418.0,6371.507
3548,2023-09-06 15:15:00,6360.0,5245.9355
3549,2023-09-06 15:30:00,5264.0,4125.1396
3550,2023-09-06 15:45:00,4167.0,3061.7407
3551,2023-09-06 16:00:00,3071.0,2207.1624
3552,2023-09-06 16:15:00,1964.0,1527.5645
3553,2023-09-06 16:30:00,481.0,1049.0493
3554,2023-09-06 16:45:00,0.0,714.69824
3555,2023-09-06 17:00:00,0.0,481.56445
3556,2023-09-06 17:15:00,0.0,336.47864
3557,2023-09-06 17:30:00,0.0,233.519
3558,2023-09-06 17:45:00,0.0,171.71228
3559,2023-09-06 18:00:00,0.0,102.93667
3560,2023-09-06 18:15:00,0.0,116.90684
3561,2023-09-06 18:30:00,0.0,153.16202
3562,2023-09-06 18:45:00,0.0,218.22882
3563,2023-09-06 19:00:00,219.0,293.59222
3564,2023-09-06 19:15:00,282.0,370.133
3565,2023-09-06 19:30:00,340.0,438.45773
3566,2023-09-06 19:45:00,405.0,499.83575
3567,2023-09-07 06:00:00,467.00000000000006,557.3981
3568,2023-09-07 06:15:00,521.0,1429.5498
3569,2023-09-07 06:30:00,583.0,1593.9382
3570,2023-09-07 06:45:00,644.0,1854.4491
3571,2023-09-07 07:00:00,723.0,2011.8972
3572,2023-09-07 07:15:00,810.9999999999999,2221.498
3573,2023-09-07 07:30:00,1011.0,2638.7566
3574,2023-09-07 07:45:00,1379.0,3444.178
3575,2023-09-07 08:00:00,1857.0,4927.571
3576,2023-09-07 08:15:00,2981.0,6445.004
3577,2023-09-07 08:30:00,5153.0,7382.12
3578,2023-09-07 08:45:00,6490.0,7684.46
3579,2023-09-07 09:00:00,8038.0,8032.072
3580,2023-09-07 09:15:00,9853.0,8416.817
3581,2023-09-07 09:30:00,11718.999999999998,8836.624
3582,2023-09-07 09:45:00,12921.0,9311.613
3583,2023-09-07 10:00:00,14004.0,9802.228
3584,2023-09-07 10:15:00,15031.0,10254.375
3585,2023-09-07 10:30:00,15735.999999999998,10574.092
3586,2023-09-07 10:45:00,16266.0,10911.625
3587,2023-09-07 11:00:00,16283.0,11276.873
3588,2023-09-07 11:15:00,16152.0,11649.299
3589,2023-09-07 11:30:00,15996.999999999998,11969.577
3590,2023-09-07 11:45:00,15818.0,12268.105
3591,2023-09-07 12:00:00,15528.0,12498.942
3592,2023-09-07 12:15:00,15239.0,12705.084
3593,2023-09-07 12:30:00,14810.000000000002,12777.804
3594,2023-09-07 12:45:00,14296.0,12738.523
3595,2023-09-07 13:00:00,13763.000000000002,12486.259
3596,2023-09-07 13:15:00,13283.0,11955.459
3597,2023-09-07 13:30:00,12608.0,11158.09
3598,2023-09-07 13:45:00,11875.000000000002,10154.238
3599,2023-09-07 14:00:00,11116.999999999998,9099.084
3600,2023-09-07 14:15:00,10240.0,7952.2207
3601,2023-09-07 14:30:00,9318.0,6776.0874
3602,2023-09-07 14:45:00,8288.0,5742.4766
3603,2023-09-07 15:00:00,7227.0,4851.303
3604,2023-09-07 15:15:00,6118.0,4040.4868
3605,2023-09-07 15:30:00,5008.0,3291.8152
3606,2023-09-07 15:45:00,3916.0,2653.88
3607,2023-09-07 16:00:00,2856.0,2049.6167
3608,2023-09-07 16:15:00,1760.0,1520.3728
3609,2023-09-07 16:30:00,458.0,1112.1135
3610,2023-09-07 16:45:00,0.0,774.7447
3611,2023-09-07 17:00:00,0.0,523.6766
3612,2023-09-07 17:15:00,0.0,340.85794
3613,2023-09-07 17:30:00,0.0,221.82623
3614,2023-09-07 17:45:00,0.0,142.8266
3615,2023-09-07 18:00:00,0.0,120.98534
3616,2023-09-07 18:15:00,0.0,146.17511
3617,2023-09-07 18:30:00,0.0,178.03711
3618,2023-09-07 18:45:00,0.0,233.89928
3619,2023-09-07 19:00:00,225.0,298.7539
3620,2023-09-07 19:15:00,296.0,368.19983
3621,2023-09-07 19:30:00,360.0,436.5168
3622,2023-09-07 19:45:00,425.99999999999994,501.0105
3623,2023-09-08 06:00:00,490.0,567.0327
3624,2023-09-08 06:15:00,543.0,1441.0623
3625,2023-09-08 06:30:00,605.0,1586.061
3626,2023-09-08 06:45:00,667.0,1878.4174
3627,2023-09-08 07:00:00,736.9999999999999,2159.0059
3628,2023-09-08 07:15:00,839.0,2543.3748
3629,2023-09-08 07:30:00,1049.0,3177.8928
3630,2023-09-08 07:45:00,1409.0,4233.8237
3631,2023-09-08 08:00:00,1862.0000000000002,6050.9395
3632,2023-09-08 08:15:00,2934.0,8051.1836
3633,2023-09-08 08:30:00,4911.0,9414.761
3634,2023-09-08 08:45:00,6441.0,9920.951
3635,2023-09-08 09:00:00,8048.000000000001,10392.911
3636,2023-09-08 09:15:00,9760.0,10939.727
3637,2023-09-08 09:30:00,11628.0,11500.817
3638,2023-09-08 09:45:00,12778.999999999998,12071.571
3639,2023-09-08 10:00:00,13820.000000000002,12546.1455
3640,2023-09-08 10:15:00,14885.999999999998,12903.377
3641,2023-09-08 10:30:00,15686.0,13071.027
3642,2023-09-08 10:45:00,16132.0,13214.299
3643,2023-09-08 11:00:00,16079.999999999998,13273.426
3644,2023-09-08 11:15:00,15932.0,13264.725
3645,2023-09-08 11:30:00,15779.0,13251.559
3646,2023-09-08 11:45:00,15462.0,13226.213
3647,2023-09-08 12:00:00,15159.999999999998,13156.086
3648,2023-09-08 12:15:00,14859.0,12983.013
3649,2023-09-08 12:30:00,14576.0,12776.997
3650,2023-09-08 12:45:00,14097.000000000002,12445.177
3651,2023-09-08 13:00:00,13484.0,11890.507
3652,2023-09-08 13:15:00,12791.0,11205.229
3653,2023-09-08 13:30:00,12031.000000000002,10293.705
3654,2023-09-08 13:45:00,11361.0,9289.656
3655,2023-09-08 14:00:00,10594.0,8286.431
3656,2023-09-08 14:15:00,9728.0,7468.722
3657,2023-09-08 14:30:00,8759.0,6788.322
3658,2023-09-08 14:45:00,7850.0,6062.372
3659,2023-09-08 15:00:00,6830.0,5279.186
3660,2023-09-08 15:15:00,5652.0,4546.7915
3661,2023-09-08 15:30:00,4403.0,3786.4612
3662,2023-09-08 15:45:00,3173.0,2995.1404
3663,2023-09-08 16:00:00,2480.0,2243.1082
3664,2023-09-08 16:15:00,1465.0,1622.5735
3665,2023-09-08 16:30:00,0.0,1133.3965
3666,2023-09-08 16:45:00,0.0,768.96277
3667,2023-09-08 17:00:00,0.0,506.03317
3668,2023-09-08 17:15:00,0.0,346.5959
3669,2023-09-08 17:30:00,0.0,254.83835
3670,2023-09-08 17:45:00,0.0,161.82292
3671,2023-09-08 18:00:00,0.0,164.82536
3672,2023-09-08 18:15:00,0.0,187.90465
3673,2023-09-08 18:30:00,0.0,244.19487
3674,2023-09-08 18:45:00,0.0,316.38858
3675,2023-09-08 19:00:00,281.0,395.6548
3676,2023-09-08 19:15:00,398.0,474.97256
3677,2023-09-08 19:30:00,494.0,551.6999
3678,2023-09-08 19:45:00,589.0,632.25354
3679,2023-09-09 06:00:00,667.0,717.6706
3680,2023-09-09 06:15:00,729.0,1746.6699
3681,2023-09-09 06:30:00,840.0,1941.5571
3682,2023-09-09 06:45:00,964.9999999999999,2183.8977
3683,2023-09-09 07:00:00,1065.0,2331.0488
3684,2023-09-09 07:15:00,1198.0,2550.7065
3685,2023-09-09 07:30:00,1522.0,3062.9475
3686,2023-09-09 07:45:00,1923.0,4101.7144
3687,2023-09-09 08:00:00,2422.0,6180.783
3688,2023-09-09 08:15:00,3503.0,8554.168
3689,2023-09-09 08:30:00,5237.0,9792.713
3690,2023-09-09 08:45:00,6634.0,10167.398
3691,2023-09-09 09:00:00,8179.999999999999,10521.852
3692,2023-09-09 09:15:00,9879.0,10877.765
3693,2023-09-09 09:30:00,11110.0,11269.472
3694,2023-09-09 09:45:00,12313.0,11717.653
3695,2023-09-09 10:00:00,13325.0,12126.233
3696,2023-09-09 10:15:00,14153.0,12401.366
3697,2023-09-09 10:30:00,14982.000000000002,12520.084
3698,2023-09-09 10:45:00,15340.0,12498.974
3699,2023-09-09 11:00:00,15571.000000000002,12421.288
3700,2023-09-09 11:15:00,15635.0,12254.566
3701,2023-09-09 11:30:00,15286.999999999998,12126.104
3702,2023-09-09 11:45:00,15089.999999999998,12011.274
3703,2023-09-09 12:00:00,14894.0,11916.496
3704,2023-09-09 12:15:00,14370.0,11898.651
3705,2023-09-09 12:30:00,13970.0,11907.958
3706,2023-09-09 12:45:00,13524.000000000002,11797.051
3707,2023-09-09 13:00:00,12963.0,11555.856
3708,2023-09-09 13:15:00,12140.0,11160.878
3709,2023-09-09 13:30:00,11298.0,10495.255
3710,2023-09-09 13:45:00,10756.0,9677.089
3711,2023-09-09 14:00:00,10007.0,8782.877
3712,2023-09-09 14:15:00,8951.0,7966.898
3713,2023-09-09 14:30:00,7929.999999999999,7171.8613
3714,2023-09-09 14:45:00,7088.0,6387.9067
3715,2023-09-09 15:00:00,6168.0,5661.5083
3716,2023-09-09 15:15:00,5197.0,4964.282
3717,2023-09-09 15:30:00,4202.0,4150.301
3718,2023-09-09 15:45:00,3208.9999999999995,3323.7979
3719,2023-09-09 16:00:00,2161.0,2531.4036
3720,2023-09-09 16:15:00,1109.0,1834.0038
3721,2023-09-09 16:30:00,0.0,1269.1472
3722,2023-09-09 16:45:00,0.0,850.432
3723,2023-09-09 17:00:00,0.0,550.93787
3724,2023-09-09 17:15:00,0.0,348.61877
3725,2023-09-09 17:30:00,0.0,218.32436
3726,2023-09-09 17:45:00,0.0,121.64559
3727,2023-09-09 18:00:00,0.0,126.904274
3728,2023-09-09 18:15:00,0.0,150.18568
3729,2023-09-09 18:30:00,0.0,204.70026
3730,2023-09-09 18:45:00,0.0,274.91156
3731,2023-09-09 19:00:00,384.0,353.89862
3732,2023-09-09 19:15:00,522.0,435.10376
3733,2023-09-09 19:30:00,657.0,521.24335
3734,2023-09-09 19:45:00,801.0,608.7206
3735,2023-09-10 06:00:00,962.9999999999999,692.78906
3736,2023-09-10 06:15:00,1132.0,1669.8103
3737,2023-09-10 06:30:00,1326.0,1811.282
3738,2023-09-10 06:45:00,1547.9999999999998,2049.7378
3739,2023-09-10 07:00:00,1779.9999999999998,2181.887
3740,2023-09-10 07:15:00,2136.0,2425.0566
3741,2023-09-10 07:30:00,2582.0,2899.3057
3742,2023-09-10 07:45:00,2856.0,3814.008
3743,2023-09-10 08:00:00,3573.0,5492.358
3744,2023-09-10 08:15:00,4563.0,7136.708
3745,2023-09-10 08:30:00,5657.0,7955.1597
3746,2023-09-10 08:45:00,6855.0,8260.441
3747,2023-09-10 09:00:00,8206.0,8573.074
3748,2023-09-10 09:15:00,9509.0,8783.45
3749,2023-09-10 09:30:00,10569.0,8963.345
3750,2023-09-10 09:45:00,11523.0,9178.152
3751,2023-09-10 10:00:00,12414.0,9428.94
3752,2023-09-10 10:15:00,13291.0,9691.871
3753,2023-09-10 10:30:00,13937.0,9951.797
3754,2023-09-10 10:45:00,14354.0,10317.29
3755,2023-09-10 11:00:00,14398.0,10657.295
3756,2023-09-10 11:15:00,14187.0,10983.571
3757,2023-09-10 11:30:00,14067.0,11298.468
3758,2023-09-10 11:45:00,13709.0,11527.923
3759,2023-09-10 12:00:00,13696.000000000002,11673.844
3760,2023-09-10 12:15:00,12962.0,11709.195
3761,2023-09-10 12:30:00,11717.0,11607.325
3762,2023-09-10 12:45:00,10691.0,11206.038
3763,2023-09-10 13:00:00,10571.0,10566.113
3764,2023-09-10 13:15:00,11020.0,9908.472
3765,2023-09-10 13:30:00,10354.0,9083.168
3766,2023-09-10 13:45:00,10069.0,8122.076
3767,2023-09-10 14:00:00,9360.0,7088.5947
3768,2023-09-10 14:15:00,8684.0,6246.6865
3769,2023-09-10 14:30:00,7657.999999999999,5655.7173
3770,2023-09-10 14:45:00,6252.0,5076.4976
3771,2023-09-10 15:00:00,4482.0,4567.341
3772,2023-09-10 15:15:00,3234.0,3914.8809
3773,2023-09-10 15:30:00,2134.0,3255.9722
3774,2023-09-10 15:45:00,1629.9999999999998,2581.17
3775,2023-09-10 16:00:00,1152.0,1937.2421
3776,2023-09-10 16:15:00,1181.0,1374.9333
3777,2023-09-10 16:30:00,0.0,923.24
3778,2023-09-10 16:45:00,0.0,613.2288
3779,2023-09-10 17:00:00,0.0,407.16724
3780,2023-09-10 17:15:00,0.0,284.87048
3781,2023-09-10 17:30:00,0.0,233.95564
3782,2023-09-10 17:45:00,0.0,164.4307
3783,2023-09-10 18:00:00,0.0,176.25468
3784,2023-09-10 18:15:00,0.0,207.19037
3785,2023-09-10 18:30:00,0.0,270.13397
3786,2023-09-10 18:45:00,0.0,343.3667
3787,2023-09-10 19:00:00,279.0,422.10522
3788,2023-09-10 19:15:00,403.0,503.20972
3789,2023-09-10 19:30:00,539.0,584.1007
3790,2023-09-10 19:45:00,652.0,662.0457
3791,2023-09-11 06:00:00,748.0,739.46277
3792,2023-09-11 06:15:00,894.0000000000001,1774.9764
3793,2023-09-11 06:30:00,1062.0,2109.8484
3794,2023-09-11 06:45:00,1173.0,2533.796
3795,2023-09-11 07:00:00,1465.0,2840.2485
3796,2023-09-11 07:15:00,1496.0,3242.1943
3797,2023-09-11 07:30:00,1689.0,3950.7427
3798,2023-09-11 07:45:00,2063.0,5311.018
3799,2023-09-11 08:00:00,2518.0,8073.5083
3800,2023-09-11 08:15:00,3289.0,10264.847
3801,2023-09-11 08:30:00,4958.0,11197.023
3802,2023-09-11 08:45:00,6257.0,11492.572
3803,2023-09-11 09:00:00,7639.000000000001,11671.904
3804,2023-09-11 09:15:00,9389.0,11880.595
3805,2023-09-11 09:30:00,10654.0,12032.953
3806,2023-09-11 09:45:00,11842.999999999998,12166.025
3807,2023-09-11 10:00:00,12895.0,12276.665
3808,2023-09-11 10:15:00,13951.0,12245.854
3809,2023-09-11 10:30:00,14502.0,12031.292
3810,2023-09-11 10:45:00,14994.0,11608.968
3811,2023-09-11 11:00:00,14990.999999999998,11033.805
3812,2023-09-11 11:15:00,14919.0,10436.156
3813,2023-09-11 11:30:00,14698.0,9967.207
3814,2023-09-11 11:45:00,14452.0,9587.874
3815,2023-09-11 12:00:00,14048.999999999998,9277.753
3816,2023-09-11 12:15:00,13464.0,9015.786
3817,2023-09-11 12:30:00,13382.0,8916.219
3818,2023-09-11 12:45:00,12961.0,8670.668
3819,2023-09-11 13:00:00,11761.0,8254.22
3820,2023-09-11 13:15:00,10256.0,7699.9873
3821,2023-09-11 13:30:00,9890.0,7080.549
3822,2023-09-11 13:45:00,9616.0,6383.3936
3823,2023-09-11 14:00:00,8234.0,5670.389
3824,2023-09-11 14:15:00,7812.0,4886.3315
3825,2023-09-11 14:30:00,6756.999999999999,4064.1587
3826,2023-09-11 14:45:00,6866.0,3395.939
3827,2023-09-11 15:00:00,4914.0,2738.4717
3828,2023-09-11 15:15:00,2368.0,2056.435
3829,2023-09-11 15:30:00,1312.0,1527.4967
3830,2023-09-11 15:45:00,838.0,1048.3055
3831,2023-09-11 16:00:00,0.0,720.20184
3832,2023-09-11 16:15:00,0.0,410.96545
3833,2023-09-11 16:30:00,0.0,183.34918
3834,2023-09-11 16:45:00,0.0,2.9282322
3835,2023-09-11 17:00:00,0.0,-86.71669
3836,2023-09-11 17:15:00,0.0,-41.576004
3837,2023-09-11 17:30:00,0.0,18.913195
3838,2023-09-11 17:45:00,0.0,50.753876
3839,2023-09-11 18:00:00,0.0,101.25968
3840,2023-09-11 18:15:00,0.0,162.1966
3841,2023-09-11 18:30:00,0.0,231.10178
3842,2023-09-11 18:45:00,0.0,296.02893
3843,2023-09-11 19:00:00,0.0,352.6657
3844,2023-09-11 19:15:00,0.0,397.7428
3845,2023-09-11 19:30:00,621.0,443.16757
3846,2023-09-11 19:45:00,0.0,440.577
3847,2023-09-12 06:00:00,0.0,432.9457
3848,2023-09-12 06:15:00,0.0,932.17804
3849,2023-09-12 06:30:00,781.0000000000001,923.38824
3850,2023-09-12 06:45:00,0.0,1164.119
3851,2023-09-12 07:00:00,0.0,1183.0168
3852,2023-09-12 07:15:00,0.0,1400.1584
3853,2023-09-12 07:30:00,675.0,1608.7286
3854,2023-09-12 07:45:00,1380.0,2014.7119
3855,2023-09-12 08:00:00,2830.9999999999995,2079.435
3856,2023-09-12 08:15:00,3721.0,2492.3257
3857,2023-09-12 08:30:00,5893.000000000001,3600.513
3858,2023-09-12 08:45:00,5946.0,4037.9978
3859,2023-09-12 09:00:00,9558.0,4211.726
3860,2023-09-12 09:15:00,9278.0,4929.85
3861,2023-09-12 09:30:00,9668.0,5924.88
3862,2023-09-12 09:45:00,4258.0,7492.047
3863,2023-09-12 10:00:00,4599.0,8666.748
3864,2023-09-12 10:15:00,14015.0,9115.738
3865,2023-09-12 10:30:00,14413.0,9568.707
3866,2023-09-12 10:45:00,14601.0,10812.984
3867,2023-09-12 11:00:00,11756.0,11533.086
3868,2023-09-12 11:15:00,13838.0,12046.801
3869,2023-09-12 11:30:00,13953.0,12387.868
3870,2023-09-12 11:45:00,9088.0,12185.231
3871,2023-09-12 12:00:00,11435.0,12133.177
3872,2023-09-12 12:15:00,13957.000000000002,11368.12
3873,2023-09-12 12:30:00,14056.0,11868.254
3874,2023-09-12 12:45:00,12504.0,12253.851
3875,2023-09-12 13:00:00,12413.000000000002,11664.01
3876,2023-09-12 13:15:00,12277.0,11095.136
3877,2023-09-12 13:30:00,11353.000000000002,9882.527
3878,2023-09-12 13:45:00,9318.0,8515.96
3879,2023-09-12 14:00:00,7957.0,6943.741
3880,2023-09-12 14:15:00,4795.0,5677.0605
3881,2023-09-12 14:30:00,7141.0,4394.939
3882,2023-09-12 14:45:00,3964.9999999999995,3422.0964
3883,2023-09-12 15:00:00,1645.0,2269.063
3884,2023-09-12 15:15:00,1793.0,1429.8058
3885,2023-09-12 15:30:00,1183.0,1007.3347
3886,2023-09-12 15:45:00,930.0000000000001,593.84064
3887,2023-09-12 16:00:00,624.0,289.56247
3888,2023-09-12 16:15:00,0.0,68.229065
3889,2023-09-12 16:30:00,0.0,-58.047188
3890,2023-09-12 16:45:00,0.0,-136.4978
3891,2023-09-12 17:00:00,0.0,-169.56908
3892,2023-09-12 17:15:00,0.0,-178.11429
3893,2023-09-12 17:30:00,0.0,-67.9658
3894,2023-09-12 17:45:00,0.0,23.417429
3895,2023-09-12 18:00:00,0.0,67.15664
3896,2023-09-12 18:15:00,0.0,130.41177
3897,2023-09-12 18:30:00,0.0,198.00919
3898,2023-09-12 18:45:00,0.0,252.23767
3899,2023-09-12 19:00:00,0.0,301.2387
3900,2023-09-12 19:15:00,1018.0,342.5321
3901,2023-09-12 19:30:00,0.0,381.53818
3902,2023-09-12 19:45:00,0.0,434.80844
3903,2023-09-13 06:00:00,0.0,445.8565
3904,2023-09-13 06:15:00,1311.0,983.6786
3905,2023-09-13 06:30:00,0.0,1291.6886
3906,2023-09-13 06:45:00,2331.0,1375.1022
3907,2023-09-13 07:00:00,3107.9999999999995,1566.2567
3908,2023-09-13 07:15:00,3605.0,1757.8602
3909,2023-09-13 07:30:00,2396.0,2368.5793
3910,2023-09-13 07:45:00,2274.0,2551.6467
3911,2023-09-13 08:00:00,3785.9999999999995,3301.3984
3912,2023-09-13 08:15:00,5913.0,4544.1025
3913,2023-09-13 08:30:00,5963.000000000001,5694.2734
3914,2023-09-13 08:45:00,5992.999999999999,5883.106
3915,2023-09-13 09:00:00,9087.0,6467.4644
3916,2023-09-13 09:15:00,8379.0,7116.9614
3917,2023-09-13 09:30:00,8836.0,8061.043
3918,2023-09-13 09:45:00,13357.999999999998,8876.731
3919,2023-09-13 10:00:00,5833.999999999999,9434.075
3920,2023-09-13 10:15:00,4508.0,9810.85
3921,2023-09-13 10:30:00,3006.0,9607.249
3922,2023-09-13 10:45:00,3643.0,9578.66
3923,2023-09-13 11:00:00,4494.0,9260.842
3924,2023-09-13 11:15:00,15100.0,8249.684
3925,2023-09-13 11:30:00,8422.0,8150.9585
3926,2023-09-13 11:45:00,4634.0,7292.5938
3927,2023-09-13 12:00:00,1463.0,7102.2974
3928,2023-09-13 12:15:00,2444.0,6688.623
3929,2023-09-13 12:30:00,3773.9999999999995,6621.056
3930,2023-09-13 12:45:00,5533.0,4724.761
3931,2023-09-13 13:00:00,7049.0,4396.812
3932,2023-09-13 13:15:00,5376.0,3172.5125
3933,2023-09-13 13:30:00,2863.0000000000005,2859.904
3934,2023-09-13 13:45:00,2286.0,2754.3608
3935,2023-09-13 14:00:00,1079.0,2575.2852
3936,2023-09-13 14:15:00,1855.0,2266.7742
3937,2023-09-13 14:30:00,2320.0,1831.5873
3938,2023-09-13 14:45:00,1375.0,1316.4604
3939,2023-09-13 15:00:00,1707.0,843.7474
3940,2023-09-13 15:15:00,1572.0,656.0111
3941,2023-09-13 15:30:00,1442.0,546.17365
3942,2023-09-13 15:45:00,1124.0,474.61606
3943,2023-09-13 16:00:00,990.0,372.10645
3944,2023-09-13 16:15:00,806.0,279.58817
3945,2023-09-13 16:30:00,0.0,170.10223
3946,2023-09-13 16:45:00,0.0,111.76499
3947,2023-09-13 17:00:00,0.0,48.42871
3948,2023-09-13 17:15:00,0.0,-15.19035
3949,2023-09-13 17:30:00,0.0,-53.13226
3950,2023-09-13 17:45:00,0.0,-2.129984
3951,2023-09-13 18:00:00,0.0,59.006737
3952,2023-09-13 18:15:00,0.0,81.673515
3953,2023-09-13 18:30:00,0.0,114.002235
3954,2023-09-13 18:45:00,0.0,151.97556
3955,2023-09-13 19:00:00,282.0,188.40178
3956,2023-09-13 19:15:00,505.0,226.71603
3957,2023-09-13 19:30:00,661.0,267.31564
3958,2023-09-13 19:45:00,759.0,318.11578
3959,2023-09-14 06:00:00,811.9999999999999,390.23776
3960,2023-09-14 06:15:00,943.0,1169.7274
3961,2023-09-14 06:30:00,1263.0,1207.542
3962,2023-09-14 06:45:00,2036.0,1560.0419
3963,2023-09-14 07:00:00,2329.0,2168.318
3964,2023-09-14 07:15:00,1970.9999999999998,2864.6367
3965,2023-09-14 07:30:00,1986.0,3792.6301
3966,2023-09-14 07:45:00,2253.0,4928.5356
3967,2023-09-14 08:00:00,2352.0,6313.5728
3968,2023-09-14 08:15:00,3021.9999999999995,8391.673
3969,2023-09-14 08:30:00,4619.0,10376.274
3970,2023-09-14 08:45:00,6187.0,11327.707
3971,2023-09-14 09:00:00,7914.0,12139.546
3972,2023-09-14 09:15:00,9753.0,12907.707
3973,2023-09-14 09:30:00,11841.0,13582.344
3974,2023-09-14 09:45:00,12822.0,14137.145
3975,2023-09-14 10:00:00,15256.0,14637.156
3976,2023-09-14 10:15:00,10252.0,15016.362
3977,2023-09-14 10:30:00,4722.0,15350.512
3978,2023-09-14 10:45:00,17873.0,15586.918
3979,2023-09-14 11:00:00,17163.0,15625.723
3980,2023-09-14 11:15:00,17503.0,15637.942
3981,2023-09-14 11:30:00,17364.0,15016.684
3982,2023-09-14 11:45:00,8591.0,14205.624
3983,2023-09-14 12:00:00,5656.0,12505.644
3984,2023-09-14 12:15:00,3867.9999999999995,10268.77
3985,2023-09-14 12:30:00,14213.0,8123.1206
3986,2023-09-14 12:45:00,2527.0,6522.9844
3987,2023-09-14 13:00:00,11735.000000000002,6300.814
3988,2023-09-14 13:15:00,12052.0,6854.956
3989,2023-09-14 13:30:00,12777.0,6369.172
3990,2023-09-14 13:45:00,11428.0,6750.7354
3991,2023-09-14 14:00:00,8888.0,7344.9136
3992,2023-09-14 14:15:00,7628.0,8326.776
3993,2023-09-14 14:30:00,7382.0,8249.936
3994,2023-09-14 14:45:00,7300.000000000001,6308.505
3995,2023-09-14 15:00:00,4456.0,5023.63
3996,2023-09-14 15:15:00,5028.0,3834.7576
3997,2023-09-14 15:30:00,3805.0,2622.208
3998,2023-09-14 15:45:00,2538.0,1402.2462
3999,2023-09-14 16:00:00,1707.0,679.81213
4000,2023-09-14 16:15:00,0.0,210.5278
4001,2023-09-14 16:30:00,0.0,-24.591003
4002,2023-09-14 16:45:00,0.0,-112.36426
4003,2023-09-14 17:00:00,0.0,-150.23114
4004,2023-09-14 17:15:00,0.0,-178.99849
4005,2023-09-14 17:30:00,0.0,-121.3919
4006,2023-09-14 17:45:00,0.0,-64.59051
4007,2023-09-14 18:00:00,0.0,-35.883984
4008,2023-09-14 18:15:00,0.0,16.922201
4009,2023-09-14 18:30:00,0.0,85.85779
4010,2023-09-14 18:45:00,0.0,166.4493
4011,2023-09-14 19:00:00,271.0,243.19978
4012,2023-09-14 19:15:00,333.0,314.04785
4013,2023-09-14 19:30:00,402.0,379.95474
4014,2023-09-14 19:45:00,513.0,446.26007
4015,2023-09-15 06:00:00,621.0,466.2333
4016,2023-09-15 06:15:00,670.0,1385.024
4017,2023-09-15 06:30:00,693.0,1532.5343
4018,2023-09-15 06:45:00,735.9999999999999,1871.9248
4019,2023-09-15 07:00:00,797.0,2315.6619
4020,2023-09-15 07:15:00,886.0,2763.6597
4021,2023-09-15 07:30:00,1031.0,3337.8691
4022,2023-09-15 07:45:00,1300.0,4112.21
4023,2023-09-15 08:00:00,1718.0,5217.8564
4024,2023-09-15 08:15:00,2349.0,6637.527
4025,2023-09-15 08:30:00,3698.0,8054.526
4026,2023-09-15 08:45:00,5996.0,8744.91
4027,2023-09-15 09:00:00,7622.0,9423.466
4028,2023-09-15 09:15:00,9487.0,10094.977
4029,2023-09-15 09:30:00,11342.0,10751.717
4030,2023-09-15 09:45:00,12593.999999999998,11378.159
4031,2023-09-15 10:00:00,13801.000000000002,12004.044
4032,2023-09-15 10:15:00,14419.0,12587.207
4033,2023-09-15 10:30:00,15509.999999999998,12993.761
4034,2023-09-15 10:45:00,15852.0,13253.793
4035,2023-09-15 11:00:00,15868.0,13315.656
4036,2023-09-15 11:15:00,15827.0,13168.479
4037,2023-09-15 11:30:00,15610.0,12869.293
4038,2023-09-15 11:45:00,15479.0,12711.299
4039,2023-09-15 12:00:00,15248.999999999998,12385.728
4040,2023-09-15 12:15:00,14758.0,12068.91
4041,2023-09-15 12:30:00,14302.0,11660.651
4042,2023-09-15 12:45:00,13749.0,11228.396
4043,2023-09-15 13:00:00,13195.999999999998,10763.185
4044,2023-09-15 13:15:00,12578.0,10215.04
4045,2023-09-15 13:30:00,11562.0,9554.996
4046,2023-09-15 13:45:00,11041.0,8755.18
4047,2023-09-15 14:00:00,9930.0,7839.0293
4048,2023-09-15 14:15:00,9166.0,6813.15
4049,2023-09-15 14:30:00,6659.0,5737.758
4050,2023-09-15 14:45:00,6820.0,4675.6675
4051,2023-09-15 15:00:00,5380.0,3716.55
4052,2023-09-15 15:15:00,3755.0000000000005,2791.8074
4053,2023-09-15 15:30:00,3740.0,1996.9626
4054,2023-09-15 15:45:00,2570.0,1310.4462
4055,2023-09-15 16:00:00,1078.0,862.9993
4056,2023-09-15 16:15:00,0.0,545.2698
4057,2023-09-15 16:30:00,0.0,319.79507
4058,2023-09-15 16:45:00,0.0,172.16115
4059,2023-09-15 17:00:00,0.0,77.33571
4060,2023-09-15 17:15:00,0.0,14.885593
4061,2023-09-15 17:30:00,0.0,-1.6361609
4062,2023-09-15 17:45:00,0.0,23.673761
4063,2023-09-15 18:00:00,0.0,39.94662
4064,2023-09-15 18:15:00,0.0,74.43177
4065,2023-09-15 18:30:00,0.0,121.38116
4066,2023-09-15 18:45:00,0.0,170.75339
4067,2023-09-15 19:00:00,418.0,216.64969
4068,2023-09-15 19:15:00,748.0,261.7147
4069,2023-09-15 19:30:00,887.9999999999999,304.84637
4070,2023-09-15 19:45:00,1430.0,351.72998
4071,2023-09-16 06:00:00,1764.0,353.7165
4072,2023-09-16 06:15:00,1723.0,965.59174
4073,2023-09-16 06:30:00,1863.0,904.3202
4074,2023-09-16 06:45:00,1469.9999999999998,1148.1459
4075,2023-09-16 07:00:00,1461.0,1563.7423
4076,2023-09-16 07:15:00,2433.0,2081.1506
4077,2023-09-16 07:30:00,2464.0,2711.0637
4078,2023-09-16 07:45:00,3699.0,3473.7349
4079,2023-09-16 08:00:00,4374.0,4413.4966
4080,2023-09-16 08:15:00,4863.0,5890.674
4081,2023-09-16 08:30:00,6078.999999999999,7719.3184
4082,2023-09-16 08:45:00,6502.0,8310.37
4083,2023-09-16 09:00:00,8212.0,8972.596
4084,2023-09-16 09:15:00,8976.0,9600.256
4085,2023-09-16 09:30:00,9116.0,10138.207
4086,2023-09-16 09:45:00,12161.0,10867.579
4087,2023-09-16 10:00:00,12934.0,11590.442
4088,2023-09-16 10:15:00,13863.0,12538.693
4089,2023-09-16 10:30:00,14880.000000000002,13238.345
4090,2023-09-16 10:45:00,13525.0,13564.104
4091,2023-09-16 11:00:00,14341.0,13696.932
4092,2023-09-16 11:15:00,13500.0,13588.016
4093,2023-09-16 11:30:00,13124.0,13585.798
4094,2023-09-16 11:45:00,14274.999999999998,13240.739
4095,2023-09-16 12:00:00,11685.0,12731.471
4096,2023-09-16 12:15:00,12230.0,12143.408
4097,2023-09-16 12:30:00,12096.0,11216.982
4098,2023-09-16 12:45:00,12103.999999999998,10407.57
4099,2023-09-16 13:00:00,10335.0,9808.791
4100,2023-09-16 13:15:00,8620.0,9395.524
4101,2023-09-16 13:30:00,8337.0,9081.952
4102,2023-09-16 13:45:00,8160.0,7933.112
4103,2023-09-16 14:00:00,5948.0,6590.9956
4104,2023-09-16 14:15:00,6304.999999999999,5220.086
4105,2023-09-16 14:30:00,6955.0,3857.321
4106,2023-09-16 14:45:00,5649.0,2644.9949
4107,2023-09-16 15:00:00,3962.0000000000005,1831.9192
4108,2023-09-16 15:15:00,2313.0,1093.6261
4109,2023-09-16 15:30:00,1569.0,697.63043
4110,2023-09-16 15:45:00,913.0,448.9009
4111,2023-09-16 16:00:00,0.0,263.38504
4112,2023-09-16 16:15:00,0.0,104.25386
4113,2023-09-16 16:30:00,0.0,-18.76908
4114,2023-09-16 16:45:00,0.0,-110.349464
4115,2023-09-16 17:00:00,0.0,-150.97171
4116,2023-09-16 17:15:00,0.0,-87.869774
4117,2023-09-16 17:30:00,0.0,-16.808165
4118,2023-09-16 17:45:00,0.0,18.077099
4119,2023-09-16 18:00:00,0.0,74.3255
4120,2023-09-16 18:15:00,0.0,140.9118
4121,2023-09-16 18:30:00,0.0,202.4574
4122,2023-09-16 18:45:00,0.0,250.4169
4123,2023-09-16 19:00:00,0.0,281.62692
4124,2023-09-16 19:15:00,0.0,302.21808
4125,2023-09-16 19:30:00,0.0,324.2438
4126,2023-09-16 19:45:00,0.0,310.30023
4127,2023-09-17 06:00:00,0.0,301.1802
4128,2023-09-17 06:15:00,1504.0,765.74445
4129,2023-09-17 06:30:00,1656.0,849.9583
4130,2023-09-17 06:45:00,2388.0,1093.1589
4131,2023-09-17 07:00:00,2670.0,1353.2072
4132,2023-09-17 07:15:00,1336.0,1609.8317
4133,2023-09-17 07:30:00,3854.0,2226.1477
4134,2023-09-17 07:45:00,4707.0,2859.7686
4135,2023-09-17 08:00:00,4759.0,3420.0725
4136,2023-09-17 08:15:00,3910.0,4214.685
4137,2023-09-17 08:30:00,3865.0,5357.3423
4138,2023-09-17 08:45:00,3668.9999999999995,6242.6646
4139,2023-09-17 09:00:00,4389.0,6770.66
4140,2023-09-17 09:15:00,4963.0,7452.6714
4141,2023-09-17 09:30:00,7008.0,7828.9365
4142,2023-09-17 09:45:00,9791.0,7893.4277
4143,2023-09-17 10:00:00,6899.000000000001,7853.5127
4144,2023-09-17 10:15:00,3121.0,7681.5737
4145,2023-09-17 10:30:00,6323.0,7339.983
4146,2023-09-17 10:45:00,2608.0,6903.699
4147,2023-09-17 11:00:00,10330.0,6500.3984
4148,2023-09-17 11:15:00,5441.0,5638.689
4149,2023-09-17 11:30:00,4425.0,5566.3237
4150,2023-09-17 11:45:00,10929.0,6301.758
4151,2023-09-17 12:00:00,10892.0,6967.7383
4152,2023-09-17 12:15:00,10973.0,8881.523
4153,2023-09-17 12:30:00,9915.0,10066.813
4154,2023-09-17 12:45:00,6704.0,11648.544
4155,2023-09-17 13:00:00,8348.0,11156.194
4156,2023-09-17 13:15:00,5890.0,8843.327
4157,2023-09-17 13:30:00,10236.0,6920.273
4158,2023-09-17 13:45:00,9298.0,5087.9614
4159,2023-09-17 14:00:00,5457.0,4243.0234
4160,2023-09-17 14:15:00,3216.9999999999995,3718.1296
4161,2023-09-17 14:30:00,3721.0,2749.2546
4162,2023-09-17 14:45:00,2418.0,2046.1445
4163,2023-09-17 15:00:00,1968.9999999999998,1337.793
4164,2023-09-17 15:15:00,1419.0,891.6563
4165,2023-09-17 15:30:00,872.0,477.29523
4166,2023-09-17 15:45:00,0.0,198.6377
4167,2023-09-17 16:00:00,0.0,-12.312689
4168,2023-09-17 16:15:00,0.0,-142.24602
4169,2023-09-17 16:30:00,0.0,-220.71066
4170,2023-09-17 16:45:00,0.0,-254.23726
4171,2023-09-17 17:00:00,0.0,-151.87804
4172,2023-09-17 17:15:00,0.0,-61.27654
4173,2023-09-17 17:30:00,0.0,-25.593357
4174,2023-09-17 17:45:00,0.0,29.75367
4175,2023-09-17 18:00:00,0.0,96.52126
4176,2023-09-17 18:15:00,0.0,164.46954
4177,2023-09-17 18:30:00,0.0,225.18367
4178,2023-09-17 18:45:00,0.0,273.26993
4179,2023-09-17 19:00:00,0.0,313.17343
4180,2023-09-17 19:15:00,0.0,346.6192
4181,2023-09-17 19:30:00,0.0,333.41223
4182,2023-09-17 19:45:00,0.0,314.37576
4183,2023-09-18 06:00:00,0.0,294.07446
4184,2023-09-18 06:15:00,806.0,753.7238
4185,2023-09-18 06:30:00,1118.0,853.10736
4186,2023-09-18 06:45:00,1516.9999999999998,1071.8248
4187,2023-09-18 07:00:00,2695.0,1255.145
4188,2023-09-18 07:15:00,1208.0,1394.7786
4189,2023-09-18 07:30:00,1108.0,1738.538
4190,2023-09-18 07:45:00,2439.0,2055.7788
4191,2023-09-18 08:00:00,4567.0,2329.894
4192,2023-09-18 08:15:00,4119.0,2969.513
4193,2023-09-18 08:30:00,4605.0,3997.4512
4194,2023-09-18 08:45:00,4485.0,4830.914
4195,2023-09-18 09:00:00,5855.0,5355.853
4196,2023-09-18 09:15:00,6195.0,5930.131
4197,2023-09-18 09:30:00,5692.0,6193.6313
4198,2023-09-18 09:45:00,7094.0,6535.9155
4199,2023-09-18 10:00:00,7698.000000000001,6624.1445
4200,2023-09-18 10:15:00,9963.0,7287.4336
4201,2023-09-18 10:30:00,9257.0,7908.9175
4202,2023-09-18 10:45:00,4537.0,8650.143
4203,2023-09-18 11:00:00,6917.0,8783.276
4204,2023-09-18 11:15:00,2751.0,8008.941
4205,2023-09-18 11:30:00,2278.0,7370.2563
4206,2023-09-18 11:45:00,9144.0,7100.377
4207,2023-09-18 12:00:00,11081.0,7232.043
4208,2023-09-18 12:15:00,10479.0,7657.416
4209,2023-09-18 12:30:00,12515.000000000002,7089.4385
4210,2023-09-18 12:45:00,9885.0,6818.297
4211,2023-09-18 13:00:00,10903.0,6762.5503
4212,2023-09-18 13:15:00,8209.0,6129.811
4213,2023-09-18 13:30:00,11122.0,6235.602
4214,2023-09-18 13:45:00,4085.9999999999995,5519.8594
4215,2023-09-18 14:00:00,9844.0,5097.2017
4216,2023-09-18 14:15:00,8442.0,4713.7046
4217,2023-09-18 14:30:00,7224.999999999999,3800.1013
4218,2023-09-18 14:45:00,4958.0,3360.9688
4219,2023-09-18 15:00:00,3640.0,2466.8025
4220,2023-09-18 15:15:00,2345.0,2249.249
4221,2023-09-18 15:30:00,0.0,1543.0604
4222,2023-09-18 15:45:00,0.0,1139.3132
4223,2023-09-18 16:00:00,0.0,666.7085
4224,2023-09-18 16:15:00,0.0,338.41888
4225,2023-09-18 16:30:00,0.0,112.87395
4226,2023-09-18 16:45:00,0.0,-9.279181
4227,2023-09-18 17:00:00,0.0,-28.550512
4228,2023-09-18 17:15:00,0.0,-28.543571
4229,2023-09-18 17:30:00,0.0,-6.115441
4230,2023-09-18 17:45:00,0.0,29.534027
4231,2023-09-18 18:00:00,0.0,65.222
4232,2023-09-18 18:15:00,0.0,98.60911
4233,2023-09-18 18:30:00,0.0,129.09772
4234,2023-09-18 18:45:00,0.0,154.28899
4235,2023-09-18 19:00:00,617.0,188.40442
4236,2023-09-18 19:15:00,769.0,196.2099
4237,2023-09-18 19:30:00,613.0,210.21362
4238,2023-09-18 19:45:00,545.0,228.76538
4239,2023-09-19 06:00:00,924.9999999999999,249.10236
4240,2023-09-19 06:15:00,1521.0000000000002,919.9971
4241,2023-09-19 06:30:00,1831.0,997.3028
4242,2023-09-19 06:45:00,2210.0,1275.324
4243,2023-09-19 07:00:00,2639.0,1578.133
4244,2023-09-19 07:15:00,2871.0,1909.8127
4245,2023-09-19 07:30:00,3058.0,2332.3823
4246,2023-09-19 07:45:00,2863.0000000000005,2908.3306
4247,2023-09-19 08:00:00,3280.0000000000005,3658.5247
4248,2023-09-19 08:15:00,5045.0,4533.2993
4249,2023-09-19 08:30:00,4642.0,5557.654
4250,2023-09-19 08:45:00,5800.0,6226.8228
4251,2023-09-19 09:00:00,6887.0,6890.3447
4252,2023-09-19 09:15:00,8504.0,7494.7427
4253,2023-09-19 09:30:00,8551.0,8285.487
4254,2023-09-19 09:45:00,10911.0,8777.148
4255,2023-09-19 10:00:00,6371.0,9433.739
4256,2023-09-19 10:15:00,10408.0,9609.195
4257,2023-09-19 10:30:00,6943.0,9730.916
4258,2023-09-19 10:45:00,6214.0,9354.366
4259,2023-09-19 11:00:00,4845.0,8137.4
4260,2023-09-19 11:15:00,6245.0,6603.691
4261,2023-09-19 11:30:00,4374.0,5491.197
4262,2023-09-19 11:45:00,8229.0,3765.8323
4263,2023-09-19 12:00:00,11313.0,4481.278
4264,2023-09-19 12:15:00,7813.0,4868.286
4265,2023-09-19 12:30:00,2880.0,5207.3877
4266,2023-09-19 12:45:00,2089.0,5104.1772
4267,2023-09-19 13:00:00,1434.0,4886.5
4268,2023-09-19 13:15:00,1933.0,3925.8425
4269,2023-09-19 13:30:00,1682.0,3168.4404
4270,2023-09-19 13:45:00,0.0,2357.3074
4271,2023-09-19 14:00:00,2153.0,1612.9443
4272,2023-09-19 14:15:00,2947.0,1050.4973
4273,2023-09-19 14:30:00,1745.0000000000002,659.5257
4274,2023-09-19 14:45:00,1061.0,339.76352
4275,2023-09-19 15:00:00,0.0,170.58217
4276,2023-09-19 15:15:00,0.0,42.28286
4277,2023-09-19 15:30:00,0.0,-127.7093
4278,2023-09-19 15:45:00,0.0,-256.02133
4279,2023-09-19 16:00:00,0.0,-330.25626
4280,2023-09-19 16:15:00,0.0,-197.37587
4281,2023-09-19 16:30:00,0.0,-100.19254
4282,2023-09-19 16:45:00,0.0,-74.073135
4283,2023-09-19 17:00:00,0.0,-41.049458
4284,2023-09-19 17:15:00,0.0,4.7222247
4285,2023-09-19 17:30:00,0.0,32.991283
4286,2023-09-19 17:45:00,0.0,72.76685
4287,2023-09-19 18:00:00,0.0,108.07272
4288,2023-09-19 18:15:00,0.0,141.3481
4289,2023-09-19 18:30:00,0.0,186.05165
4290,2023-09-19 18:45:00,0.0,200.73778
4291,2023-09-19 19:00:00,101.0,214.64084
4292,2023-09-19 19:15:00,0.0,227.38092
4293,2023-09-19 19:30:00,244.0,238.59276
4294,2023-09-19 19:45:00,394.0,248.0648
4295,2023-09-20 06:00:00,443.0,256.0653
4296,2023-09-20 06:15:00,583.0,869.97186
4297,2023-09-20 06:30:00,748.0,787.37866
4298,2023-09-20 06:45:00,879.0,1112.5249
4299,2023-09-20 07:00:00,1547.9999999999998,1408.15
4300,2023-09-20 07:15:00,3013.0,1658.267
4301,2023-09-20 07:30:00,2925.0000000000005,1974.5983
4302,2023-09-20 07:45:00,3089.0000000000005,2329.7766
4303,2023-09-20 08:00:00,3625.0,2640.0964
4304,2023-09-20 08:15:00,3229.0000000000005,3211.7065
4305,2023-09-20 08:30:00,3237.0000000000005,3799.4783
4306,2023-09-20 08:45:00,3615.0000000000005,4031.3318
4307,2023-09-20 09:00:00,3917.0,4336.189
4308,2023-09-20 09:15:00,2384.0,4619.3296
4309,2023-09-20 09:30:00,7858.0,4814.343
4310,2023-09-20 09:45:00,8737.0,5190.103
4311,2023-09-20 10:00:00,8754.0,5475.91
4312,2023-09-20 10:15:00,6708.000000000001,5730.046
4313,2023-09-20 10:30:00,6536.000000000001,5636.6206
4314,2023-09-20 10:45:00,6091.0,5974.8086
4315,2023-09-20 11:00:00,6979.0,5711.176
4316,2023-09-20 11:15:00,7259.999999999999,5742.3296
4317,2023-09-20 11:30:00,10255.0,5445.065
4318,2023-09-20 11:45:00,5062.0,5324.218
4319,2023-09-20 12:00:00,9473.0,5330.457
4320,2023-09-20 12:15:00,9666.0,5415.85
4321,2023-09-20 12:30:00,7830.000000000001,5271.3203
4322,2023-09-20 12:45:00,6016.999999999999,5143.624
4323,2023-09-20 13:00:00,4601.0,4511.6455
4324,2023-09-20 13:15:00,6331.999999999999,4571.7607
4325,2023-09-20 13:30:00,8839.0,3865.1567
4326,2023-09-20 13:45:00,6487.0,3708.7917
4327,2023-09-20 14:00:00,6425.999999999999,3026.507
4328,2023-09-20 14:15:00,5230.0,2506.5593
4329,2023-09-20 14:30:00,5752.0,2195.1458
4330,2023-09-20 14:45:00,4245.0,1858.5851
4331,2023-09-20 15:00:00,4452.0,1488.3253
4332,2023-09-20 15:15:00,3714.0,990.66327
4333,2023-09-20 15:30:00,1293.0,652.9806
4334,2023-09-20 15:45:00,1255.0,333.11972
4335,2023-09-20 16:00:00,0.0,52.414497
4336,2023-09-20 16:15:00,0.0,-122.169
4337,2023-09-20 16:30:00,0.0,-252.04282
4338,2023-09-20 16:45:00,0.0,-304.9976
4339,2023-09-20 17:00:00,0.0,-333.8079
4340,2023-09-20 17:15:00,0.0,-243.84433
4341,2023-09-20 17:30:00,0.0,-165.46991
4342,2023-09-20 17:45:00,0.0,-136.24709
4343,2023-09-20 18:00:00,0.0,-90.245674
4344,2023-09-20 18:15:00,0.0,-29.374542
4345,2023-09-20 18:30:00,0.0,34.200226
4346,2023-09-20 18:45:00,0.0,91.69112
4347,2023-09-20 19:00:00,0.0,138.2361
4348,2023-09-20 19:15:00,431.0,176.37666
4349,2023-09-20 19:30:00,1061.0,214.73141
4350,2023-09-20 19:45:00,1409.0,231.64287
4351,2023-09-21 06:00:00,1084.0,245.26697
4352,2023-09-21 06:15:00,1447.0000000000002,728.6041
4353,2023-09-21 06:30:00,1938.0000000000002,1022.02344
4354,2023-09-21 06:45:00,2643.0,1537.2418
4355,2023-09-21 07:00:00,3114.0,2011.0876
4356,2023-09-21 07:15:00,3130.0,2265.2869
4357,2023-09-21 07:30:00,2741.0,2392.5461
4358,2023-09-21 07:45:00,2485.0,2399.8394
4359,2023-09-21 08:00:00,3082.0,2440.2837
4360,2023-09-21 08:15:00,2005.0,2587.8386
4361,2023-09-21 08:30:00,3192.0,2816.166
4362,2023-09-21 08:45:00,3163.0000000000005,2746.7334
4363,2023-09-21 09:00:00,2455.0,2588.6658
4364,2023-09-21 09:15:00,1555.0,2632.8193
4365,2023-09-21 09:30:00,4484.0,2534.852
4366,2023-09-21 09:45:00,5119.0,2695.1665
4367,2023-09-21 10:00:00,5625.0,2752.539
4368,2023-09-21 10:15:00,3641.0,2863.4595
4369,2023-09-21 10:30:00,1618.0,2784.4546
4370,2023-09-21 10:45:00,2438.0,2911.1309
4371,2023-09-21 11:00:00,5009.0,2995.1125
4372,2023-09-21 11:15:00,3994.0,3137.9834
4373,2023-09-21 11:30:00,2896.0,2910.3977
4374,2023-09-21 11:45:00,4027.0,2557.743
4375,2023-09-21 12:00:00,2939.0,2389.915
4376,2023-09-21 12:15:00,2470.0,2323.0571
4377,2023-09-21 12:30:00,1695.0,1978.3558
4378,2023-09-21 12:45:00,1141.0,1650.6335
4379,2023-09-21 13:00:00,0.0,1178.3632
4380,2023-09-21 13:15:00,963.9999999999999,808.04486
4381,2023-09-21 13:30:00,820.0000000000001,580.6775
4382,2023-09-21 13:45:00,0.0,363.8065
4383,2023-09-21 14:00:00,1424.0,207.06955
4384,2023-09-21 14:15:00,1038.0,226.1462
4385,2023-09-21 14:30:00,0.0,181.14268
4386,2023-09-21 14:45:00,0.0,12.7732935
4387,2023-09-21 15:00:00,0.0,-13.86919
4388,2023-09-21 15:15:00,0.0,-48.80784
4389,2023-09-21 15:30:00,0.0,-169.41504
4390,2023-09-21 15:45:00,0.0,-121.96472
4391,2023-09-21 16:00:00,0.0,-29.838287
4392,2023-09-21 16:15:00,0.0,-4.5055575
4393,2023-09-21 16:30:00,0.0,12.2969885
4394,2023-09-21 16:45:00,0.0,25.872498
4395,2023-09-21 17:00:00,0.0,53.959263
4396,2023-09-21 17:15:00,0.0,78.55737
4397,2023-09-21 17:30:00,0.0,84.84618
4398,2023-09-21 17:45:00,0.0,107.60898
4399,2023-09-21 18:00:00,0.0,131.72285
4400,2023-09-21 18:15:00,0.0,139.73079
4401,2023-09-21 18:30:00,0.0,148.07669
4402,2023-09-21 18:45:00,0.0,156.70241
4403,2023-09-21 19:00:00,0.0,165.95398
4404,2023-09-21 19:15:00,0.0,175.97836
4405,2023-09-21 19:30:00,291.0,186.73587
4406,2023-09-21 19:45:00,367.99999999999994,198.21082
4407,2023-09-22 06:00:00,539.0,210.44566
4408,2023-09-22 06:15:00,1344.0,681.28156
4409,2023-09-22 06:30:00,1634.0000000000002,820.12946
4410,2023-09-22 06:45:00,1326.0,1369.9763
4411,2023-09-22 07:00:00,2314.0,1807.0184
4412,2023-09-22 07:15:00,2274.0,2116.2122
4413,2023-09-22 07:30:00,1913.0,2359.39
4414,2023-09-22 07:45:00,2912.0,2525.617
4415,2023-09-22 08:00:00,2896.0,2826.8027
4416,2023-09-22 08:15:00,3312.0,3269.9373
4417,2023-09-22 08:30:00,5074.0,3936.7175
4418,2023-09-22 08:45:00,2919.0,4197.8145
4419,2023-09-22 09:00:00,3610.0,4825.125
4420,2023-09-22 09:15:00,5065.0,5368.211
4421,2023-09-22 09:30:00,6772.0,6278.1704
4422,2023-09-22 09:45:00,2579.0,7639.458
4423,2023-09-22 10:00:00,10403.0,8262.238
4424,2023-09-22 10:15:00,7380.999999999999,9255.358
4425,2023-09-22 10:30:00,15619.0,9330.211
4426,2023-09-22 10:45:00,4360.0,9598.84
4427,2023-09-22 11:00:00,6381.0,8958.042
4428,2023-09-22 11:15:00,3372.9999999999995,8771.294
4429,2023-09-22 11:30:00,3088.0,7383.6553
4430,2023-09-22 11:45:00,7616.0,7767.5864
4431,2023-09-22 12:00:00,10974.0,7320.8594
4432,2023-09-22 12:15:00,8239.0,8645.364
4433,2023-09-22 12:30:00,10711.0,8524.944
4434,2023-09-22 12:45:00,14147.0,7518.932
4435,2023-09-22 13:00:00,7953.0,6829.978
4436,2023-09-22 13:15:00,8525.0,6810.2334
4437,2023-09-22 13:30:00,4619.0,6142.9272
4438,2023-09-22 13:45:00,2961.0,5481.274
4439,2023-09-22 14:00:00,6651.0,4619.961
4440,2023-09-22 14:15:00,6650.0,3363.79
4441,2023-09-22 14:30:00,2842.9999999999995,2646.0032
4442,2023-09-22 14:45:00,3765.0,1977.7893
4443,2023-09-22 15:00:00,2904.9999999999995,1067.4874
4444,2023-09-22 15:15:00,1281.0,561.6499
4445,2023-09-22 15:30:00,0.0,302.30338
4446,2023-09-22 15:45:00,0.0,84.03934
4447,2023-09-22 16:00:00,0.0,-72.87328
4448,2023-09-22 16:15:00,0.0,-142.11876
4449,2023-09-22 16:30:00,0.0,-173.32993
4450,2023-09-22 16:45:00,0.0,-135.26952
4451,2023-09-22 17:00:00,0.0,-81.50031
4452,2023-09-22 17:15:00,0.0,-57.409748
4453,2023-09-22 17:30:00,0.0,-16.040327
4454,2023-09-22 17:45:00,0.0,32.0714
4455,2023-09-22 18:00:00,0.0,89.178375
4456,2023-09-22 18:15:00,0.0,148.77429
4457,2023-09-22 18:30:00,0.0,187.46669
4458,2023-09-22 18:45:00,0.0,213.77054
4459,2023-09-22 19:00:00,0.0,235.77376
4460,2023-09-22 19:15:00,0.0,228.6943
4461,2023-09-22 19:30:00,604.0,224.3717
4462,2023-09-22 19:45:00,745.0,224.00696
4463,2023-09-23 06:00:00,968.0000000000001,228.17653
4464,2023-09-23 06:15:00,1099.0,673.814
4465,2023-09-23 06:30:00,1427.0,791.7024
4466,2023-09-23 06:45:00,1988.0,1349.822
4467,2023-09-23 07:00:00,1573.0,1774.8528
4468,2023-09-23 07:15:00,2293.0,2066.063
4469,2023-09-23 07:30:00,2803.0,2339.3298
4470,2023-09-23 07:45:00,2996.0,2553.0537
4471,2023-09-23 08:00:00,2589.0,2838.663
4472,2023-09-23 08:15:00,4498.0,3362.3206
4473,2023-09-23 08:30:00,3189.0,4082.5388
4474,2023-09-23 08:45:00,2718.0,4249.9443
4475,2023-09-23 09:00:00,4746.0,4445.2715
4476,2023-09-23 09:15:00,4848.0,4404.2153
4477,2023-09-23 09:30:00,4350.0,4501.2446
4478,2023-09-23 09:45:00,3695.0,4367.472
4479,2023-09-23 10:00:00,1722.0,4482.503
4480,2023-09-23 10:15:00,3953.0,4465.858
4481,2023-09-23 10:30:00,3544.0,4290.366
4482,2023-09-23 10:45:00,3707.9999999999995,4439.2983
4483,2023-09-23 11:00:00,4271.0,4379.8228
4484,2023-09-23 11:15:00,4750.0,4294.4565
4485,2023-09-23 11:30:00,3820.0,4271.0737
4486,2023-09-23 11:45:00,4649.0,4168.132
4487,2023-09-23 12:00:00,2921.0000000000005,4207.4634
4488,2023-09-23 12:15:00,5314.0,4137.4385
4489,2023-09-23 12:30:00,3762.0,3913.8564
4490,2023-09-23 12:45:00,4230.0,3683.1611
4491,2023-09-23 13:00:00,5479.0,3530.5334
4492,2023-09-23 13:15:00,5225.0,3219.2488
4493,2023-09-23 13:30:00,4306.0,3067.2966
4494,2023-09-23 13:45:00,7956.0,2885.9158
4495,2023-09-23 14:00:00,5572.0,2799.863
4496,2023-09-23 14:15:00,6510.0,2848.614
4497,2023-09-23 14:30:00,3329.9999999999995,2636.3896
4498,2023-09-23 14:45:00,4455.0,2442.7397
4499,2023-09-23 15:00:00,3699.9999999999995,2147.041
4500,2023-09-23 15:15:00,3247.0,1513.6111
4501,2023-09-23 15:30:00,2386.0,1133.7471
4502,2023-09-23 15:45:00,975.0,706.97754
4503,2023-09-23 16:00:00,0.0,406.3222
4504,2023-09-23 16:15:00,0.0,193.5585
4505,2023-09-23 16:30:00,0.0,38.7942
4506,2023-09-23 16:45:00,0.0,-59.407516
4507,2023-09-23 17:00:00,0.0,-130.94592
4508,2023-09-23 17:15:00,0.0,-135.2963
4509,2023-09-23 17:30:00,0.0,-102.49094
4510,2023-09-23 17:45:00,0.0,-98.29344
4511,2023-09-23 18:00:00,0.0,-78.44003
4512,2023-09-23 18:15:00,0.0,-51.24357
4513,2023-09-23 18:30:00,0.0,-24.907328
4514,2023-09-23 18:45:00,0.0,1.5956701
4515,2023-09-23 19:00:00,167.0,23.536093
4516,2023-09-23 19:15:00,272.0,45.579475
4517,2023-09-23 19:30:00,357.0,72.005295
4518,2023-09-23 19:45:00,452.0,84.111565
4519,2023-09-24 06:00:00,590.0,102.83057
4520,2023-09-24 06:15:00,843.0,637.134
4521,2023-09-24 06:30:00,984.0,580.5904
4522,2023-09-24 06:45:00,1142.0,848.57007
4523,2023-09-24 07:00:00,1228.0,1243.8372
4524,2023-09-24 07:15:00,1124.0,1665.5702
4525,2023-09-24 07:30:00,1290.0,2261.4966
4526,2023-09-24 07:45:00,1532.0,3056.0469
4527,2023-09-24 08:00:00,1610.0,4063.0828
4528,2023-09-24 08:15:00,2054.0,5442.945
4529,2023-09-24 08:30:00,3208.9999999999995,6947.4683
4530,2023-09-24 08:45:00,5190.0,7735.047
4531,2023-09-24 09:00:00,6775.0,8442.166
4532,2023-09-24 09:15:00,8069.0,9236.058
4533,2023-09-24 09:30:00,9794.0,9969.554
4534,2023-09-24 09:45:00,11828.0,10688.926
4535,2023-09-24 10:00:00,12985.0,11346.888
4536,2023-09-24 10:15:00,13899.0,11900.551
4537,2023-09-24 10:30:00,15292.0,12359.714
4538,2023-09-24 10:45:00,15861.0,12670.015
4539,2023-09-24 11:00:00,15240.000000000002,12787.688
4540,2023-09-24 11:15:00,15673.0,12705.226
4541,2023-09-24 11:30:00,15362.0,12513.521
4542,2023-09-24 11:45:00,14304.000000000002,12308.39
4543,2023-09-24 12:00:00,15474.999999999998,12123.451
4544,2023-09-24 12:15:00,13837.0,11681.784
4545,2023-09-24 12:30:00,11729.0,11388.345
4546,2023-09-24 12:45:00,11684.000000000002,10990.471
4547,2023-09-24 13:00:00,12548.0,10406.872
4548,2023-09-24 13:15:00,11950.999999999998,9867.1045
4549,2023-09-24 13:30:00,11173.0,8769.531
4550,2023-09-24 13:45:00,10339.0,7566.2837
4551,2023-09-24 14:00:00,8624.0,6305.418
4552,2023-09-24 14:15:00,5361.0,4984.389
4553,2023-09-24 14:30:00,3573.0,3811.297
4554,2023-09-24 14:45:00,3425.0,2841.547
4555,2023-09-24 15:00:00,3471.0000000000005,1960.3756
4556,2023-09-24 15:15:00,3180.0,1285.6324
4557,2023-09-24 15:30:00,2686.0,802.1512
4558,2023-09-24 15:45:00,1405.0,410.87735
4559,2023-09-24 16:00:00,0.0,179.32059
4560,2023-09-24 16:15:00,0.0,55.57642
4561,2023-09-24 16:30:00,0.0,-7.176301
4562,2023-09-24 16:45:00,0.0,-46.29162
4563,2023-09-24 17:00:00,0.0,-70.21675
4564,2023-09-24 17:15:00,0.0,-65.448586
4565,2023-09-24 17:30:00,0.0,-36.218323
4566,2023-09-24 17:45:00,0.0,-22.149487
4567,2023-09-24 18:00:00,0.0,10.0025625
4568,2023-09-24 18:15:00,0.0,51.97009
4569,2023-09-24 18:30:00,0.0,95.02079
4570,2023-09-24 18:45:00,0.0,135.80235
4571,2023-09-24 19:00:00,0.0,172.63315
4572,2023-09-24 19:15:00,564.0,206.88676
4573,2023-09-24 19:30:00,804.0,244.74042
4574,2023-09-24 19:45:00,1083.0,257.19986
4575,2023-09-25 06:00:00,1244.0,270.58282
4576,2023-09-25 06:15:00,1362.0,695.11456
4577,2023-09-25 06:30:00,1627.0,874.19714
4578,2023-09-25 06:45:00,1882.0,1175.94
4579,2023-09-25 07:00:00,2322.0,1564.4667
4580,2023-09-25 07:15:00,2587.0,2008.3143
4581,2023-09-25 07:30:00,2342.0,2472.7876
4582,2023-09-25 07:45:00,2667.0,3010.7407
4583,2023-09-25 08:00:00,3072.0,3667.7114
4584,2023-09-25 08:15:00,3772.0,4842.91
4585,2023-09-25 08:30:00,4765.0,6357.469
4586,2023-09-25 08:45:00,5594.0,6945.4004
4587,2023-09-25 09:00:00,6796.0,7552.918
4588,2023-09-25 09:15:00,7937.999999999999,8099.533
4589,2023-09-25 09:30:00,8035.0,8635.824
4590,2023-09-25 09:45:00,7546.0,9178.7
4591,2023-09-25 10:00:00,8504.0,9663.538
4592,2023-09-25 10:15:00,9321.0,10170.159
4593,2023-09-25 10:30:00,9848.0,10648.202
4594,2023-09-25 10:45:00,11167.999999999998,10863.862
4595,2023-09-25 11:00:00,10354.0,10944.55
4596,2023-09-25 11:15:00,10323.0,10809.091
4597,2023-09-25 11:30:00,10793.0,10657.544
4598,2023-09-25 11:45:00,10608.0,10553.414
4599,2023-09-25 12:00:00,12634.0,10417.321
4600,2023-09-25 12:15:00,8060.0,10007.714
4601,2023-09-25 12:30:00,8899.0,9626.527
4602,2023-09-25 12:45:00,7046.0,8752.107
4603,2023-09-25 13:00:00,11377.0,7603.707
4604,2023-09-25 13:15:00,10088.0,6713.696
4605,2023-09-25 13:30:00,11688.0,5715.6143
4606,2023-09-25 13:45:00,10158.0,5587.104
4607,2023-09-25 14:00:00,7735.999999999999,4770.7812
4608,2023-09-25 14:15:00,2311.0,4012.4143
4609,2023-09-25 14:30:00,2173.0,3042.9583
4610,2023-09-25 14:45:00,3077.0000000000005,2309.8894
4611,2023-09-25 15:00:00,2977.0,1541.3546
4612,2023-09-25 15:15:00,2402.0,969.13513
4613,2023-09-25 15:30:00,0.0,421.5281
4614,2023-09-25 15:45:00,1163.0,120.325424
4615,2023-09-25 16:00:00,0.0,-14.264679
4616,2023-09-25 16:15:00,0.0,-79.22043
4617,2023-09-25 16:30:00,0.0,-115.1573
4618,2023-09-25 16:45:00,0.0,-91.0869
4619,2023-09-25 17:00:00,0.0,-105.30034
4620,2023-09-25 17:15:00,0.0,-97.45123
4621,2023-09-25 17:30:00,0.0,-30.323515
4622,2023-09-25 17:45:00,0.0,-6.629592
4623,2023-09-25 18:00:00,0.0,26.875679
4624,2023-09-25 18:15:00,0.0,71.64137
4625,2023-09-25 18:30:00,0.0,126.6491
4626,2023-09-25 18:45:00,0.0,184.3793
4627,2023-09-25 19:00:00,472.0,241.93266
4628,2023-09-25 19:15:00,708.0,256.72852
4629,2023-09-25 19:30:00,974.0,305.70328
4630,2023-09-25 19:45:00,1244.0,319.15286
4631,2023-09-26 06:00:00,1575.0,327.20062
4632,2023-09-26 06:15:00,1584.9999999999998,993.2153
4633,2023-09-26 06:30:00,1570.0,1062.3053
4634,2023-09-26 06:45:00,1675.0000000000002,1364.3303
4635,2023-09-26 07:00:00,2068.0,1643.7325
4636,2023-09-26 07:15:00,2122.0,1952.5032
4637,2023-09-26 07:30:00,2755.0,2314.0818
4638,2023-09-26 07:45:00,4346.0,2705.562
4639,2023-09-26 08:00:00,4165.0,3297.9429
4640,2023-09-26 08:15:00,4461.0,4403.3735
4641,2023-09-26 08:30:00,6604.0,5928.6577
4642,2023-09-26 08:45:00,7145.0,6639.114
4643,2023-09-26 09:00:00,9323.0,7539.3184
4644,2023-09-26 09:15:00,8204.0,8546.886
4645,2023-09-26 09:30:00,8355.0,9640.688
4646,2023-09-26 09:45:00,11355.999999999998,10722.991
4647,2023-09-26 10:00:00,11382.0,11325.659
4648,2023-09-26 10:15:00,10736.0,12247.955
4649,2023-09-26 10:30:00,9464.0,12451.032
4650,2023-09-26 10:45:00,8252.0,12585.204
4651,2023-09-26 11:00:00,10008.0,12519.713
4652,2023-09-26 11:15:00,13274.0,11938.764
4653,2023-09-26 11:30:00,8476.0,11306.849
4654,2023-09-26 11:45:00,8205.0,10111.796
4655,2023-09-26 12:00:00,8740.0,8767.091
4656,2023-09-26 12:15:00,5856.0,7832.758
4657,2023-09-26 12:30:00,4290.0,6812.592
4658,2023-09-26 12:45:00,5626.0,5298.584
4659,2023-09-26 13:00:00,5074.0,4609.621
4660,2023-09-26 13:15:00,5165.0,3942.2349
4661,2023-09-26 13:30:00,3719.0,3088.2383
4662,2023-09-26 13:45:00,3145.0,2287.6504
4663,2023-09-26 14:00:00,3504.0,1758.977
4664,2023-09-26 14:15:00,3054.0,1333.4462
4665,2023-09-26 14:30:00,3095.9999999999995,1099.0254
4666,2023-09-26 14:45:00,2000.0,824.8809
4667,2023-09-26 15:00:00,1339.0,590.8232
4668,2023-09-26 15:15:00,1216.0,416.05853
4669,2023-09-26 15:30:00,916.0,241.58974
4670,2023-09-26 15:45:00,0.0,101.82077
4671,2023-09-26 16:00:00,0.0,-29.796804
4672,2023-09-26 16:15:00,0.0,-119.47263
4673,2023-09-26 16:30:00,0.0,-186.5083
4674,2023-09-26 16:45:00,0.0,-224.34741
4675,2023-09-26 17:00:00,0.0,-146.12999
4676,2023-09-26 17:15:00,0.0,-75.31183
4677,2023-09-26 17:30:00,0.0,-62.71372
4678,2023-09-26 17:45:00,0.0,-39.70533
4679,2023-09-26 18:00:00,0.0,-13.346941
4680,2023-09-26 18:15:00,0.0,13.428915
4681,2023-09-26 18:30:00,0.0,37.83052
4682,2023-09-26 18:45:00,0.0,62.33773
4683,2023-09-26 19:00:00,180.0,87.89738
4684,2023-09-26 19:15:00,399.0,117.30646
4685,2023-09-26 19:30:00,668.0,133.0027
4686,2023-09-26 19:45:00,785.0,151.05782
4687,2023-09-27 06:00:00,1028.0,171.02179
4688,2023-09-27 06:15:00,1249.0,749.5752
4689,2023-09-27 06:30:00,1409.0,713.6116
4690,2023-09-27 06:45:00,2578.0,995.8704
4691,2023-09-27 07:00:00,2530.0,1336.3844
4692,2023-09-27 07:15:00,2453.0,1683.8806
4693,2023-09-27 07:30:00,2188.0,2135.9172
4694,2023-09-27 07:45:00,3227.0,2665.139
4695,2023-09-27 08:00:00,3485.9999999999995,3640.9727
4696,2023-09-27 08:15:00,3621.0,4788.3745
4697,2023-09-27 08:30:00,4429.0,6585.2534
4698,2023-09-27 08:45:00,6562.0,7152.318
4699,2023-09-27 09:00:00,9205.0,7983.2407
4700,2023-09-27 09:15:00,6318.000000000001,8685.646
4701,2023-09-27 09:30:00,8158.0,9403.479
4702,2023-09-27 09:45:00,7296.0,9957.804
4703,2023-09-27 10:00:00,7039.000000000001,10337.776
4704,2023-09-27 10:15:00,7948.0,10512.952
4705,2023-09-27 10:30:00,5889.0,9765.983
4706,2023-09-27 10:45:00,5878.0,9119.464
4707,2023-09-27 11:00:00,5017.0,7685.367
4708,2023-09-27 11:15:00,5192.0,7180.997
4709,2023-09-27 11:30:00,4049.0,7579.681
4710,2023-09-27 11:45:00,6772.999999999999,8172.6865
4711,2023-09-27 12:00:00,14196.0,8760.904
4712,2023-09-27 12:15:00,13172.0,8532.495
4713,2023-09-27 12:30:00,10828.0,8379.234
4714,2023-09-27 12:45:00,11336.0,8121.9756
4715,2023-09-27 13:00:00,11572.0,7837.433
4716,2023-09-27 13:15:00,10947.0,7711.6694
4717,2023-09-27 13:30:00,10338.0,7181.103
4718,2023-09-27 13:45:00,8423.0,6851.2173
4719,2023-09-27 14:00:00,5264.0,6449.632
4720,2023-09-27 14:15:00,3610.0,5979.874
4721,2023-09-27 14:30:00,1627.9999999999998,5288.2266
4722,2023-09-27 14:45:00,1715.0,4412.659
4723,2023-09-27 15:00:00,1635.0,3371.823
4724,2023-09-27 15:15:00,882.0,2326.1724
4725,2023-09-27 15:30:00,0.0,1425.1532
4726,2023-09-27 15:45:00,0.0,619.68787
4727,2023-09-27 16:00:00,0.0,284.11588
4728,2023-09-27 16:15:00,0.0,136.08528
4729,2023-09-27 16:30:00,0.0,71.447014
4730,2023-09-27 16:45:00,0.0,-8.21766
4731,2023-09-27 17:00:00,0.0,-3.3250425
4732,2023-09-27 17:15:00,0.0,9.177706
4733,2023-09-27 17:30:00,0.0,42.054127
4734,2023-09-27 17:45:00,0.0,79.18176
4735,2023-09-27 18:00:00,0.0,123.14061
4736,2023-09-27 18:15:00,0.0,159.34357
4737,2023-09-27 18:30:00,0.0,201.79517
4738,2023-09-27 18:45:00,0.0,254.40303
4739,2023-09-27 19:00:00,0.0,310.69852
4740,2023-09-27 19:15:00,0.0,322.02225
4741,2023-09-27 19:30:00,404.0,332.27338
4742,2023-09-27 19:45:00,580.0,340.90536
4743,2023-09-28 06:00:00,738.9999999999999,347.7371
4744,2023-09-28 06:15:00,982.0,735.52423
4745,2023-09-28 06:30:00,1232.0,766.1601
4746,2023-09-28 06:45:00,1355.0,1178.3871
4747,2023-09-28 07:00:00,1489.0,1505.9697
4748,2023-09-28 07:15:00,1520.0,1971.6873
4749,2023-09-28 07:30:00,1719.0,2520.3906
4750,2023-09-28 07:45:00,1860.0000000000002,3358.4443
4751,2023-09-28 08:00:00,2361.0,4778.02
4752,2023-09-28 08:15:00,2959.0,7158.1016
4753,2023-09-28 08:30:00,4434.0,9084.441
4754,2023-09-28 08:45:00,5899.0,9621.496
4755,2023-09-28 09:00:00,7649.0,10130.702
4756,2023-09-28 09:15:00,8220.0,10483.628
4757,2023-09-28 09:30:00,9251.0,10805.76
4758,2023-09-28 09:45:00,11699.0,11199.699
4759,2023-09-28 10:00:00,10391.0,11460.571
4760,2023-09-28 10:15:00,9687.0,11843.051
4761,2023-09-28 10:30:00,9722.0,12027.037
4762,2023-09-28 10:45:00,13615.999999999998,12064.899
4763,2023-09-28 11:00:00,9920.0,11610.2295
4764,2023-09-28 11:15:00,10412.0,10853.893
4765,2023-09-28 11:30:00,8666.0,10334.919
4766,2023-09-28 11:45:00,9215.0,9935.627
4767,2023-09-28 12:00:00,6865.0,9908.648
4768,2023-09-28 12:15:00,8123.0,8761.973
4769,2023-09-28 12:30:00,6371.0,8537.571
4770,2023-09-28 12:45:00,4945.0,7874.3447
4771,2023-09-28 13:00:00,6481.0,7297.2695
4772,2023-09-28 13:15:00,4595.0,6151.959
4773,2023-09-28 13:30:00,6226.0,5615.396
4774,2023-09-28 13:45:00,4015.0,4671.1387
4775,2023-09-28 14:00:00,2327.0,3498.6897
4776,2023-09-28 14:15:00,1818.0,2298.9607
4777,2023-09-28 14:30:00,2076.0,1510.9927
4778,2023-09-28 14:45:00,2172.0,1089.3204
4779,2023-09-28 15:00:00,1619.0,592.4101
4780,2023-09-28 15:15:00,0.0,271.95276
4781,2023-09-28 15:30:00,0.0,55.4923
4782,2023-09-28 15:45:00,0.0,-55.08243
4783,2023-09-28 16:00:00,0.0,-122.560684
4784,2023-09-28 16:15:00,0.0,-146.77504
4785,2023-09-28 16:30:00,0.0,-85.0802
4786,2023-09-28 16:45:00,0.0,-30.397556
4787,2023-09-28 17:00:00,0.0,-14.712723
4788,2023-09-28 17:15:00,0.0,22.430113
4789,2023-09-28 17:30:00,0.0,59.97786
4790,2023-09-28 17:45:00,0.0,95.59064
4791,2023-09-28 18:00:00,0.0,129.94919
4792,2023-09-28 18:15:00,0.0,162.21643
4793,2023-09-28 18:30:00,0.0,192.27617
4794,2023-09-28 18:45:00,0.0,224.18759
4795,2023-09-28 19:00:00,0.0,224.5806
4796,2023-09-28 19:15:00,0.0,226.17247
4797,2023-09-28 19:30:00,732.0,229.14615
4798,2023-09-28 19:45:00,1100.0,233.64064
4799,2023-09-29 06:00:00,1086.0,239.83673
4800,2023-09-29 06:15:00,1457.0,635.7143
4801,2023-09-29 06:30:00,1618.0,704.1164
4802,2023-09-29 06:45:00,473.0,1071.4785
4803,2023-09-29 07:00:00,738.9999999999999,1436.231
4804,2023-09-29 07:15:00,2154.0,1801.0728
4805,2023-09-29 07:30:00,2237.0,2120.6401
4806,2023-09-29 07:45:00,1377.0,2364.5396
4807,2023-09-29 08:00:00,3062.0,2455.3955
4808,2023-09-29 08:15:00,4306.0,2774.3484
4809,2023-09-29 08:30:00,2598.0,3515.8477
4810,2023-09-29 08:45:00,2390.0,3764.0388
4811,2023-09-29 09:00:00,3128.0000000000005,3968.6216
4812,2023-09-29 09:15:00,4971.0,4411.6665
4813,2023-09-29 09:30:00,6327.0,4871.4473
4814,2023-09-29 09:45:00,3282.0,5296.2227
4815,2023-09-29 10:00:00,9853.0,5829.447
4816,2023-09-29 10:15:00,5092.0,6359.8994
4817,2023-09-29 10:30:00,7423.999999999999,7190.5854
4818,2023-09-29 10:45:00,6328.0,7935.7837
4819,2023-09-29 11:00:00,4064.0,7496.018
4820,2023-09-29 11:15:00,3350.0000000000005,7482.5176
4821,2023-09-29 11:30:00,4879.0,6078.013
4822,2023-09-29 11:45:00,5865.0,5562.0176
4823,2023-09-29 12:00:00,5957.999999999999,4499.1064
4824,2023-09-29 12:15:00,2761.0,3832.852
4825,2023-09-29 12:30:00,1566.0,3412.6257
4826,2023-09-29 12:45:00,1724.0,2737.1113
4827,2023-09-29 13:00:00,2097.0,2447.4788
4828,2023-09-29 13:15:00,4664.0,2126.2266
4829,2023-09-29 13:30:00,726.0,1864.2538
4830,2023-09-29 13:45:00,0.0,1492.4714
4831,2023-09-29 14:00:00,0.0,1096.0938
4832,2023-09-29 14:15:00,699.9999999999999,940.9049
4833,2023-09-29 14:30:00,1818.0,815.34705
4834,2023-09-29 14:45:00,1334.0,602.1216
4835,2023-09-29 15:00:00,1074.0,439.58255
4836,2023-09-29 15:15:00,1908.0,347.54553
4837,2023-09-29 15:30:00,1467.0,220.99031
4838,2023-09-29 15:45:00,0.0,93.15986
4839,2023-09-29 16:00:00,0.0,42.03066
4840,2023-09-29 16:15:00,0.0,14.328968
4841,2023-09-29 16:30:00,0.0,-40.505062
4842,2023-09-29 16:45:00,0.0,-88.49499
4843,2023-09-29 17:00:00,0.0,-39.862995
4844,2023-09-29 17:15:00,0.0,1.2253027
4845,2023-09-29 17:30:00,0.0,-12.981367
4846,2023-09-29 17:45:00,0.0,-14.570095
4847,2023-09-29 18:00:00,0.0,7.1734915
4848,2023-09-29 18:15:00,0.0,33.92737
4849,2023-09-29 18:30:00,0.0,61.57353
4850,2023-09-29 18:45:00,0.0,87.04442
4851,2023-09-29 19:00:00,0.0,109.30381
4852,2023-09-29 19:15:00,0.0,133.46628
4853,2023-09-29 19:30:00,310.0,137.85994
4854,2023-09-29 19:45:00,436.0,143.91556
4855,2023-09-30 06:00:00,606.0,151.71344
4856,2023-09-30 06:15:00,729.0,514.8051
4857,2023-09-30 06:30:00,859.0,531.94635
4858,2023-09-30 06:45:00,1000.0,794.6688
4859,2023-09-30 07:00:00,1143.0,953.3906
4860,2023-09-30 07:15:00,1292.0,1214.9718
4861,2023-09-30 07:30:00,1588.0,1545.4806
4862,2023-09-30 07:45:00,1842.0,1908.4979
4863,2023-09-30 08:00:00,2190.0,2392.963
4864,2023-09-30 08:15:00,2751.0,3168.971
4865,2023-09-30 08:30:00,3905.0,4556.5293
4866,2023-09-30 08:45:00,5403.0,5397.7056
4867,2023-09-30 09:00:00,7509.0,6296.1436
4868,2023-09-30 09:15:00,8798.0,7215.8213
4869,2023-09-30 09:30:00,8345.0,8200.124
4870,2023-09-30 09:45:00,6224.000000000001,9258.441
4871,2023-09-30 10:00:00,7520.0,10354.407
4872,2023-09-30 10:15:00,6613.0,11506.978
4873,2023-09-30 10:30:00,5927.0,12487.4
4874,2023-09-30 10:45:00,13236.999999999998,13145.46
4875,2023-09-30 11:00:00,12067.0,13319.024
4876,2023-09-30 11:15:00,13452.0,13332.55
4877,2023-09-30 11:30:00,12983.000000000002,12649.921
4878,2023-09-30 11:45:00,8744.0,11718.518
4879,2023-09-30 12:00:00,4577.0,10476.979
4880,2023-09-30 12:15:00,8106.0,9188.969
4881,2023-09-30 12:30:00,3898.9999999999995,8464.568
4882,2023-09-30 12:45:00,10566.0,7837.4336
4883,2023-09-30 13:00:00,10773.0,7071.4927
4884,2023-09-30 13:15:00,5074.0,6212.449
4885,2023-09-30 13:30:00,2519.0,5516.454
4886,2023-09-30 13:45:00,3485.0,4084.481
4887,2023-09-30 14:00:00,3719.0,3101.0193
4888,2023-09-30 14:15:00,3711.0,2236.7112
4889,2023-09-30 14:30:00,2476.0,1654.6879
4890,2023-09-30 14:45:00,1618.0,929.5825
4891,2023-09-30 15:00:00,1859.0,526.52454
4892,2023-09-30 15:15:00,0.0,234.69638
4893,2023-09-30 15:30:00,0.0,104.9984
4894,2023-09-30 15:45:00,0.0,-7.572946
4895,2023-09-30 16:00:00,0.0,-99.10508
4896,2023-09-30 16:15:00,0.0,-156.20445
4897,2023-09-30 16:30:00,0.0,-111.76863
4898,2023-09-30 16:45:00,0.0,-57.11854
4899,2023-09-30 17:00:00,0.0,-45.966537
4900,2023-09-30 17:15:00,0.0,-19.641865
4901,2023-09-30 17:30:00,0.0,18.965254
4902,2023-09-30 17:45:00,0.0,66.105034
4903,2023-09-30 18:00:00,0.0,120.91543
4904,2023-09-30 18:15:00,0.0,174.26552
4905,2023-09-30 18:30:00,0.0,218.82611
4906,2023-09-30 18:45:00,0.0,263.77377
4907,2023-09-30 19:00:00,0.0,261.78824
4908,2023-09-30 19:15:00,0.0,255.4814
4909,2023-09-30 19:30:00,0.0,247.8559
4910,2023-09-30 19:45:00,0.0,241.23457
4911,2023-10-01 06:00:00,786.0,236.93362
4912,2023-10-01 06:15:00,1220.0,655.7733
4913,2023-10-01 06:30:00,1298.0,644.06366
4914,2023-10-01 06:45:00,1709.0,864.9644
4915,2023-10-01 07:00:00,1680.0,1120.71
4916,2023-10-01 07:15:00,1790.0000000000002,1637.4219
4917,2023-10-01 07:30:00,2081.0,2101.8672
4918,2023-10-01 07:45:00,2964.0000000000005,2494.467
4919,2023-10-01 08:00:00,4187.0,2869.9849
4920,2023-10-01 08:15:00,4181.0,3384.4092
4921,2023-10-01 08:30:00,3867.9999999999995,4843.0913
4922,2023-10-01 08:45:00,4955.0,5496.3257
4923,2023-10-01 09:00:00,7071.0,6298.6377
4924,2023-10-01 09:15:00,9481.0,7211.897
4925,2023-10-01 09:30:00,6852.0,7970.7095
4926,2023-10-01 09:45:00,9976.0,8652.884
4927,2023-10-01 10:00:00,10627.0,9445.46
4928,2023-10-01 10:15:00,12743.0,10332.388
4929,2023-10-01 10:30:00,9533.0,10950.132
4930,2023-10-01 10:45:00,12828.0,11280.744
4931,2023-10-01 11:00:00,14317.0,11545.217
4932,2023-10-01 11:15:00,14290.0,11058.294
4933,2023-10-01 11:30:00,10513.0,11161.175
4934,2023-10-01 11:45:00,12749.0,11176.583
4935,2023-10-01 12:00:00,13297.0,11344.856
4936,2023-10-01 12:15:00,13410.0,10879.793
4937,2023-10-01 12:30:00,11147.0,10342.04
4938,2023-10-01 12:45:00,10890.0,9375.358
4939,2023-10-01 13:00:00,9851.0,8820.873
4940,2023-10-01 13:15:00,10390.0,7875.66
4941,2023-10-01 13:30:00,8192.0,6725.4795
4942,2023-10-01 13:45:00,5657.0,5224.3037
4943,2023-10-01 14:00:00,4756.0,4180.1
4944,2023-10-01 14:15:00,2668.0,2813.7466
4945,2023-10-01 14:30:00,2662.0,1781.7618
4946,2023-10-01 14:45:00,2285.0,957.619
4947,2023-10-01 15:00:00,1745.0000000000002,381.23575
4948,2023-10-01 15:15:00,1420.0,95.587166
4949,2023-10-01 15:30:00,1087.0,-91.095985
4950,2023-10-01 15:45:00,0.0,-168.85611
4951,2023-10-01 16:00:00,0.0,-207.07219
4952,2023-10-01 16:15:00,0.0,-212.61465
4953,2023-10-01 16:30:00,0.0,-219.31084
4954,2023-10-01 16:45:00,0.0,-221.69353
4955,2023-10-01 17:00:00,0.0,-130.7628
4956,2023-10-01 17:15:00,0.0,-49.598648
4957,2023-10-01 17:30:00,0.0,-17.57369
4958,2023-10-01 17:45:00,0.0,27.147215
4959,2023-10-01 18:00:00,0.0,73.032936
4960,2023-10-01 18:15:00,0.0,116.76817
4961,2023-10-01 18:30:00,0.0,156.26973
4962,2023-10-01 18:45:00,0.0,190.12701
4963,2023-10-01 19:00:00,0.0,222.30766
4964,2023-10-01 19:15:00,0.0,262.3594
4965,2023-10-01 19:30:00,592.0,262.14124
4966,2023-10-01 19:45:00,613.0,262.7949
4967,2023-10-02 06:00:00,852.9999999999999,265.1668
4968,2023-10-02 06:15:00,1286.0,677.754
4969,2023-10-02 06:30:00,1770.0,752.10254
4970,2023-10-02 06:45:00,1620.0,1182.7164
4971,2023-10-02 07:00:00,1712.0000000000002,1586.104
4972,2023-10-02 07:15:00,2254.0,1978.9945
4973,2023-10-02 07:30:00,2326.0,2370.4097
4974,2023-10-02 07:45:00,3181.0,2756.719
4975,2023-10-02 08:00:00,3890.9999999999995,3199.6042
4976,2023-10-02 08:15:00,3832.0,4066.833
4977,2023-10-02 08:30:00,4916.0,5291.805
4978,2023-10-02 08:45:00,6144.0,5814.814
4979,2023-10-02 09:00:00,6039.0,6518.21
4980,2023-10-02 09:15:00,3808.0,6861.1445
4981,2023-10-02 09:30:00,4095.0,7347.4478
4982,2023-10-02 09:45:00,5075.0,7784.354
4983,2023-10-02 10:00:00,6760.0,8201.698
4984,2023-10-02 10:15:00,9278.0,8366.85
4985,2023-10-02 10:30:00,4486.0,7786.478
4986,2023-10-02 10:45:00,3549.0,7517.133
4987,2023-10-02 11:00:00,5887.0,6777.9194
4988,2023-10-02 11:15:00,4471.0,6296.2935
4989,2023-10-02 11:30:00,3216.9999999999995,5669.7764
4990,2023-10-02 11:45:00,7622.999999999999,4883.549
4991,2023-10-02 12:00:00,3316.0,4831.125
4992,2023-10-02 12:15:00,6931.0,4795.217
4993,2023-10-02 12:30:00,6742.0,4530.1562
4994,2023-10-02 12:45:00,6743.000000000001,4255.9307
4995,2023-10-02 13:00:00,5720.999999999999,4437.899
4996,2023-10-02 13:15:00,4542.0,3898.7349
4997,2023-10-02 13:30:00,5763.999999999999,3910.337
4998,2023-10-02 13:45:00,4727.0,3256.3958
4999,2023-10-02 14:00:00,4091.0,2610.226
5000,2023-10-02 14:15:00,3257.0,1901.9014
5001,2023-10-02 14:30:00,2303.0,1289.2323
5002,2023-10-02 14:45:00,1736.9999999999998,863.25006
5003,2023-10-02 15:00:00,1970.9999999999998,506.15714
5004,2023-10-02 15:15:00,1729.0,261.11774
5005,2023-10-02 15:30:00,1572.0,56.442924
5006,2023-10-02 15:45:00,0.0,-96.16759
5007,2023-10-02 16:00:00,0.0,-188.65927
5008,2023-10-02 16:15:00,0.0,-253.02155
5009,2023-10-02 16:30:00,0.0,-288.72473
5010,2023-10-02 16:45:00,0.0,-314.73605
5011,2023-10-02 17:00:00,0.0,-238.81339
5012,2023-10-02 17:15:00,0.0,-169.87532
5013,2023-10-02 17:30:00,0.0,-155.8559
5014,2023-10-02 17:45:00,0.0,-133.98026
5015,2023-10-02 18:00:00,0.0,-106.527466
5016,2023-10-02 18:15:00,0.0,-80.53035
5017,2023-10-02 18:30:00,0.0,-57.125816
5018,2023-10-02 18:45:00,0.0,-36.679092
5019,2023-10-02 19:00:00,0.0,-16.4335
5020,2023-10-02 19:15:00,0.0,6.0723057
5021,2023-10-02 19:30:00,0.0,15.147214
5022,2023-10-02 19:45:00,0.0,25.754826
5023,2023-10-03 06:00:00,0.0,37.355865
5024,2023-10-03 06:15:00,0.0,419.3153
5025,2023-10-03 06:30:00,1386.0,493.39572
5026,2023-10-03 06:45:00,1964.0,695.2912
5027,2023-10-03 07:00:00,0.0,898.139
5028,2023-10-03 07:15:00,0.0,1073.3143
5029,2023-10-03 07:30:00,938.0,1213.0061
5030,2023-10-03 07:45:00,1168.0,1548.0026
5031,2023-10-03 08:00:00,1694.0,1881.5005
5032,2023-10-03 08:15:00,2193.0,1862.0496
5033,2023-10-03 08:30:00,2639.0,2328.435
5034,2023-10-03 08:45:00,1562.0000000000002,2626.6748
5035,2023-10-03 09:00:00,1076.0,2705.653
5036,2023-10-03 09:15:00,2385.0,2555.997
5037,2023-10-03 09:30:00,5334.0,2420.8577
5038,2023-10-03 09:45:00,2739.0,2476.4739
5039,2023-10-03 10:00:00,5128.0,2401.6077
5040,2023-10-03 10:15:00,1399.9999999999998,2274.0986
5041,2023-10-03 10:30:00,2648.0,2365.3997
5042,2023-10-03 10:45:00,3267.0,2493.3508
5043,2023-10-03 11:00:00,2815.0,2494.746
5044,2023-10-03 11:15:00,992.0,2619.741
5045,2023-10-03 11:30:00,1039.0,2420.9766
5046,2023-10-03 11:45:00,2078.0,2727.089
5047,2023-10-03 12:00:00,1324.0,2591.8523
5048,2023-10-03 12:15:00,1540.0,2468.3318
5049,2023-10-03 12:30:00,2024.0,2338.0093
5050,2023-10-03 12:45:00,2321.0,2204.9949
5051,2023-10-03 13:00:00,3889.0,2135.6934
5052,2023-10-03 13:15:00,5089.0,2016.1499
5053,2023-10-03 13:30:00,7329.0,1906.7684
5054,2023-10-03 13:45:00,3672.0,1774.975
5055,2023-10-03 14:00:00,2072.0,1594.1846
5056,2023-10-03 14:15:00,2032.0,1448.5278
5057,2023-10-03 14:30:00,1434.9999999999998,1216.8165
5058,2023-10-03 14:45:00,2353.0,999.96436
5059,2023-10-03 15:00:00,1655.0,595.49994
5060,2023-10-03 15:15:00,1281.0,320.7049
5061,2023-10-03 15:30:00,1219.0,55.11069
5062,2023-10-03 15:45:00,0.0,-98.527626
5063,2023-10-03 16:00:00,0.0,-170.13248
5064,2023-10-03 16:15:00,0.0,-258.68298
5065,2023-10-03 16:30:00,0.0,-304.96005
5066,2023-10-03 16:45:00,0.0,-342.89734
5067,2023-10-03 17:00:00,0.0,-268.57663
5068,2023-10-03 17:15:00,0.0,-203.42868
5069,2023-10-03 17:30:00,0.0,-184.23486
5070,2023-10-03 17:45:00,0.0,-149.09888
5071,2023-10-03 18:00:00,0.0,-104.59002
5072,2023-10-03 18:15:00,0.0,-56.878902
5073,2023-10-03 18:30:00,0.0,-9.620131
5074,2023-10-03 18:45:00,0.0,29.103502
5075,2023-10-03 19:00:00,0.0,61.13887
5076,2023-10-03 19:15:00,0.0,89.06467
5077,2023-10-03 19:30:00,288.0,93.526924
5078,2023-10-03 19:45:00,461.0,94.08322
5079,2023-10-04 06:00:00,653.0,91.84812
5080,2023-10-04 06:15:00,858.0000000000001,471.1773
5081,2023-10-04 06:30:00,974.0,526.4098
5082,2023-10-04 06:45:00,1181.0,925.68994
5083,2023-10-04 07:00:00,1349.0,1267.0592
5084,2023-10-04 07:15:00,1523.0000000000002,1545.7094
5085,2023-10-04 07:30:00,1924.0,1829.49
5086,2023-10-04 07:45:00,2266.0,2091.4854
5087,2023-10-04 08:00:00,2803.0,2418.087
5088,2023-10-04 08:15:00,3824.0,2937.7202
5089,2023-10-04 08:30:00,4393.0,3689.2043
5090,2023-10-04 08:45:00,5621.0,4064.3975
5091,2023-10-04 09:00:00,7017.999999999999,4440.366
5092,2023-10-04 09:15:00,7047.000000000001,4863.396
5093,2023-10-04 09:30:00,5280.0,5171.705
5094,2023-10-04 09:45:00,4634.0,5450.212
5095,2023-10-04 10:00:00,4798.0,5833.5107
5096,2023-10-04 10:15:00,7352.0,6183.049
5097,2023-10-04 10:30:00,5057.0,6346.193
5098,2023-10-04 10:45:00,5228.0,6286.951
5099,2023-10-04 11:00:00,5642.0,6266.032
5100,2023-10-04 11:15:00,9502.0,6306.2505
5101,2023-10-04 11:30:00,6938.0,6485.9863
5102,2023-10-04 11:45:00,4557.0,5904.156
5103,2023-10-04 12:00:00,4717.0,5153.149
5104,2023-10-04 12:15:00,3946.0000000000005,4244.0586
5105,2023-10-04 12:30:00,3578.0,3536.3018
5106,2023-10-04 12:45:00,3592.0,2691.2207
5107,2023-10-04 13:00:00,3317.9999999999995,2113.9514
5108,2023-10-04 13:15:00,3173.0,1632.7067
5109,2023-10-04 13:30:00,2480.0,1234.3345
5110,2023-10-04 13:45:00,1848.0,898.2565
5111,2023-10-04 14:00:00,1654.0,624.6358
5112,2023-10-04 14:15:00,1637.0,389.7983
5113,2023-10-04 14:30:00,1701.9999999999998,248.48921
5114,2023-10-04 14:45:00,1646.0,136.97708
5115,2023-10-04 15:00:00,1452.0,49.872
5116,2023-10-04 15:15:00,1091.0,-25.876629
5117,2023-10-04 15:30:00,0.0,-75.897705
5118,2023-10-04 15:45:00,0.0,-118.40086
5119,2023-10-04 16:00:00,0.0,-148.95444
5120,2023-10-04 16:15:00,0.0,-179.52998
5121,2023-10-04 16:30:00,0.0,-206.38153
5122,2023-10-04 16:45:00,0.0,-176.51796
5123,2023-10-04 17:00:00,0.0,-130.4364
5124,2023-10-04 17:15:00,0.0,-114.09793
5125,2023-10-04 17:30:00,0.0,-85.01459
5126,2023-10-04 17:45:00,0.0,-51.28125
5127,2023-10-04 18:00:00,0.0,-18.976822
5128,2023-10-04 18:15:00,0.0,7.1323395
5129,2023-10-04 18:30:00,0.0,26.429453
5130,2023-10-04 18:45:00,0.0,44.759743
5131,2023-10-04 19:00:00,0.0,65.56229
5132,2023-10-04 19:15:00,0.0,70.56779
5133,2023-10-04 19:30:00,590.0,77.578156
5134,2023-10-04 19:45:00,721.0,86.246506
5135,2023-10-05 06:00:00,878.0,96.36376
5136,2023-10-05 06:15:00,1023.0,494.5113
5137,2023-10-05 06:30:00,1123.0,595.6082
5138,2023-10-05 06:45:00,1393.9999999999998,1107.4453
5139,2023-10-05 07:00:00,1709.0,1553.6134
5140,2023-10-05 07:15:00,1786.0000000000002,1879.9637
5141,2023-10-05 07:30:00,2250.0,2140.8447
5142,2023-10-05 07:45:00,2932.0,2366.7163
5143,2023-10-05 08:00:00,3012.0,2660.6687
5144,2023-10-05 08:15:00,3181.9999999999995,3235.6882
5145,2023-10-05 08:30:00,2985.0,4009.1265
5146,2023-10-05 08:45:00,3606.0,4324.663
5147,2023-10-05 09:00:00,3939.0,4518.794
5148,2023-10-05 09:15:00,3339.0,4533.109
5149,2023-10-05 09:30:00,4007.9999999999995,4468.3955
5150,2023-10-05 09:45:00,4063.0000000000005,4331.4014
5151,2023-10-05 10:00:00,5462.0,4431.2197
5152,2023-10-05 10:15:00,6156.0,4660.806
5153,2023-10-05 10:30:00,3853.0,5195.068
5154,2023-10-05 10:45:00,2749.0,5831.3438
5155,2023-10-05 11:00:00,4563.0,5968.3145
5156,2023-10-05 11:15:00,3613.0,5753.3467
5157,2023-10-05 11:30:00,4269.0,5188.4307
5158,2023-10-05 11:45:00,5511.0,4256.1265
5159,2023-10-05 12:00:00,4194.0,3771.5068
5160,2023-10-05 12:15:00,6269.0,3564.9387
5161,2023-10-05 12:30:00,5196.0,3664.5728
5162,2023-10-05 12:45:00,7980.999999999999,3988.2358
5163,2023-10-05 13:00:00,4268.0,4142.316
5164,2023-10-05 13:15:00,5459.0,4047.437
5165,2023-10-05 13:30:00,3929.0,3724.8123
5166,2023-10-05 13:45:00,2816.0000000000005,2962.297
5167,2023-10-05 14:00:00,1371.0,2192.0774
5168,2023-10-05 14:15:00,499.0,1389.6531
5169,2023-10-05 14:30:00,942.0,853.6387
5170,2023-10-05 14:45:00,1043.0,416.63217
5171,2023-10-05 15:00:00,727.0,175.35051
5172,2023-10-05 15:15:00,0.0,-3.2949636
5173,2023-10-05 15:30:00,0.0,-96.150566
5174,2023-10-05 15:45:00,0.0,-180.58705
5175,2023-10-05 16:00:00,0.0,-218.81636
5176,2023-10-05 16:15:00,0.0,-232.58705
5177,2023-10-05 16:30:00,0.0,-181.85103
5178,2023-10-05 16:45:00,0.0,-124.465904
5179,2023-10-05 17:00:00,0.0,-109.02847
5180,2023-10-05 17:15:00,0.0,-84.44359
5181,2023-10-05 17:30:00,0.0,-49.79978
5182,2023-10-05 17:45:00,0.0,-11.495601
5183,2023-10-05 18:00:00,0.0,29.449905
5184,2023-10-05 18:15:00,0.0,61.138706
5185,2023-10-05 18:30:00,0.0,90.33658
5186,2023-10-05 18:45:00,0.0,123.230354
5187,2023-10-05 19:00:00,0.0,126.91585
5188,2023-10-05 19:15:00,0.0,129.78358
5189,2023-10-05 19:30:00,379.0,131.88994
5190,2023-10-05 19:45:00,831.0,133.68443
5191,2023-10-06 06:00:00,1104.0,136.07819
5192,2023-10-06 06:15:00,1315.0,546.2918
5193,2023-10-06 06:30:00,1486.0000000000002,636.59784
5194,2023-10-06 06:45:00,1050.0,1091.7694
5195,2023-10-06 07:00:00,943.0,1514.2623
5196,2023-10-06 07:15:00,2902.0000000000005,1881.58
5197,2023-10-06 07:30:00,2961.0,2261.4155
5198,2023-10-06 07:45:00,3628.0,2615.7908
5199,2023-10-06 08:00:00,3586.9999999999995,2960.1477
5200,2023-10-06 08:15:00,4339.0,3642.7456
5201,2023-10-06 08:30:00,4088.0,4687.6626
5202,2023-10-06 08:45:00,4473.0,5072.547
5203,2023-10-06 09:00:00,5936.000000000001,5830.089
5204,2023-10-06 09:15:00,7063.0,6252.9966
5205,2023-10-06 09:30:00,6524.0,6749.853
5206,2023-10-06 09:45:00,7407.999999999999,7173.166
5207,2023-10-06 10:00:00,11979.999999999998,7645.4014
5208,2023-10-06 10:15:00,11975.0,8237.15
5209,2023-10-06 10:30:00,7088.0,8588.732
5210,2023-10-06 10:45:00,6169.0,8564.347
5211,2023-10-06 11:00:00,7608.0,8826.958
5212,2023-10-06 11:15:00,10679.0,9225.792
5213,2023-10-06 11:30:00,8971.0,9448.929
5214,2023-10-06 11:45:00,12172.0,9532.461
5215,2023-10-06 12:00:00,9245.0,9439.409
5216,2023-10-06 12:15:00,13375.0,8949.855
5217,2023-10-06 12:30:00,7234.0,8492.007
5218,2023-10-06 12:45:00,4418.0,7318.949
5219,2023-10-06 13:00:00,5464.0,6388.166
5220,2023-10-06 13:15:00,5698.0,5075.873
5221,2023-10-06 13:30:00,4694.0,4040.6306
5222,2023-10-06 13:45:00,4616.0,2603.9294
5223,2023-10-06 14:00:00,2947.9999999999995,1619.8247
5224,2023-10-06 14:15:00,2062.0,1012.5909
5225,2023-10-06 14:30:00,1510.0,616.15955
5226,2023-10-06 14:45:00,1077.0,409.58215
5227,2023-10-06 15:00:00,870.0,205.27176
5228,2023-10-06 15:15:00,0.0,53.78623
5229,2023-10-06 15:30:00,0.0,-66.90196
5230,2023-10-06 15:45:00,0.0,-147.33215
5231,2023-10-06 16:00:00,0.0,-195.61526
5232,2023-10-06 16:15:00,0.0,-216.12793
5233,2023-10-06 16:30:00,0.0,-156.51283
5234,2023-10-06 16:45:00,0.0,-92.808334
5235,2023-10-06 17:00:00,0.0,-69.223656
5236,2023-10-06 17:15:00,0.0,-30.81453
5237,2023-10-06 17:30:00,0.0,16.393341
5238,2023-10-06 17:45:00,0.0,62.0262
5239,2023-10-06 18:00:00,0.0,102.263855
5240,2023-10-06 18:15:00,0.0,136.62125
5241,2023-10-06 18:30:00,0.0,172.435
5242,2023-10-06 18:45:00,0.0,217.81252
5243,2023-10-06 19:00:00,0.0,219.31761
5244,2023-10-06 19:15:00,0.0,218.66696
5245,2023-10-06 19:30:00,0.0,215.90697
5246,2023-10-06 19:45:00,0.0,211.88945
5247,2023-10-07 06:00:00,0.0,207.69029
5248,2023-10-07 06:15:00,0.0,595.47003
5249,2023-10-07 06:30:00,0.0,647.3418
5250,2023-10-07 06:45:00,1190.0,824.0131
5251,2023-10-07 07:00:00,1166.0,1000.82837
5252,2023-10-07 07:15:00,2418.0,1151.7551
5253,2023-10-07 07:30:00,1877.0,1262.078
5254,2023-10-07 07:45:00,2360.0,1329.7288
5255,2023-10-07 08:00:00,2632.0,1714.6705
5256,2023-10-07 08:15:00,3130.9999999999995,2112.3735
5257,2023-10-07 08:30:00,3707.9999999999995,3054.7449
5258,2023-10-07 08:45:00,5302.0,3825.8928
5259,2023-10-07 09:00:00,6147.0,4542.9854
5260,2023-10-07 09:15:00,6014.000000000001,4919.9043
5261,2023-10-07 09:30:00,6565.999999999999,5396.633
5262,2023-10-07 09:45:00,3643.0,5949.843
5263,2023-10-07 10:00:00,2865.0,6469.9688
5264,2023-10-07 10:15:00,4627.0,7006.706
5265,2023-10-07 10:30:00,8796.0,7389.122
5266,2023-10-07 10:45:00,7789.0,7781.2007
5267,2023-10-07 11:00:00,7444.0,7549.041
5268,2023-10-07 11:15:00,8668.0,7652.1704
5269,2023-10-07 11:30:00,7858.0,7655.398
5270,2023-10-07 11:45:00,8948.0,8059.9443
5271,2023-10-07 12:00:00,6772.0,8001.316
5272,2023-10-07 12:15:00,5927.0,7990.502
5273,2023-10-07 12:30:00,9781.0,7338.822
5274,2023-10-07 12:45:00,8626.0,6593.5273
5275,2023-10-07 13:00:00,7628.0,5994.094
5276,2023-10-07 13:15:00,5708.0,4791.715
5277,2023-10-07 13:30:00,3301.0,3800.4617
5278,2023-10-07 13:45:00,2823.0,3005.003
5279,2023-10-07 14:00:00,2722.0,2139.8196
5280,2023-10-07 14:15:00,1456.0,1446.0206
5281,2023-10-07 14:30:00,0.0,792.87286
5282,2023-10-07 14:45:00,0.0,323.7566
5283,2023-10-07 15:00:00,0.0,51.8782
5284,2023-10-07 15:15:00,0.0,-117.68971
5285,2023-10-07 15:30:00,0.0,-205.75153
5286,2023-10-07 15:45:00,0.0,-188.91759
5287,2023-10-07 16:00:00,0.0,-151.53659
5288,2023-10-07 16:15:00,0.0,-142.55325
5289,2023-10-07 16:30:00,0.0,-117.0498
5290,2023-10-07 16:45:00,0.0,-75.879196
5291,2023-10-07 17:00:00,0.0,-29.278025
5292,2023-10-07 17:15:00,0.0,14.43722
5293,2023-10-07 17:30:00,0.0,55.803993
5294,2023-10-07 17:45:00,0.0,91.99621
5295,2023-10-07 18:00:00,0.0,130.13512
5296,2023-10-07 18:15:00,0.0,129.5889
5297,2023-10-07 18:30:00,0.0,127.77161
5298,2023-10-07 18:45:00,0.0,125.87482
5299,2023-10-07 19:00:00,0.0,124.77677
5300,2023-10-07 19:15:00,0.0,124.93063
5301,2023-10-07 19:30:00,0.0,126.460365
5302,2023-10-07 19:45:00,0.0,129.3405
5303,2023-10-08 06:00:00,0.0,133.4486
5304,2023-10-08 06:15:00,0.0,516.4223
5305,2023-10-08 06:30:00,0.0,577.3347
5306,2023-10-08 06:45:00,709.0,769.5718
5307,2023-10-08 07:00:00,1058.0,972.01807
5308,2023-10-08 07:15:00,1504.0,1145.7318
5309,2023-10-08 07:30:00,2072.0,1269.9539
5310,2023-10-08 07:45:00,2763.0,1342.474
5311,2023-10-08 08:00:00,2790.0,1748.0168
5312,2023-10-08 08:15:00,4325.0,2025.5795
5313,2023-10-08 08:30:00,3424.0000000000005,2706.7625
5314,2023-10-08 08:45:00,3784.0,3392.5212
5315,2023-10-08 09:00:00,4426.0,4106.9863
5316,2023-10-08 09:15:00,4478.0,4537.754
5317,2023-10-08 09:30:00,4505.0,4956.5215
5318,2023-10-08 09:45:00,7543.0,5063.1353
5319,2023-10-08 10:00:00,4945.0,5373.365
5320,2023-10-08 10:15:00,4599.0,5629.507
5321,2023-10-08 10:30:00,6236.0,5760.767
5322,2023-10-08 10:45:00,6094.0,5969.305
5323,2023-10-08 11:00:00,9351.0,6418.443
5324,2023-10-08 11:15:00,9848.0,6966.673
5325,2023-10-08 11:30:00,10082.0,7874.5996
5326,2023-10-08 11:45:00,11320.0,8358.38
5327,2023-10-08 12:00:00,5548.0,8137.1616
5328,2023-10-08 12:15:00,5876.0,8023.512
5329,2023-10-08 12:30:00,3227.0,6979.3955
5330,2023-10-08 12:45:00,3226.0,5902.08
5331,2023-10-08 13:00:00,1680.0,4955.3604
5332,2023-10-08 13:15:00,1804.0,3577.9966
5333,2023-10-08 13:30:00,1336.0,2826.2478
5334,2023-10-08 13:45:00,1968.0,1717.9055
5335,2023-10-08 14:00:00,2104.0,884.99695
5336,2023-10-08 14:15:00,3011.0000000000005,301.99844
5337,2023-10-08 14:30:00,2139.0,54.92972
5338,2023-10-08 14:45:00,735.9999999999999,-106.596214
5339,2023-10-08 15:00:00,0.0,-201.65964
5340,2023-10-08 15:15:00,0.0,-279.8344
5341,2023-10-08 15:30:00,0.0,-371.27368
5342,2023-10-08 15:45:00,0.0,-450.41162
5343,2023-10-08 16:00:00,0.0,-510.6088
5344,2023-10-08 16:15:00,0.0,-399.38986
5345,2023-10-08 16:30:00,0.0,-317.814
5346,2023-10-08 16:45:00,0.0,-315.56818
5347,2023-10-08 17:00:00,0.0,-307.9995
5348,2023-10-08 17:15:00,0.0,-290.93915
5349,2023-10-08 17:30:00,0.0,-270.13828
5350,2023-10-08 17:45:00,0.0,-247.53975
5351,2023-10-08 18:00:00,0.0,-224.57416
5352,2023-10-08 18:15:00,0.0,-199.67444
5353,2023-10-08 18:30:00,0.0,-172.57762
5354,2023-10-08 18:45:00,0.0,-151.68121
5355,2023-10-08 19:00:00,0.0,-128.9047
5356,2023-10-08 19:15:00,0.0,-104.864525
5357,2023-10-08 19:30:00,0.0,-80.24411
5358,2023-10-08 19:45:00,0.0,-55.628147
5359,2023-10-09 06:00:00,0.0,-31.478415
5360,2023-10-09 06:15:00,0.0,339.94913
5361,2023-10-09 06:30:00,0.0,387.4338
5362,2023-10-09 06:45:00,0.0,575.20245
5363,2023-10-09 07:00:00,0.0,776.9705
5364,2023-10-09 07:15:00,0.0,945.5443
5365,2023-10-09 07:30:00,0.0,1069.4247
5366,2023-10-09 07:45:00,1130.0,1143.4661
5367,2023-10-09 08:00:00,1361.0,1173.0637
5368,2023-10-09 08:15:00,1909.0,1210.8092
5369,2023-10-09 08:30:00,1738.0,1442.0398
5370,2023-10-09 08:45:00,1627.9999999999998,1483.3115
5371,2023-10-09 09:00:00,1639.0,1834.81
5372,2023-10-09 09:15:00,1804.0,2137.1594
5373,2023-10-09 09:30:00,1976.0,2243.9167
5374,2023-10-09 09:45:00,1653.0,2229.099
5375,2023-10-09 10:00:00,1640.0000000000002,2179.5427
5376,2023-10-09 10:15:00,1611.0,2108.546
5377,2023-10-09 10:30:00,1502.0,2071.4778
5378,2023-10-09 10:45:00,2021.0,2083.3906
5379,2023-10-09 11:00:00,1907.0,2084.3132
5380,2023-10-09 11:15:00,2448.0,2088.7869
5381,2023-10-09 11:30:00,1375.0,2021.3082
5382,2023-10-09 11:45:00,559.0,1964.7922
5383,2023-10-09 12:00:00,613.0,1882.7231
5384,2023-10-09 12:15:00,715.0,1776.8104
5385,2023-10-09 12:30:00,2626.0,1673.6488
5386,2023-10-09 12:45:00,3902.0,1499.3878
5387,2023-10-09 13:00:00,1754.0,1321.5536
5388,2023-10-09 13:15:00,1653.0,1053.9249
5389,2023-10-09 13:30:00,1378.0,917.9395
5390,2023-10-09 13:45:00,0.0,742.81854
5391,2023-10-09 14:00:00,413.0,651.2823
5392,2023-10-09 14:15:00,0.0,514.24176
5393,2023-10-09 14:30:00,0.0,278.75818
5394,2023-10-09 14:45:00,0.0,86.90708
5395,2023-10-09 15:00:00,0.0,-5.946536
5396,2023-10-09 15:15:00,0.0,-53.46015
5397,2023-10-09 15:30:00,0.0,-116.66802
5398,2023-10-09 15:45:00,0.0,-70.50135
5399,2023-10-09 16:00:00,0.0,-55.021614
5400,2023-10-09 16:15:00,0.0,-19.859854
5401,2023-10-09 16:30:00,0.0,21.321325
5402,2023-10-09 16:45:00,0.0,67.902824
5403,2023-10-09 17:00:00,0.0,109.65121
5404,2023-10-09 17:15:00,0.0,140.92766
5405,2023-10-09 17:30:00,0.0,127.28968
5406,2023-10-09 17:45:00,0.0,153.44446
5407,2023-10-09 18:00:00,0.0,145.6593
5408,2023-10-09 18:15:00,0.0,138.39442
5409,2023-10-09 18:30:00,0.0,131.66765
5410,2023-10-09 18:45:00,0.0,125.45289
5411,2023-10-09 19:00:00,0.0,119.75375
5412,2023-10-09 19:15:00,0.0,114.77669
5413,2023-10-09 19:30:00,0.0,110.736855
5414,2023-10-09 19:45:00,0.0,107.751114
5415,2023-10-10 06:00:00,0.0,105.87928
5416,2023-10-10 06:15:00,624.0,471.572
5417,2023-10-10 06:30:00,1011.0,515.2545
5418,2023-10-10 06:45:00,1608.0,680.03986
5419,2023-10-10 07:00:00,1884.0,851.84766
5420,2023-10-10 07:15:00,2003.0,1012.7347
5421,2023-10-10 07:30:00,2480.0,1454.1382
5422,2023-10-10 07:45:00,2380.0,1827.3184
5423,2023-10-10 08:00:00,2548.0,2318.9524
5424,2023-10-10 08:15:00,3017.0,3026.4
5425,2023-10-10 08:30:00,3924.0,4296.5244
5426,2023-10-10 08:45:00,4652.0,5103.8774
5427,2023-10-10 09:00:00,6000.999999999999,5863.544
5428,2023-10-10 09:15:00,5785.0,6670.3853
5429,2023-10-10 09:30:00,6950.0,7555.697
5430,2023-10-10 09:45:00,8988.0,8476.157
5431,2023-10-10 10:00:00,10123.0,9300.593
5432,2023-10-10 10:15:00,10989.0,10027.652
5433,2023-10-10 10:30:00,11763.0,10579.537
5434,2023-10-10 10:45:00,12796.0,11116.663
5435,2023-10-10 11:00:00,12151.0,11377.162
5436,2023-10-10 11:15:00,12473.0,11461.915
5437,2023-10-10 11:30:00,10565.0,11273.539
5438,2023-10-10 11:45:00,12606.0,10861.873
5439,2023-10-10 12:00:00,10399.0,10038.826
5440,2023-10-10 12:15:00,7423.999999999999,9170.845
5441,2023-10-10 12:30:00,10688.0,8138.385
5442,2023-10-10 12:45:00,6581.0,6947.993
5443,2023-10-10 13:00:00,5850.000000000001,5892.467
5444,2023-10-10 13:15:00,3432.0000000000005,4751.2715
5445,2023-10-10 13:30:00,4204.0,3560.85
5446,2023-10-10 13:45:00,3749.0,2526.0046
5447,2023-10-10 14:00:00,2473.0,1477.7197
5448,2023-10-10 14:15:00,1881.0,761.6116
5449,2023-10-10 14:30:00,1746.0,317.81616
5450,2023-10-10 14:45:00,1328.0,91.697395
5451,2023-10-10 15:00:00,974.0,2.835186
5452,2023-10-10 15:15:00,0.0,-59.03979
5453,2023-10-10 15:30:00,0.0,-96.08644
5454,2023-10-10 15:45:00,0.0,-140.63861
5455,2023-10-10 16:00:00,0.0,-169.10153
5456,2023-10-10 16:15:00,0.0,-188.49333
5457,2023-10-10 16:30:00,0.0,-147.50238
5458,2023-10-10 16:45:00,0.0,-98.83701
5459,2023-10-10 17:00:00,0.0,-88.32707
5460,2023-10-10 17:15:00,0.0,-63.185726
5461,2023-10-10 17:30:00,0.0,-28.114532
5462,2023-10-10 17:45:00,0.0,7.61228
5463,2023-10-10 18:00:00,0.0,41.67302
5464,2023-10-10 18:15:00,0.0,69.66608
5465,2023-10-10 18:30:00,0.0,94.29509
5466,2023-10-10 18:45:00,0.0,122.48796
5467,2023-10-10 19:00:00,0.0,118.79966
5468,2023-10-10 19:15:00,0.0,115.4928
5469,2023-10-10 19:30:00,400.0,113.35422
5470,2023-10-10 19:45:00,582.0,112.81362
5471,2023-10-11 06:00:00,841.0,113.95613
5472,2023-10-11 06:15:00,1230.0,490.821
5473,2023-10-11 06:30:00,1516.9999999999998,562.6377
5474,2023-10-11 06:45:00,2280.0,958.7083
5475,2023-10-11 07:00:00,2352.0,1360.0156
5476,2023-10-11 07:15:00,2267.0,1755.2349
5477,2023-10-11 07:30:00,2037.0,2102.9104
5478,2023-10-11 07:45:00,2303.0,2371.7378
5479,2023-10-11 08:00:00,3378.0,2636.6604
5480,2023-10-11 08:15:00,2585.0,2867.946
5481,2023-10-11 08:30:00,1994.0,3218.4006
5482,2023-10-11 08:45:00,1482.0000000000002,3288.956
5483,2023-10-11 09:00:00,1966.0,3343.3318
5484,2023-10-11 09:15:00,1512.0,3285.6353
5485,2023-10-11 09:30:00,1093.0,3033.014
5486,2023-10-11 09:45:00,841.0,2885.5176
5487,2023-10-11 10:00:00,859.0,2685.0054
5488,2023-10-11 10:15:00,1176.0,2649.9248
5489,2023-10-11 10:30:00,901.0,2504.7058
5490,2023-10-11 10:45:00,1143.0,2366.4758
5491,2023-10-11 11:00:00,1411.0,2138.322
5492,2023-10-11 11:15:00,1768.0,1913.163
5493,2023-10-11 11:30:00,2555.0,1678.2552
5494,2023-10-11 11:45:00,2135.0,1455.6047
5495,2023-10-11 12:00:00,1769.0,1282.4076
5496,2023-10-11 12:15:00,3356.9999999999995,1125.05
5497,2023-10-11 12:30:00,2659.0,1030.0544
5498,2023-10-11 12:45:00,1469.9999999999998,880.39307
5499,2023-10-11 13:00:00,1058.0,728.5904
5500,2023-10-11 13:15:00,844.0,571.9326
5501,2023-10-11 13:30:00,1160.0,475.44672
5502,2023-10-11 13:45:00,1215.0,378.69638
5503,2023-10-11 14:00:00,1352.0,264.8485
5504,2023-10-11 14:15:00,708.0,140.3636
5505,2023-10-11 14:30:00,665.0,42.428627
5506,2023-10-11 14:45:00,889.9999999999999,-22.177748
5507,2023-10-11 15:00:00,0.0,-76.70273
5508,2023-10-11 15:15:00,0.0,-104.69529
5509,2023-10-11 15:30:00,0.0,-137.07178
5510,2023-10-11 15:45:00,0.0,-170.00125
5511,2023-10-11 16:00:00,0.0,-197.91449
5512,2023-10-11 16:15:00,0.0,-158.65472
5513,2023-10-11 16:30:00,0.0,-113.02864
5514,2023-10-11 16:45:00,0.0,-99.1806
5515,2023-10-11 17:00:00,0.0,-66.6691
5516,2023-10-11 17:15:00,0.0,-24.334671
5517,2023-10-11 17:30:00,0.0,18.613232
5518,2023-10-11 17:45:00,0.0,55.18556
5519,2023-10-11 18:00:00,0.0,79.79623
5520,2023-10-11 18:15:00,0.0,100.81858
5521,2023-10-11 18:30:00,0.0,122.36137
5522,2023-10-11 18:45:00,0.0,120.17255
5523,2023-10-11 19:00:00,0.0,117.7464
5524,2023-10-11 19:15:00,0.0,115.19449
5525,2023-10-11 19:30:00,0.0,112.56159
5526,2023-10-11 19:45:00,0.0,109.79978
5527,2023-10-12 06:00:00,0.0,106.80495
5528,2023-10-12 06:15:00,0.0,471.7774
5529,2023-10-12 06:30:00,558.0,544.7639
5530,2023-10-12 06:45:00,0.0,713.7309
5531,2023-10-12 07:00:00,418.0,869.2229
5532,2023-10-12 07:15:00,1123.0,996.5722
5533,2023-10-12 07:30:00,3523.0,1079.6954
5534,2023-10-12 07:45:00,4785.0,1525.8175
5535,2023-10-12 08:00:00,2998.0,1425.9359
5536,2023-10-12 08:15:00,1457.0,1864.8684
5537,2023-10-12 08:30:00,1070.0,2267.821
5538,2023-10-12 08:45:00,1011.0,2448.5515
5539,2023-10-12 09:00:00,942.0,2365.8582
5540,2023-10-12 09:15:00,0.0,2119.1519
5541,2023-10-12 09:30:00,861.0,1805.3013
5542,2023-10-12 09:45:00,1361.0,1571.7335
5543,2023-10-12 10:00:00,625.0,1508.5023
5544,2023-10-12 10:15:00,676.0,1447.807
5545,2023-10-12 10:30:00,0.0,1343.3813
5546,2023-10-12 10:45:00,928.9999999999999,1468.2856
5547,2023-10-12 11:00:00,0.0,1121.1552
5548,2023-10-12 11:15:00,829.0,927.3301
5549,2023-10-12 11:30:00,1053.0,815.54047
5550,2023-10-12 11:45:00,977.0,699.7977
5551,2023-10-12 12:00:00,0.0,817.87964
5552,2023-10-12 12:15:00,0.0,569.3678
5553,2023-10-12 12:30:00,0.0,609.3042
5554,2023-10-12 12:45:00,0.0,521.44116
5555,2023-10-12 13:00:00,0.0,407.08875
5556,2023-10-12 13:15:00,544.0,250.55078
5557,2023-10-12 13:30:00,0.0,188.5254
5558,2023-10-12 13:45:00,0.0,112.71711
5559,2023-10-12 14:00:00,0.0,73.40479
5560,2023-10-12 14:15:00,0.0,48.570015
5561,2023-10-12 14:30:00,0.0,113.04368
5562,2023-10-12 14:45:00,928.9999999999999,27.502377
5563,2023-10-12 15:00:00,0.0,38.936333
5564,2023-10-12 15:15:00,0.0,30.04421
5565,2023-10-12 15:30:00,0.0,38.04917
5566,2023-10-12 15:45:00,0.0,34.855682
5567,2023-10-12 16:00:00,0.0,56.82486
5568,2023-10-12 16:15:00,0.0,-4.8671656
5569,2023-10-12 16:30:00,0.0,-20.556627
5570,2023-10-12 16:45:00,0.0,-56.75214
5571,2023-10-12 17:00:00,0.0,-54.416893
5572,2023-10-12 17:15:00,0.0,-53.19341
5573,2023-10-12 17:30:00,0.0,-47.496098
5574,2023-10-12 17:45:00,0.0,-42.226173
5575,2023-10-12 18:00:00,0.0,-42.043716
5576,2023-10-12 18:15:00,0.0,-45.072598
5577,2023-10-12 18:30:00,0.0,-33.21043
5578,2023-10-12 18:45:00,0.0,-33.77532
5579,2023-10-12 19:00:00,0.0,-33.05045
5580,2023-10-12 19:15:00,0.0,-31.181757
5581,2023-10-12 19:30:00,0.0,-28.3431
5582,2023-10-12 19:45:00,0.0,-24.727018
5583,2023-10-13 06:00:00,0.0,-20.441103
5584,2023-10-13 06:15:00,0.0,320.1197
5585,2023-10-13 06:30:00,693.0,375.66156
5586,2023-10-13 06:45:00,975.0,537.1478
5587,2023-10-13 07:00:00,562.0,701.93634
5588,2023-10-13 07:15:00,0.0,850.61774
5589,2023-10-13 07:30:00,1218.0,968.03906
5590,2023-10-13 07:45:00,1401.9999999999998,1300.009
5591,2023-10-13 08:00:00,2031.0,1607.3411
5592,2023-10-13 08:15:00,3271.0,1822.1796
5593,2023-10-13 08:30:00,3654.0000000000005,2095.463
5594,2023-10-13 08:45:00,2566.0,2477.1812
5595,2023-10-13 09:00:00,2124.0,2618.5908
5596,2023-10-13 09:15:00,1868.0000000000002,2719.6323
5597,2023-10-13 09:30:00,1280.0,2682.7837
5598,2023-10-13 09:45:00,1185.0,2845.3462
5599,2023-10-13 10:00:00,1557.0,2773.7766
5600,2023-10-13 10:15:00,1627.9999999999998,2764.5696
5601,2023-10-13 10:30:00,3186.0000000000005,2695.4397
5602,2023-10-13 10:45:00,5289.0,2620.1738
5603,2023-10-13 11:00:00,3360.0,2588.0857
5604,2023-10-13 11:15:00,2560.0,2455.436
5605,2023-10-13 11:30:00,1933.9999999999998,2296.0881
5606,2023-10-13 11:45:00,2478.0,2187.5425
5607,2023-10-13 12:00:00,2986.9999999999995,2171.9702
5608,2023-10-13 12:15:00,2569.0,1892.8151
5609,2023-10-13 12:30:00,1549.0,1756.4626
5610,2023-10-13 12:45:00,1463.0,1514.5707
5611,2023-10-13 13:00:00,1105.0,1355.2249
5612,2023-10-13 13:15:00,1130.0,1196.4259
5613,2023-10-13 13:30:00,0.0,1015.6578
5614,2023-10-13 13:45:00,911.0,784.08203
5615,2023-10-13 14:00:00,0.0,589.60693
5616,2023-10-13 14:15:00,0.0,387.25302
5617,2023-10-13 14:30:00,0.0,229.93184
5618,2023-10-13 14:45:00,0.0,108.42756
5619,2023-10-13 15:00:00,0.0,54.505478
5620,2023-10-13 15:15:00,0.0,7.49874
5621,2023-10-13 15:30:00,0.0,18.40962
5622,2023-10-13 15:45:00,0.0,18.617693
5623,2023-10-13 16:00:00,0.0,52.971455
5624,2023-10-13 16:15:00,0.0,94.04901
5625,2023-10-13 16:30:00,0.0,138.26683
5626,2023-10-13 16:45:00,0.0,179.34753
5627,2023-10-13 17:00:00,0.0,214.82478
5628,2023-10-13 17:15:00,0.0,206.45409
5629,2023-10-13 17:30:00,0.0,229.20152
5630,2023-10-13 17:45:00,0.0,216.72339
5631,2023-10-13 18:00:00,0.0,203.6817
5632,2023-10-13 18:15:00,0.0,190.17941
5633,2023-10-13 18:30:00,0.0,176.34906
5634,2023-10-13 18:45:00,0.0,162.28882
5635,2023-10-13 19:00:00,0.0,148.06166
5636,2023-10-13 19:15:00,0.0,133.68922
5637,2023-10-13 19:30:00,0.0,119.18094
5638,2023-10-13 19:45:00,181.0,104.54704
5639,2023-10-14 06:00:00,312.0,89.858284
5640,2023-10-14 06:15:00,424.0,445.8446
5641,2023-10-14 06:30:00,557.0,498.60516
5642,2023-10-14 06:45:00,620.0,638.8917
5643,2023-10-14 07:00:00,711.0,1009.6195
5644,2023-10-14 07:15:00,852.9999999999999,1230.9395
5645,2023-10-14 07:30:00,976.0,1386.1661
5646,2023-10-14 07:45:00,1019.0,1545.4039
5647,2023-10-14 08:00:00,1044.0,1754.2529
5648,2023-10-14 08:15:00,1238.0,2273.1572
5649,2023-10-14 08:30:00,1816.0,3221.0554
5650,2023-10-14 08:45:00,3389.0000000000005,3792.0725
5651,2023-10-14 09:00:00,5526.0,4470.6987
5652,2023-10-14 09:15:00,6551.0,5292.7437
5653,2023-10-14 09:30:00,8730.0,6139.7617
5654,2023-10-14 09:45:00,6735.000000000001,7018.817
5655,2023-10-14 10:00:00,8474.0,7979.392
5656,2023-10-14 10:15:00,6022.000000000001,9009.831
5657,2023-10-14 10:30:00,7961.0,10066.866
5658,2023-10-14 10:45:00,11904.000000000002,11017.809
5659,2023-10-14 11:00:00,12364.999999999998,11628.936
5660,2023-10-14 11:15:00,13340.0,12061.05
5661,2023-10-14 11:30:00,9358.0,11612.745
5662,2023-10-14 11:45:00,3311.0000000000005,11142.367
5663,2023-10-14 12:00:00,8945.0,9810.082
5664,2023-10-14 12:15:00,9137.0,7849.1577
5665,2023-10-14 12:30:00,1798.0,6435.0845
5666,2023-10-14 12:45:00,7827.0,5055.2905
5667,2023-10-14 13:00:00,1840.0,3866.802
5668,2023-10-14 13:15:00,2853.0,3621.6995
5669,2023-10-14 13:30:00,3879.0,2854.4377
5670,2023-10-14 13:45:00,2059.0,2056.0432
5671,2023-10-14 14:00:00,1935.0,1999.2983
5672,2023-10-14 14:15:00,1271.0,1185.4855
5673,2023-10-14 14:30:00,906.0,732.21375
5674,2023-10-14 14:45:00,1116.0,496.0068
5675,2023-10-14 15:00:00,1046.0,187.66203
5676,2023-10-14 15:15:00,0.0,8.994753
5677,2023-10-14 15:30:00,0.0,-134.3417
5678,2023-10-14 15:45:00,0.0,-192.46408
5679,2023-10-14 16:00:00,0.0,-216.19916
5680,2023-10-14 16:15:00,0.0,-217.39604
5681,2023-10-14 16:30:00,0.0,-164.11288
5682,2023-10-14 16:45:00,0.0,-120.98749
5683,2023-10-14 17:00:00,0.0,-107.7169
5684,2023-10-14 17:15:00,0.0,-76.81858
5685,2023-10-14 17:30:00,0.0,-45.222992
5686,2023-10-14 17:45:00,0.0,-4.2054296
5687,2023-10-14 18:00:00,0.0,34.394085
5688,2023-10-14 18:15:00,0.0,70.73454
5689,2023-10-14 18:30:00,0.0,102.0809
5690,2023-10-14 18:45:00,0.0,132.96022
5691,2023-10-14 19:00:00,0.0,133.76161
5692,2023-10-14 19:15:00,0.0,135.46106
5693,2023-10-14 19:30:00,0.0,137.91779
5694,2023-10-14 19:45:00,0.0,140.88321
5695,2023-10-15 06:00:00,495.0,143.98613
5696,2023-10-15 06:15:00,0.0,507.156
5697,2023-10-15 06:30:00,1268.0,541.52594
5698,2023-10-15 06:45:00,1997.0,688.5846
5699,2023-10-15 07:00:00,1822.0,839.98334
5700,2023-10-15 07:15:00,1828.0,1291.3083
5701,2023-10-15 07:30:00,2998.0,1183.7987
5702,2023-10-15 07:45:00,3415.0,1697.716
5703,2023-10-15 08:00:00,1802.0,2122.7488
5704,2023-10-15 08:15:00,2266.0,2654.752
5705,2023-10-15 08:30:00,3878.0,3921.6404
5706,2023-10-15 08:45:00,3941.9999999999995,4935.251
5707,2023-10-15 09:00:00,4572.0,5772.0503
5708,2023-10-15 09:15:00,6576.0,6414.602
5709,2023-10-15 09:30:00,8128.999999999999,7403.6167
5710,2023-10-15 09:45:00,10166.0,7771.012
5711,2023-10-15 10:00:00,12632.0,8357.173
5712,2023-10-15 10:15:00,12243.0,9135.103
5713,2023-10-15 10:30:00,9589.0,9614.498
5714,2023-10-15 10:45:00,14518.0,10263.479
5715,2023-10-15 11:00:00,9003.0,10591.237
5716,2023-10-15 11:15:00,9554.0,10526.219
5717,2023-10-15 11:30:00,9176.0,10066.426
5718,2023-10-15 11:45:00,8607.0,9779.334
5719,2023-10-15 12:00:00,0.0,9499.055
5720,2023-10-15 12:15:00,5637.0,8806.565
5721,2023-10-15 12:30:00,12215.0,8381.006
5722,2023-10-15 12:45:00,10792.0,7692.713
5723,2023-10-15 13:00:00,8140.0,6419.008
5724,2023-10-15 13:15:00,5387.0,4482.083
5725,2023-10-15 13:30:00,3456.0,3582.593
5726,2023-10-15 13:45:00,1775.9999999999998,2717.2424
5727,2023-10-15 14:00:00,1307.0,2506.0396
5728,2023-10-15 14:15:00,2602.0,1824.6205
5729,2023-10-15 14:30:00,880.0,1267.9562
5730,2023-10-15 14:45:00,785.0,700.2959
5731,2023-10-15 15:00:00,0.0,328.0501
5732,2023-10-15 15:15:00,0.0,55.196632
5733,2023-10-15 15:30:00,0.0,-56.699257
5734,2023-10-15 15:45:00,0.0,-126.954025
5735,2023-10-15 16:00:00,0.0,-180.55415
5736,2023-10-15 16:15:00,0.0,-177.83482
5737,2023-10-15 16:30:00,0.0,-136.00977
5738,2023-10-15 16:45:00,0.0,-124.20957
5739,2023-10-15 17:00:00,0.0,-93.0369
5740,2023-10-15 17:15:00,0.0,-53.382973
5741,2023-10-15 17:30:00,0.0,-12.721729
5742,2023-10-15 17:45:00,0.0,21.55518
5743,2023-10-15 18:00:00,0.0,56.491844
5744,2023-10-15 18:15:00,0.0,86.516716
5745,2023-10-15 18:30:00,0.0,113.700455
5746,2023-10-15 18:45:00,0.0,112.22246
5747,2023-10-15 19:00:00,0.0,111.862175
5748,2023-10-15 19:15:00,0.0,112.972115
5749,2023-10-15 19:30:00,0.0,115.76533
5750,2023-10-15 19:45:00,0.0,120.53349
5751,2023-10-16 06:00:00,686.0,127.6222
5752,2023-10-16 06:15:00,789.0,498.10507
5753,2023-10-16 06:30:00,973.0,559.9179
5754,2023-10-16 06:45:00,1297.0,750.1996
5755,2023-10-16 07:00:00,909.0,969.1031
5756,2023-10-16 07:15:00,2131.0,1610.3292
5757,2023-10-16 07:30:00,2427.0,2067.97
5758,2023-10-16 07:45:00,2663.0,2465.6323
5759,2023-10-16 08:00:00,2822.0,2822.6182
5760,2023-10-16 08:15:00,2873.9999999999995,3294.9048
5761,2023-10-16 08:30:00,3925.0,4584.336
5762,2023-10-16 08:45:00,4473.0,5310.202
5763,2023-10-16 09:00:00,4631.0,6067.292
5764,2023-10-16 09:15:00,6976.0,6723.869
5765,2023-10-16 09:30:00,7701.000000000001,7364.968
5766,2023-10-16 09:45:00,10604.0,7860.993
5767,2023-10-16 10:00:00,11526.0,8266.701
5768,2023-10-16 10:15:00,8020.0,8627.633
5769,2023-10-16 10:30:00,3923.0000000000005,8769.703
5770,2023-10-16 10:45:00,6919.0,8717.606
5771,2023-10-16 11:00:00,6299.0,8728.776
5772,2023-10-16 11:15:00,5305.0,7948.492
5773,2023-10-16 11:30:00,8399.0,7752.043
5774,2023-10-16 11:45:00,10109.0,7449.956
5775,2023-10-16 12:00:00,6719.000000000001,6959.5054
5776,2023-10-16 12:15:00,1897.0000000000002,5954.273
5777,2023-10-16 12:30:00,997.0,4927.5137
5778,2023-10-16 12:45:00,1729.0,4135.171
5779,2023-10-16 13:00:00,2356.0,3390.8235
5780,2023-10-16 13:15:00,2955.9999999999995,2684.2607
5781,2023-10-16 13:30:00,2842.0,1640.2007
5782,2023-10-16 13:45:00,2391.0,1119.0797
5783,2023-10-16 14:00:00,2049.0,527.2851
5784,2023-10-16 14:15:00,1772.0,167.78682
5785,2023-10-16 14:30:00,1590.9999999999998,38.964096
5786,2023-10-16 14:45:00,1415.0,-15.724168
5787,2023-10-16 15:00:00,819.0000000000001,-36.31352
5788,2023-10-16 15:15:00,0.0,-32.18874
5789,2023-10-16 15:30:00,0.0,-32.09569
5790,2023-10-16 15:45:00,0.0,-42.596706
5791,2023-10-16 16:00:00,0.0,-59.32703
5792,2023-10-16 16:15:00,0.0,-78.286
5793,2023-10-16 16:30:00,0.0,-74.22502
5794,2023-10-16 16:45:00,0.0,-36.41466
5795,2023-10-16 17:00:00,0.0,-28.403091
5796,2023-10-16 17:15:00,0.0,-4.5338182
5797,2023-10-16 17:30:00,0.0,21.63236
5798,2023-10-16 17:45:00,0.0,42.39789
5799,2023-10-16 18:00:00,0.0,54.87419
5800,2023-10-16 18:15:00,0.0,60.4064
5801,2023-10-16 18:30:00,0.0,63.935715
5802,2023-10-16 18:45:00,0.0,69.24976
5803,2023-10-16 19:00:00,0.0,51.2158
5804,2023-10-16 19:15:00,0.0,37.442303
5805,2023-10-16 19:30:00,0.0,27.886131
5806,2023-10-16 19:45:00,0.0,22.317234
5807,2023-10-17 06:00:00,214.00000000000003,20.415983
5808,2023-10-17 06:15:00,310.0,346.7453
5809,2023-10-17 06:30:00,403.0,372.1134
5810,2023-10-17 06:45:00,481.0,499.49942
5811,2023-10-17 07:00:00,539.0,642.5196
5812,2023-10-17 07:15:00,596.0,1051.3495
5813,2023-10-17 07:30:00,654.0,1295.6586
5814,2023-10-17 07:45:00,719.0,1520.3597
5815,2023-10-17 08:00:00,793.0,1794.524
5816,2023-10-17 08:15:00,937.0,2268.5737
5817,2023-10-17 08:30:00,1286.0,3623.0974
5818,2023-10-17 08:45:00,2265.0,4490.9653
5819,2023-10-17 09:00:00,4629.0,5508.967
5820,2023-10-17 09:15:00,6116.0,6651.4087
5821,2023-10-17 09:30:00,7821.0,7773.189
5822,2023-10-17 09:45:00,10216.0,8602.81
5823,2023-10-17 10:00:00,11635.0,9438.858
5824,2023-10-17 10:15:00,12620.000000000002,10355.855
5825,2023-10-17 10:30:00,13136.0,11150.525
5826,2023-10-17 10:45:00,13335.0,11696.484
5827,2023-10-17 11:00:00,13379.0,11974.672
5828,2023-10-17 11:15:00,13114.0,12079.948
5829,2023-10-17 11:30:00,10051.0,11975.781
5830,2023-10-17 11:45:00,10417.0,11665.446
5831,2023-10-17 12:00:00,11965.0,11398.113
5832,2023-10-17 12:15:00,6572.0,11065.001
5833,2023-10-17 12:30:00,11492.0,10514.773
5834,2023-10-17 12:45:00,8625.0,9543.901
5835,2023-10-17 13:00:00,8202.0,8249.381
5836,2023-10-17 13:15:00,4951.0,6634.011
5837,2023-10-17 13:30:00,3420.0000000000005,4656.938
5838,2023-10-17 13:45:00,1479.0,3089.9858
5839,2023-10-17 14:00:00,1107.0,1922.1437
5840,2023-10-17 14:15:00,946.0,1056.2981
5841,2023-10-17 14:30:00,697.9999999999999,470.29297
5842,2023-10-17 14:45:00,628.0,97.74624
5843,2023-10-17 15:00:00,618.0,-120.21387
5844,2023-10-17 15:15:00,0.0,-236.52855
5845,2023-10-17 15:30:00,0.0,-290.8205
5846,2023-10-17 15:45:00,0.0,-312.8457
5847,2023-10-17 16:00:00,0.0,-315.45844
5848,2023-10-17 16:15:00,0.0,-311.1859
5849,2023-10-17 16:30:00,0.0,-228.76488
5850,2023-10-17 16:45:00,0.0,-162.642
5851,2023-10-17 17:00:00,0.0,-139.06723
5852,2023-10-17 17:15:00,0.0,-101.96472
5853,2023-10-17 17:30:00,0.0,-62.72264
5854,2023-10-17 17:45:00,0.0,-27.107386
5855,2023-10-17 18:00:00,0.0,2.737512
5856,2023-10-17 18:15:00,0.0,25.65368
5857,2023-10-17 18:30:00,0.0,46.276745
5858,2023-10-17 18:45:00,0.0,70.51093
5859,2023-10-17 19:00:00,0.0,72.34591
5860,2023-10-17 19:15:00,0.0,74.91336
5861,2023-10-17 19:30:00,0.0,77.72194
5862,2023-10-17 19:45:00,0.0,80.33071
5863,2023-10-18 06:00:00,574.0,82.37558
5864,2023-10-18 06:15:00,843.0,416.26678
5865,2023-10-18 06:30:00,1261.0,447.88168
5866,2023-10-18 06:45:00,1679.0,577.14636
5867,2023-10-18 07:00:00,1822.0,716.1445
5868,2023-10-18 07:15:00,2106.0,1157.7769
5869,2023-10-18 07:30:00,2469.0,1456.4087
5870,2023-10-18 07:45:00,2761.0,1712.1296
5871,2023-10-18 08:00:00,3041.0,1995.441
5872,2023-10-18 08:15:00,3296.0,2299.1277
5873,2023-10-18 08:30:00,3915.0000000000005,2940.0278
5874,2023-10-18 08:45:00,4393.0,3373.446
5875,2023-10-18 09:00:00,5150.0,3880.8354
5876,2023-10-18 09:15:00,5456.0,4470.484
5877,2023-10-18 09:30:00,6134.0,5128.237
5878,2023-10-18 09:45:00,7454.0,5827.262
5879,2023-10-18 10:00:00,7320.0,6493.229
5880,2023-10-18 10:15:00,5851.0,7116.0503
5881,2023-10-18 10:30:00,6137.0,7433.5073
5882,2023-10-18 10:45:00,7866.0,7518.037
5883,2023-10-18 11:00:00,5833.0,7444.4385
5884,2023-10-18 11:15:00,5909.000000000001,6984.4106
5885,2023-10-18 11:30:00,5485.0,6323.3315
5886,2023-10-18 11:45:00,5735.0,5434.839
5887,2023-10-18 12:00:00,7138.999999999999,4918.7104
5888,2023-10-18 12:15:00,7770.0,4399.1567
5889,2023-10-18 12:30:00,6892.0,4110.103
5890,2023-10-18 12:45:00,5796.000000000001,3830.9329
5891,2023-10-18 13:00:00,5359.0,3437.4812
5892,2023-10-18 13:15:00,3666.0,3165.5442
5893,2023-10-18 13:30:00,2841.0,2721.2244
5894,2023-10-18 13:45:00,2183.0,2203.9346
5895,2023-10-18 14:00:00,1865.0,1665.901
5896,2023-10-18 14:15:00,1625.0,1242.3871
5897,2023-10-18 14:30:00,1198.0,795.8447
5898,2023-10-18 14:45:00,0.0,451.7341
5899,2023-10-18 15:00:00,0.0,241.27275
5900,2023-10-18 15:15:00,0.0,91.50354
5901,2023-10-18 15:30:00,0.0,9.055407
5902,2023-10-18 15:45:00,0.0,-36.23452
5903,2023-10-18 16:00:00,0.0,-95.19945
5904,2023-10-18 16:15:00,0.0,-99.04327
5905,2023-10-18 16:30:00,0.0,-100.271545
5906,2023-10-18 16:45:00,0.0,-81.224976
5907,2023-10-18 17:00:00,0.0,-58.205185
5908,2023-10-18 17:15:00,0.0,-39.707806
5909,2023-10-18 17:30:00,0.0,-29.00781
5910,2023-10-18 17:45:00,0.0,-25.475025
5911,2023-10-18 18:00:00,0.0,-26.428957
5912,2023-10-18 18:15:00,0.0,-30.001242
5913,2023-10-18 18:30:00,0.0,-42.65835
5914,2023-10-18 18:45:00,0.0,-54.460526
5915,2023-10-18 19:00:00,0.0,-65.36281
5916,2023-10-18 19:15:00,0.0,-75.289185
5917,2023-10-18 19:30:00,0.0,-84.131065
5918,2023-10-18 19:45:00,0.0,-91.7569
5919,2023-10-19 06:00:00,0.0,-98.02306
5920,2023-10-19 06:15:00,0.0,155.2211
5921,2023-10-19 06:30:00,0.0,102.28501
5922,2023-10-19 06:45:00,0.0,148.82404
5923,2023-10-19 07:00:00,0.0,215.34026
5924,2023-10-19 07:15:00,1070.0,293.25986
5925,2023-10-19 07:30:00,1566.0,375.1869
5926,2023-10-19 07:45:00,1878.0,451.9843
5927,2023-10-19 08:00:00,2270.0,525.11346
5928,2023-10-19 08:15:00,1818.0,617.0584
5929,2023-10-19 08:30:00,2192.0,1035.525
5930,2023-10-19 08:45:00,2419.0,1191.2771
5931,2023-10-19 09:00:00,2080.0,1477.9576
5932,2023-10-19 09:15:00,2490.0,1984.4271
5933,2023-10-19 09:30:00,2190.0,2525.9724
5934,2023-10-19 09:45:00,2484.0,3119.3748
5935,2023-10-19 10:00:00,3227.0,3813.1458
5936,2023-10-19 10:15:00,11292.0,4561.057
5937,2023-10-19 10:30:00,8721.0,5416.1714
5938,2023-10-19 10:45:00,3873.0,6061.226
5939,2023-10-19 11:00:00,8995.0,6484.183
5940,2023-10-19 11:15:00,5936.000000000001,6536.244
5941,2023-10-19 11:30:00,3815.0,7043.925
5942,2023-10-19 11:45:00,5716.0,6671.072
5943,2023-10-19 12:00:00,6474.000000000001,5464.3374
5944,2023-10-19 12:15:00,4679.0,4819.291
5945,2023-10-19 12:30:00,1184.0,3805.4092
5946,2023-10-19 12:45:00,1693.0,2646.7236
5947,2023-10-19 13:00:00,1571.0,1802.6919
5948,2023-10-19 13:15:00,1028.0,1131.8792
5949,2023-10-19 13:30:00,1039.0,741.1865
5950,2023-10-19 13:45:00,944.0,350.27744
5951,2023-10-19 14:00:00,910.0,85.39983
5952,2023-10-19 14:15:00,614.0,-88.10842
5953,2023-10-19 14:30:00,0.0,-150.75223
5954,2023-10-19 14:45:00,0.0,-161.82655
5955,2023-10-19 15:00:00,0.0,-166.08405
5956,2023-10-19 15:15:00,0.0,-172.49945
5957,2023-10-19 15:30:00,0.0,-174.32451
5958,2023-10-19 15:45:00,0.0,-135.09912
5959,2023-10-19 16:00:00,0.0,-95.65179
5960,2023-10-19 16:15:00,0.0,-101.20151
5961,2023-10-19 16:30:00,0.0,-85.24795
5962,2023-10-19 16:45:00,0.0,-60.703552
5963,2023-10-19 17:00:00,0.0,-34.84907
5964,2023-10-19 17:15:00,0.0,-10.90526
5965,2023-10-19 17:30:00,0.0,6.9720287
5966,2023-10-19 17:45:00,0.0,19.881668
5967,2023-10-19 18:00:00,0.0,32.377808
5968,2023-10-19 18:15:00,0.0,24.5715
5969,2023-10-19 18:30:00,0.0,16.621576
5970,2023-10-19 18:45:00,0.0,8.838574
5971,2023-10-19 19:00:00,0.0,1.3889189
5972,2023-10-19 19:15:00,0.0,-5.605917
5973,2023-10-19 19:30:00,0.0,-12.034211
5974,2023-10-19 19:45:00,0.0,-17.786886
5975,2023-10-20 06:00:00,0.0,-22.847914
5976,2023-10-20 06:15:00,0.0,279.19962
5977,2023-10-20 06:30:00,0.0,292.09192
5978,2023-10-20 06:45:00,0.0,388.26114
5979,2023-10-20 07:00:00,0.0,484.26877
5980,2023-10-20 07:15:00,0.0,563.6331
5981,2023-10-20 07:30:00,0.0,612.3858
5982,2023-10-20 07:45:00,0.0,622.1236
5983,2023-10-20 08:00:00,0.0,599.62866
5984,2023-10-20 08:15:00,0.0,575.43646
5985,2023-10-20 08:30:00,0.0,687.392
5986,2023-10-20 08:45:00,0.0,680.19226
5987,2023-10-20 09:00:00,0.0,673.89636
5988,2023-10-20 09:15:00,0.0,668.91595
5989,2023-10-20 09:30:00,686.0,665.4005
5990,2023-10-20 09:45:00,688.0,662.7985
5991,2023-10-20 10:00:00,955.0,660.53204
5992,2023-10-20 10:15:00,1344.0,658.3287
5993,2023-10-20 10:30:00,1483.0,656.07477
5994,2023-10-20 10:45:00,1556.0000000000002,900.4465
5995,2023-10-20 11:00:00,1653.0,1026.9169
5996,2023-10-20 11:15:00,1877.0,1023.6098
5997,2023-10-20 11:30:00,1023.0,1052.3572
5998,2023-10-20 11:45:00,0.0,1031.3643
5999,2023-10-20 12:00:00,0.0,1014.91003
6000,2023-10-20 12:15:00,0.0,989.2947
6001,2023-10-20 12:30:00,0.0,976.363
6002,2023-10-20 12:45:00,519.0,882.38275
6003,2023-10-20 13:00:00,0.0,638.5589
6004,2023-10-20 13:15:00,0.0,430.90033
6005,2023-10-20 13:30:00,0.0,223.13995
6006,2023-10-20 13:45:00,0.0,102.267494
6007,2023-10-20 14:00:00,0.0,133.94522
6008,2023-10-20 14:15:00,0.0,65.54956
6009,2023-10-20 14:30:00,0.0,68.89692
6010,2023-10-20 14:45:00,0.0,54.096935
6011,2023-10-20 15:00:00,0.0,57.732517
6012,2023-10-20 15:15:00,0.0,78.070656
6013,2023-10-20 15:30:00,0.0,76.07537
6014,2023-10-20 15:45:00,0.0,74.67488
6015,2023-10-20 16:00:00,0.0,67.98149
6016,2023-10-20 16:15:00,0.0,54.887413
6017,2023-10-20 16:30:00,0.0,70.18089
6018,2023-10-20 16:45:00,0.0,61.19027
6019,2023-10-20 17:00:00,0.0,53.081356
6020,2023-10-20 17:15:00,0.0,45.78061
6021,2023-10-20 17:30:00,0.0,39.230675
6022,2023-10-20 17:45:00,0.0,33.402473
6023,2023-10-20 18:00:00,0.0,28.293188
6024,2023-10-20 18:15:00,0.0,23.90398
6025,2023-10-20 18:30:00,0.0,20.232864
6026,2023-10-20 18:45:00,0.0,17.273727
6027,2023-10-20 19:00:00,0.0,15.006405
6028,2023-10-20 19:15:00,0.0,13.399166
6029,2023-10-20 19:30:00,0.0,12.356816
6030,2023-10-20 19:45:00,0.0,11.798042
6031,2023-10-21 06:00:00,0.0,11.6792145
6032,2023-10-21 06:15:00,498.0,331.5042
6033,2023-10-21 06:30:00,455.0,354.367
6034,2023-10-21 06:45:00,411.0,472.01657
6035,2023-10-21 07:00:00,491.0,597.941
6036,2023-10-21 07:15:00,606.0,718.4573
6037,2023-10-21 07:30:00,839.0,1084.2211
6038,2023-10-21 07:45:00,635.0,1326.604
6039,2023-10-21 08:00:00,1071.0,1566.5806
6040,2023-10-21 08:15:00,2435.0,1828.2468
6041,2023-10-21 08:30:00,1719.0,2380.3079
6042,2023-10-21 08:45:00,2862.0,2560.041
6043,2023-10-21 09:00:00,3438.9999999999995,2798.9395
6044,2023-10-21 09:15:00,2832.0,3097.282
6045,2023-10-21 09:30:00,835.0,3507.4524
6046,2023-10-21 09:45:00,2757.0,3652.0972
6047,2023-10-21 10:00:00,6419.0,4079.5156
6048,2023-10-21 10:15:00,3635.0,4171.295
6049,2023-10-21 10:30:00,6339.0,4372.952
6050,2023-10-21 10:45:00,3664.9999999999995,4255.5156
6051,2023-10-21 11:00:00,5390.0,4278.7593
6052,2023-10-21 11:15:00,5874.000000000001,4693.204
6053,2023-10-21 11:30:00,2947.9999999999995,4910.017
6054,2023-10-21 11:45:00,8347.0,5798.421
6055,2023-10-21 12:00:00,7727.0,5711.3027
6056,2023-10-21 12:15:00,10375.0,5861.3457
6057,2023-10-21 12:30:00,8734.0,5929.2817
6058,2023-10-21 12:45:00,6214.0,5234.8325
6059,2023-10-21 13:00:00,7469.0,4938.038
6060,2023-10-21 13:15:00,2564.0,4163.3545
6061,2023-10-21 13:30:00,2327.0,3399.0803
6062,2023-10-21 13:45:00,1795.0,2421.429
6063,2023-10-21 14:00:00,997.0,1628.113
6064,2023-10-21 14:15:00,1053.0,1042.3876
6065,2023-10-21 14:30:00,825.0,458.95108
6066,2023-10-21 14:45:00,0.0,104.121315
6067,2023-10-21 15:00:00,0.0,-94.30914
6068,2023-10-21 15:15:00,0.0,-190.14339
6069,2023-10-21 15:30:00,0.0,-224.5697
6070,2023-10-21 15:45:00,0.0,-248.56458
6071,2023-10-21 16:00:00,0.0,-217.518
6072,2023-10-21 16:15:00,0.0,-181.15854
6073,2023-10-21 16:30:00,0.0,-172.60423
6074,2023-10-21 16:45:00,0.0,-145.90588
6075,2023-10-21 17:00:00,0.0,-114.97501
6076,2023-10-21 17:15:00,0.0,-83.92415
6077,2023-10-21 17:30:00,0.0,-52.52126
6078,2023-10-21 17:45:00,0.0,-27.2829
6079,2023-10-21 18:00:00,0.0,-3.3944554
6080,2023-10-21 18:15:00,0.0,17.347437
6081,2023-10-21 18:30:00,0.0,19.560057
6082,2023-10-21 18:45:00,0.0,19.903318
6083,2023-10-21 19:00:00,0.0,18.635872
6084,2023-10-21 19:15:00,0.0,16.170889
6085,2023-10-21 19:30:00,0.0,12.932447
6086,2023-10-21 19:45:00,0.0,9.159692
6087,2023-10-22 06:00:00,0.0,5.9443874
6088,2023-10-22 06:15:00,0.0,332.22083
6089,2023-10-22 06:30:00,0.0,352.91794
6090,2023-10-22 06:45:00,804.0,472.36346
6091,2023-10-22 07:00:00,893.0000000000001,602.307
6092,2023-10-22 07:15:00,824.0,729.58
6093,2023-10-22 07:30:00,1221.0,840.8388
6094,2023-10-22 07:45:00,1576.0,928.678
6095,2023-10-22 08:00:00,2718.0,1360.2123
6096,2023-10-22 08:15:00,3976.0,1802.4319
6097,2023-10-22 08:30:00,2435.0,2510.4768
6098,2023-10-22 08:45:00,2585.0,3053.9082
6099,2023-10-22 09:00:00,4484.0,3509.7866
6100,2023-10-22 09:15:00,5177.0,3882.8494
6101,2023-10-22 09:30:00,4049.0,4440.977
6102,2023-10-22 09:45:00,4015.9999999999995,4792.52
6103,2023-10-22 10:00:00,2932.0,5125.242
6104,2023-10-22 10:15:00,5286.0,5160.4067
6105,2023-10-22 10:30:00,5073.0,4901.159
6106,2023-10-22 10:45:00,5342.0,4983.935
6107,2023-10-22 11:00:00,6221.000000000001,4968.757
6108,2023-10-22 11:15:00,6659.999999999999,5330.9673
6109,2023-10-22 11:30:00,4424.0,5554.9307
6110,2023-10-22 11:45:00,5652.0,5519.7183
6111,2023-10-22 12:00:00,3362.0,5557.682
6112,2023-10-22 12:15:00,3769.0,5538.776
6113,2023-10-22 12:30:00,5733.0,5358.58
6114,2023-10-22 12:45:00,8246.0,4673.2275
6115,2023-10-22 13:00:00,7088.0,4278.214
6116,2023-10-22 13:15:00,4865.0,3313.5862
6117,2023-10-22 13:30:00,2875.0,2464.3562
6118,2023-10-22 13:45:00,1496.0,1653.221
6119,2023-10-22 14:00:00,992.0,1294.7273
6120,2023-10-22 14:15:00,770.0,923.2159
6121,2023-10-22 14:30:00,608.0,580.42084
6122,2023-10-22 14:45:00,0.0,268.67084
6123,2023-10-22 15:00:00,0.0,16.129076
6124,2023-10-22 15:15:00,0.0,-137.16383
6125,2023-10-22 15:30:00,0.0,-226.26436
6126,2023-10-22 15:45:00,0.0,-273.71896
6127,2023-10-22 16:00:00,0.0,-258.88562
6128,2023-10-22 16:15:00,0.0,-214.89966
6129,2023-10-22 16:30:00,0.0,-202.29675
6130,2023-10-22 16:45:00,0.0,-178.82611
6131,2023-10-22 17:00:00,0.0,-152.34824
6132,2023-10-22 17:15:00,0.0,-122.339714
6133,2023-10-22 17:30:00,0.0,-91.776726
6134,2023-10-22 17:45:00,0.0,-63.367023
6135,2023-10-22 18:00:00,0.0,-36.446064
6136,2023-10-22 18:15:00,0.0,-10.412429
6137,2023-10-22 18:30:00,0.0,1.1206876
6138,2023-10-22 18:45:00,0.0,11.465687
6139,2023-10-22 19:00:00,0.0,20.251541
6140,2023-10-22 19:15:00,0.0,27.188532
6141,2023-10-22 19:30:00,0.0,32.054543
6142,2023-10-22 19:45:00,0.0,34.705784
6143,2023-10-23 06:00:00,0.0,35.09433
6144,2023-10-23 06:15:00,0.0,388.94272
6145,2023-10-23 06:30:00,400.0,427.78452
6146,2023-10-23 06:45:00,0.0,561.48944
6147,2023-10-23 07:00:00,600.0,689.0915
6148,2023-10-23 07:15:00,997.0,790.6794
6149,2023-10-23 07:30:00,1699.0,850.95276
6150,2023-10-23 07:45:00,1786.0000000000002,1203.4598
6151,2023-10-23 08:00:00,2005.0,988.89813
6152,2023-10-23 08:15:00,2714.0,1412.8894
6153,2023-10-23 08:30:00,3331.0,1946.5762
6154,2023-10-23 08:45:00,4271.0,2349.6335
6155,2023-10-23 09:00:00,5192.0,2944.5522
6156,2023-10-23 09:15:00,5583.999999999999,3716.7837
6157,2023-10-23 09:30:00,5658.0,4727.9834
6158,2023-10-23 09:45:00,5971.000000000001,5660.576
6159,2023-10-23 10:00:00,4913.0,6438.334
6160,2023-10-23 10:15:00,4892.0,6724.56
6161,2023-10-23 10:30:00,6358.0,6599.871
6162,2023-10-23 10:45:00,5419.0,5994.329
6163,2023-10-23 11:00:00,4458.0,5462.0776
6164,2023-10-23 11:15:00,4241.0,4886.89
6165,2023-10-23 11:30:00,4895.0,4448.7095
6166,2023-10-23 11:45:00,4579.0,4155.1084
6167,2023-10-23 12:00:00,4355.0,3839.6777
6168,2023-10-23 12:15:00,3567.0,3556.5276
6169,2023-10-23 12:30:00,3272.0000000000005,3235.8774
6170,2023-10-23 12:45:00,2896.0,2857.8682
6171,2023-10-23 13:00:00,2426.0,2372.6826
6172,2023-10-23 13:15:00,2100.0,1910.6317
6173,2023-10-23 13:30:00,1764.0,1439.3817
6174,2023-10-23 13:45:00,1276.0,1024.6218
6175,2023-10-23 14:00:00,913.0,685.60034
6176,2023-10-23 14:15:00,1226.0,416.86453
6177,2023-10-23 14:30:00,1354.0,217.41025
6178,2023-10-23 14:45:00,0.0,68.09652
6179,2023-10-23 15:00:00,0.0,-39.32091
6180,2023-10-23 15:15:00,0.0,-115.46999
6181,2023-10-23 15:30:00,0.0,-159.85573
6182,2023-10-23 15:45:00,0.0,-187.69955
6183,2023-10-23 16:00:00,0.0,-201.34894
6184,2023-10-23 16:15:00,0.0,-169.8664
6185,2023-10-23 16:30:00,0.0,-169.79648
6186,2023-10-23 16:45:00,0.0,-150.60316
6187,2023-10-23 17:00:00,0.0,-125.992325
6188,2023-10-23 17:15:00,0.0,-102.57886
6189,2023-10-23 17:30:00,0.0,-84.445404
6190,2023-10-23 17:45:00,0.0,-71.901505
6191,2023-10-23 18:00:00,0.0,-61.40892
6192,2023-10-23 18:15:00,0.0,-50.562496
6193,2023-10-23 18:30:00,0.0,-52.06148
6194,2023-10-23 18:45:00,0.0,-52.882706
6195,2023-10-23 19:00:00,0.0,-53.034916
6196,2023-10-23 19:15:00,0.0,-52.614803
6197,2023-10-23 19:30:00,0.0,-51.642857
6198,2023-10-23 19:45:00,0.0,-50.03595
6199,2023-10-24 06:00:00,0.0,-47.717392
6200,2023-10-24 06:15:00,0.0,283.1236
6201,2023-10-24 06:30:00,0.0,317.00354
6202,2023-10-24 06:45:00,0.0,444.0177
6203,2023-10-24 07:00:00,0.0,569.58923
6204,2023-10-24 07:15:00,844.0,679.3069
6205,2023-10-24 07:30:00,1086.0,759.3327
6206,2023-10-24 07:45:00,2007.9999999999998,804.4332
6207,2023-10-24 08:00:00,1864.0000000000002,828.4911
6208,2023-10-24 08:15:00,1785.0,880.14764
6209,2023-10-24 08:30:00,2680.0,1536.3776
6210,2023-10-24 08:45:00,2009.9999999999998,1954.4501
6211,2023-10-24 09:00:00,2455.0,2484.884
6212,2023-10-24 09:15:00,3093.0,2884.8225
6213,2023-10-24 09:30:00,4453.0,3199.382
6214,2023-10-24 09:45:00,3314.0,3520.517
6215,2023-10-24 10:00:00,3592.0,3654.8867
6216,2023-10-24 10:15:00,3972.9999999999995,3822.583
6217,2023-10-24 10:30:00,3854.0,3925.6108
6218,2023-10-24 10:45:00,3311.0000000000005,4093.2632
6219,2023-10-24 11:00:00,2989.0,3870.4136
6220,2023-10-24 11:15:00,2963.0,3635.4685
6221,2023-10-24 11:30:00,2612.0,3291.9763
6222,2023-10-24 11:45:00,2590.0,2930.0513
6223,2023-10-24 12:00:00,1823.0000000000002,2483.3901
6224,2023-10-24 12:15:00,934.0000000000001,1990.308
6225,2023-10-24 12:30:00,0.0,1502.6329
6226,2023-10-24 12:45:00,1109.0,1056.5587
6227,2023-10-24 13:00:00,2589.0,758.98846
6228,2023-10-24 13:15:00,901.0,499.94022
6229,2023-10-24 13:30:00,1493.0,323.80978
6230,2023-10-24 13:45:00,793.0,142.9051
6231,2023-10-24 14:00:00,3649.0,155.00046
6232,2023-10-24 14:15:00,1295.0,180.26924
6233,2023-10-24 14:30:00,808.0,251.12904
6234,2023-10-24 14:45:00,0.0,293.9725
6235,2023-10-24 15:00:00,0.0,267.98447
6236,2023-10-24 15:15:00,0.0,293.42596
6237,2023-10-24 15:30:00,0.0,173.47107
6238,2023-10-24 15:45:00,0.0,30.139902
6239,2023-10-24 16:00:00,0.0,-156.27055
6240,2023-10-24 16:15:00,0.0,-211.0598
6241,2023-10-24 16:30:00,0.0,-229.31538
6242,2023-10-24 16:45:00,0.0,-220.3456
6243,2023-10-24 17:00:00,0.0,-206.84396
6244,2023-10-24 17:15:00,0.0,-195.88763
6245,2023-10-24 17:30:00,0.0,-191.13202
6246,2023-10-24 17:45:00,0.0,-187.84152
6247,2023-10-24 18:00:00,0.0,-189.05823
6248,2023-10-24 18:15:00,0.0,-191.61989
6249,2023-10-24 18:30:00,0.0,-195.04971
6250,2023-10-24 18:45:00,0.0,-193.78177
6251,2023-10-24 19:00:00,0.0,-186.60878
6252,2023-10-24 19:15:00,0.0,-172.38261
6253,2023-10-24 19:30:00,0.0,-150.79602
6254,2023-10-24 19:45:00,0.0,-123.728966
6255,2023-10-25 06:00:00,0.0,-93.77202
6256,2023-10-25 06:15:00,0.0,253.59998
6257,2023-10-25 06:30:00,642.0,339.254
6258,2023-10-25 06:45:00,901.0,545.68976
6259,2023-10-25 07:00:00,1830.0,768.2273
6260,2023-10-25 07:15:00,2811.0,977.5754
6261,2023-10-25 07:30:00,2077.0,1147.0194
6262,2023-10-25 07:45:00,1647.0,1722.7776
6263,2023-10-25 08:00:00,1826.0,2076.9158
6264,2023-10-25 08:15:00,1523.0000000000002,2362.2385
6265,2023-10-25 08:30:00,1348.0,2701.0552
6266,2023-10-25 08:45:00,1350.0,2437.6953
6267,2023-10-25 09:00:00,1563.0,2063.4912
6268,2023-10-25 09:15:00,1200.0,1732.255
6269,2023-10-25 09:30:00,1466.0,1554.928
6270,2023-10-25 09:45:00,1524.0,1478.7767
6271,2023-10-25 10:00:00,1488.0000000000002,1457.0122
6272,2023-10-25 10:15:00,2255.0,1500.5602
6273,2023-10-25 10:30:00,2242.0,1602.8103
6274,2023-10-25 10:45:00,2168.0,1812.1407
6275,2023-10-25 11:00:00,1399.0,1942.0742
6276,2023-10-25 11:15:00,1814.9999999999998,2002.7855
6277,2023-10-25 11:30:00,1076.0,2001.8435
6278,2023-10-25 11:45:00,945.0,1877.836
6279,2023-10-25 12:00:00,897.0,1679.2063
6280,2023-10-25 12:15:00,781.0000000000001,1428.9988
6281,2023-10-25 12:30:00,0.0,1201.8993
6282,2023-10-25 12:45:00,0.0,919.4527
6283,2023-10-25 13:00:00,0.0,711.5753
6284,2023-10-25 13:15:00,0.0,505.4663
6285,2023-10-25 13:30:00,0.0,340.2413
6286,2023-10-25 13:45:00,0.0,97.69219
6287,2023-10-25 14:00:00,0.0,-16.92468
6288,2023-10-25 14:15:00,0.0,-94.77503
6289,2023-10-25 14:30:00,0.0,-109.07111
6290,2023-10-25 14:45:00,0.0,-97.728714
6291,2023-10-25 15:00:00,0.0,-76.556465
6292,2023-10-25 15:15:00,0.0,-58.411938
6293,2023-10-25 15:30:00,0.0,-45.83779
6294,2023-10-25 15:45:00,0.0,-36.674297
6295,2023-10-25 16:00:00,0.0,-29.544107
6296,2023-10-25 16:15:00,0.0,-39.627487
6297,2023-10-25 16:30:00,0.0,-49.240677
6298,2023-10-25 16:45:00,0.0,-58.23163
6299,2023-10-25 17:00:00,0.0,-66.45358
6300,2023-10-25 17:15:00,0.0,-73.76111
6301,2023-10-25 17:30:00,0.0,-79.99604
6302,2023-10-25 17:45:00,0.0,-85.029465
6303,2023-10-25 18:00:00,0.0,-88.93394
6304,2023-10-25 18:15:00,0.0,-91.80267
6305,2023-10-25 18:30:00,0.0,-93.61683
6306,2023-10-25 18:45:00,0.0,-94.34765
6307,2023-10-25 19:00:00,0.0,-93.98604
6308,2023-10-25 19:15:00,0.0,-92.579765
6309,2023-10-25 19:30:00,0.0,-90.21329
6310,2023-10-25 19:45:00,0.0,-86.986084
6311,2023-10-26 06:00:00,0.0,-83.030045
6312,2023-10-26 06:15:00,0.0,242.78397
6313,2023-10-26 06:30:00,561.0,295.50522
6314,2023-10-26 06:45:00,784.0,432.8264
6315,2023-10-26 07:00:00,1114.0,564.555
6316,2023-10-26 07:15:00,1068.0,680.9963
6317,2023-10-26 07:30:00,1023.0,769.84924
6318,2023-10-26 07:45:00,1814.9999999999998,1233.3639
6319,2023-10-26 08:00:00,1413.0,1472.4458
6320,2023-10-26 08:15:00,1008.0000000000001,1650.0082
6321,2023-10-26 08:30:00,1047.0,1824.0421
6322,2023-10-26 08:45:00,1581.0,1875.0208
6323,2023-10-26 09:00:00,1976.0,1973.2375
6324,2023-10-26 09:15:00,2579.0,2071.8374
6325,2023-10-26 09:30:00,2044.0,2146.6714
6326,2023-10-26 09:45:00,2424.0,2197.5166
6327,2023-10-26 10:00:00,2832.0,2199.0515
6328,2023-10-26 10:15:00,2021.0,2193.8926
6329,2023-10-26 10:30:00,1871.0,2173.8386
6330,2023-10-26 10:45:00,1386.0,2146.6353
6331,2023-10-26 11:00:00,752.0,2005.0671
6332,2023-10-26 11:15:00,1512.9999999999998,1934.2343
6333,2023-10-26 11:30:00,1267.0,1714.6823
6334,2023-10-26 11:45:00,921.0,1572.8041
6335,2023-10-26 12:00:00,0.0,1393.4507
6336,2023-10-26 12:15:00,1629.0,1191.6354
6337,2023-10-26 12:30:00,2193.0,1024.8156
6338,2023-10-26 12:45:00,1608.0,855.22046
6339,2023-10-26 13:00:00,1355.0,697.1221
6340,2023-10-26 13:15:00,328.0,339.90085
6341,2023-10-26 13:30:00,266.0,350.6906
6342,2023-10-26 13:45:00,185.00000000000003,309.16467
6343,2023-10-26 14:00:00,0.0,274.7144
6344,2023-10-26 14:15:00,0.0,196.54077
6345,2023-10-26 14:30:00,0.0,71.28505
6346,2023-10-26 14:45:00,0.0,-36.72289
6347,2023-10-26 15:00:00,0.0,-125.29522
6348,2023-10-26 15:15:00,0.0,-194.54994
6349,2023-10-26 15:30:00,0.0,-174.15048
6350,2023-10-26 15:45:00,0.0,-184.25502
6351,2023-10-26 16:00:00,0.0,-169.19176
6352,2023-10-26 16:15:00,0.0,-148.18114
6353,2023-10-26 16:30:00,0.0,-129.96523
6354,2023-10-26 16:45:00,0.0,-118.56564
6355,2023-10-26 17:00:00,0.0,-114.03976
6356,2023-10-26 17:15:00,0.0,-111.18325
6357,2023-10-26 17:30:00,0.0,-107.89341
6358,2023-10-26 17:45:00,0.0,-111.8949
6359,2023-10-26 18:00:00,0.0,-114.533745
6360,2023-10-26 18:15:00,0.0,-115.983315
6361,2023-10-26 18:30:00,0.0,-116.41235
6362,2023-10-26 18:45:00,0.0,-115.97919
6363,2023-10-26 19:00:00,0.0,-114.80924
6364,2023-10-26 19:15:00,0.0,-113.01046
6365,2023-10-26 19:30:00,0.0,-110.66662
6366,2023-10-26 19:45:00,0.0,-107.83738
6367,2023-10-27 06:00:00,0.0,-104.566216
6368,2023-10-27 06:15:00,0.0,195.39926
6369,2023-10-27 06:30:00,0.0,211.34753
6370,2023-10-27 06:45:00,0.0,312.0116
6371,2023-10-27 07:00:00,0.0,407.17087
6372,2023-10-27 07:15:00,0.0,489.00784
6373,2023-10-27 07:30:00,0.0,545.6486
6374,2023-10-27 07:45:00,0.0,570.7562
6375,2023-10-27 08:00:00,0.0,572.85876
6376,2023-10-27 08:15:00,0.0,588.7753
6377,2023-10-27 08:30:00,1029.0,750.8326
6378,2023-10-27 08:45:00,997.0,765.16815
6379,2023-10-27 09:00:00,948.0,775.9503
6380,2023-10-27 09:15:00,997.0,783.0066
6381,2023-10-27 09:30:00,855.0000000000001,786.1474
6382,2023-10-27 09:45:00,1075.0,1182.5355
6383,2023-10-27 10:00:00,1299.0,1363.7803
6384,2023-10-27 10:15:00,1506.0,1434.376
6385,2023-10-27 10:30:00,1522.0,1418.1881
6386,2023-10-27 10:45:00,1599.0000000000002,1389.681
6387,2023-10-27 11:00:00,1651.0,1320.7095
6388,2023-10-27 11:15:00,1507.0,1306.236
6389,2023-10-27 11:30:00,1082.0,1292.334
6390,2023-10-27 11:45:00,831.0,1224.8727
6391,2023-10-27 12:00:00,983.0,1151.285
6392,2023-10-27 12:15:00,937.0,1020.7099
6393,2023-10-27 12:30:00,564.0,887.8883
6394,2023-10-27 12:45:00,0.0,732.4975
6395,2023-10-27 13:00:00,0.0,550.80945
6396,2023-10-27 13:15:00,0.0,412.2752
6397,2023-10-27 13:30:00,0.0,279.26654
6398,2023-10-27 13:45:00,0.0,166.21577
6399,2023-10-27 14:00:00,0.0,-11.781019
6400,2023-10-27 14:15:00,0.0,-62.93964
6401,2023-10-27 14:30:00,0.0,-110.65224
6402,2023-10-27 14:45:00,0.0,-116.09834
6403,2023-10-27 15:00:00,0.0,-103.70302
6404,2023-10-27 15:15:00,0.0,-86.55737
6405,2023-10-27 15:30:00,0.0,-73.44809
6406,2023-10-27 15:45:00,0.0,-64.81494
6407,2023-10-27 16:00:00,0.0,-57.44875
6408,2023-10-27 16:15:00,0.0,-50.14833
6409,2023-10-27 16:30:00,0.0,-55.406357
6410,2023-10-27 16:45:00,0.0,-59.691944
6411,2023-10-27 17:00:00,0.0,-63.052517
6412,2023-10-27 17:15:00,0.0,-65.53882
6413,2023-10-27 17:30:00,0.0,-67.18903
6414,2023-10-27 17:45:00,0.0,-68.04645
6415,2023-10-27 18:00:00,0.0,-68.145775
6416,2023-10-27 18:15:00,0.0,-67.52816
6417,2023-10-27 18:30:00,0.0,-66.22617
6418,2023-10-27 18:45:00,0.0,-64.318474
6419,2023-10-27 19:00:00,0.0,-61.93216
6420,2023-10-27 19:15:00,0.0,-59.18424
6421,2023-10-27 19:30:00,0.0,-56.182793
6422,2023-10-27 19:45:00,0.0,-53.01178
6423,2023-10-28 06:00:00,0.0,-49.7383
6424,2023-10-28 06:15:00,0.0,278.62695
6425,2023-10-28 06:30:00,0.0,323.83426
6426,2023-10-28 06:45:00,0.0,458.8762
6427,2023-10-28 07:00:00,795.0,589.7097
6428,2023-10-28 07:15:00,734.9999999999999,701.40283
6429,2023-10-28 07:30:00,845.0,777.5025
6430,2023-10-28 07:45:00,1477.9999999999998,809.71326
6431,2023-10-28 08:00:00,1553.0,807.8634
6432,2023-10-28 08:15:00,2204.0,1179.9188
6433,2023-10-28 08:30:00,1670.0,1618.0247
6434,2023-10-28 08:45:00,1189.0,1828.4061
6435,2023-10-28 09:00:00,1342.0,2030.3417
6436,2023-10-28 09:15:00,1929.9999999999998,2094.687
6437,2023-10-28 09:30:00,1408.0000000000002,2239.8508
6438,2023-10-28 09:45:00,1407.0,2277.7383
6439,2023-10-28 10:00:00,1593.0000000000002,2300.9
6440,2023-10-28 10:15:00,4101.0,2331.2537
6441,2023-10-28 10:30:00,5699.0,2449.351
6442,2023-10-28 10:45:00,4229.0,2462.2993
6443,2023-10-28 11:00:00,2595.0,2443.3188
6444,2023-10-28 11:15:00,2864.0,2371.7014
6445,2023-10-28 11:30:00,1886.0,2539.158
6446,2023-10-28 11:45:00,1873.0,2932.242
6447,2023-10-28 12:00:00,5918.0,3055.2598
6448,2023-10-28 12:15:00,6148.999999999999,3242.8313
6449,2023-10-28 12:30:00,6629.0,3250.1602
6450,2023-10-28 12:45:00,4776.0,3140.552
6451,2023-10-28 13:00:00,2304.0,2828.9023
6452,2023-10-28 13:15:00,3388.0,2502.0188
6453,2023-10-28 13:30:00,2027.0,2147.5352
6454,2023-10-28 13:45:00,2446.0,1547.1991
6455,2023-10-28 14:00:00,932.0000000000001,1039.6985
6456,2023-10-28 14:15:00,778.0000000000001,469.81683
6457,2023-10-28 14:30:00,551.0,169.77383
6458,2023-10-28 14:45:00,0.0,-85.96026
6459,2023-10-28 15:00:00,0.0,-203.07649
6460,2023-10-28 15:15:00,0.0,-299.78403
6461,2023-10-28 15:30:00,0.0,-341.94638
6462,2023-10-28 15:45:00,0.0,-373.4081
6463,2023-10-28 16:00:00,0.0,-313.3549
6464,2023-10-28 16:15:00,0.0,-252.6558
6465,2023-10-28 16:30:00,0.0,-243.04294
6466,2023-10-28 16:45:00,0.0,-224.97742
6467,2023-10-28 17:00:00,0.0,-201.08087
6468,2023-10-28 17:15:00,0.0,-178.36285
6469,2023-10-28 17:30:00,0.0,-154.91849
6470,2023-10-28 17:45:00,0.0,-135.82582
6471,2023-10-28 18:00:00,0.0,-117.292244
6472,2023-10-28 18:15:00,0.0,-97.57056
6473,2023-10-28 18:30:00,0.0,-84.94666
6474,2023-10-28 18:45:00,0.0,-71.48305
6475,2023-10-28 19:00:00,0.0,-57.5922
6476,2023-10-28 19:15:00,0.0,-43.41677
6477,2023-10-28 19:30:00,0.0,-29.085983
6478,2023-10-28 19:45:00,0.0,-14.70198
6479,2023-10-29 06:00:00,0.0,-0.33566087
6480,2023-10-29 06:15:00,0.0,352.4856
6481,2023-10-29 06:30:00,0.0,418.25266
6482,2023-10-29 06:45:00,0.0,591.1172
6483,2023-10-29 07:00:00,1475.9999999999998,772.76953
6484,2023-10-29 07:15:00,1631.0,942.23615
6485,2023-10-29 07:30:00,2523.0,1079.3125
6486,2023-10-29 07:45:00,2978.0,1171.2826
6487,2023-10-29 08:00:00,4641.0,1225.974
6488,2023-10-29 08:15:00,4146.0,1932.4169
6489,2023-10-29 08:30:00,8168.0,3153.7236
6490,2023-10-29 08:45:00,5295.0,4592.8467
6491,2023-10-29 09:00:00,3964.9999999999995,5305.7056
6492,2023-10-29 09:15:00,3200.0,5673.878
6493,2023-10-29 09:30:00,3785.0,5348.2583
6494,2023-10-29 09:45:00,4785.0,5094.4023
6495,2023-10-29 10:00:00,1996.0,4806.2544
6496,2023-10-29 10:15:00,1769.0,4901.3867
6497,2023-10-29 10:30:00,1840.0,4631.974
6498,2023-10-29 10:45:00,2973.0,4995.618
6499,2023-10-29 11:00:00,4898.0,4517.156
6500,2023-10-29 11:15:00,2046.0,4115.629
6501,2023-10-29 11:30:00,1832.0,3496.8484
6502,2023-10-29 11:45:00,1761.0,2774.7202
6503,2023-10-29 12:00:00,1310.0,2249.7031
6504,2023-10-29 12:15:00,1471.0,1760.9065
6505,2023-10-29 12:30:00,754.0,1348.5673
6506,2023-10-29 12:45:00,569.0,999.26196
6507,2023-10-29 13:00:00,283.0,707.82965
6508,2023-10-29 13:15:00,262.0,400.77762
6509,2023-10-29 13:30:00,0.0,195.79045
6510,2023-10-29 13:45:00,0.0,52.911793
6511,2023-10-29 14:00:00,0.0,-42.995003
6512,2023-10-29 14:15:00,0.0,-114.659515
6513,2023-10-29 14:30:00,0.0,-158.04951
6514,2023-10-29 14:45:00,0.0,-166.13644
6515,2023-10-29 15:00:00,0.0,-144.27386
6516,2023-10-29 15:15:00,0.0,-148.84883
6517,2023-10-29 15:30:00,0.0,-123.1226
6518,2023-10-29 15:45:00,0.0,-88.02116
6519,2023-10-29 16:00:00,0.0,-55.12309
6520,2023-10-29 16:15:00,0.0,-28.946497
6521,2023-10-29 16:30:00,0.0,-11.769285
6522,2023-10-29 16:45:00,0.0,-1.4710574
6523,2023-10-29 17:00:00,0.0,7.1741524
6524,2023-10-29 17:15:00,0.0,-2.6183534
6525,2023-10-29 17:30:00,0.0,-12.096683
6526,2023-10-29 17:45:00,0.0,-20.720903
6527,2023-10-29 18:00:00,0.0,-28.248896
6528,2023-10-29 18:15:00,0.0,-34.669422
6529,2023-10-29 18:30:00,0.0,-40.01339
6530,2023-10-29 18:45:00,0.0,-44.171883
6531,2023-10-29 19:00:00,0.0,-47.057972
6532,2023-10-29 19:15:00,0.0,-48.78569
6533,2023-10-29 19:30:00,0.0,-49.490067
6534,2023-10-29 19:45:00,0.0,-49.273235
6535,2023-10-30 06:00:00,0.0,-48.260136
6536,2023-10-30 06:15:00,0.0,260.99048
6537,2023-10-30 06:30:00,578.0,293.9606
6538,2023-10-30 06:45:00,765.0,413.25308
6539,2023-10-30 07:00:00,1184.0,530.84314
6540,2023-10-30 07:15:00,1580.0,636.1506
6541,2023-10-30 07:30:00,2280.0,716.6317
6542,2023-10-30 07:45:00,2511.0,1061.2468
6543,2023-10-30 08:00:00,3384.0,1376.9023
6544,2023-10-30 08:15:00,3099.9999999999995,1830.6929
6545,2023-10-30 08:30:00,3075.0,2494.708
6546,2023-10-30 08:45:00,3214.0,3058.4783
6547,2023-10-30 09:00:00,3777.9999999999995,3608.183
6548,2023-10-30 09:15:00,3598.9999999999995,4209.622
6549,2023-10-30 09:30:00,4125.0,4875.436
6550,2023-10-30 09:45:00,8329.0,5557.9336
6551,2023-10-30 10:00:00,6451.0,6111.646
6552,2023-10-30 10:15:00,4585.0,6423.478
6553,2023-10-30 10:30:00,1717.0,6246.586
6554,2023-10-30 10:45:00,1722.0,5686.933
6555,2023-10-30 11:00:00,1877.0,4919.502
6556,2023-10-30 11:15:00,2780.0,4073.6514
6557,2023-10-30 11:30:00,2033.0,3367.387
6558,2023-10-30 11:45:00,1561.0,2564.2224
6559,2023-10-30 12:00:00,1541.0,2093.6238
6560,2023-10-30 12:15:00,803.0,1401.5758
6561,2023-10-30 12:30:00,674.0,1071.6896
6562,2023-10-30 12:45:00,666.0,731.5348
6563,2023-10-30 13:00:00,195.00000000000003,525.86066
6564,2023-10-30 13:15:00,84.4,358.43393
6565,2023-10-30 13:30:00,0.0,267.67395
6566,2023-10-30 13:45:00,0.0,159.15433
6567,2023-10-30 14:00:00,0.0,48.44375
6568,2023-10-30 14:15:00,0.0,-38.495064
6569,2023-10-30 14:30:00,0.0,-117.479164
6570,2023-10-30 14:45:00,0.0,-155.11748
6571,2023-10-30 15:00:00,0.0,-149.53172
6572,2023-10-30 15:15:00,0.0,-175.17085
6573,2023-10-30 15:30:00,0.0,-172.65315
6574,2023-10-30 15:45:00,0.0,-160.66273
6575,2023-10-30 16:00:00,0.0,-143.5946
6576,2023-10-30 16:15:00,0.0,-128.53201
6577,2023-10-30 16:30:00,0.0,-118.49937
6578,2023-10-30 16:45:00,0.0,-108.34939
6579,2023-10-30 17:00:00,0.0,-98.11809
6580,2023-10-30 17:15:00,0.0,-99.48255
6581,2023-10-30 17:30:00,0.0,-99.18176
6582,2023-10-30 17:45:00,0.0,-97.29125
6583,2023-10-30 18:00:00,0.0,-93.804245
6584,2023-10-30 18:15:00,0.0,-88.704384
6585,2023-10-30 18:30:00,0.0,-82.18585
6586,2023-10-30 18:45:00,0.0,-74.61175
6587,2023-10-30 19:00:00,0.0,-66.2941
6588,2023-10-30 19:15:00,0.0,-57.44131
6589,2023-10-30 19:30:00,0.0,-48.196674
6590,2023-10-30 19:45:00,0.0,-38.65422
6591,2023-10-31 06:00:00,0.0,-28.88799
6592,2023-10-31 06:15:00,0.0,308.51865
6593,2023-10-31 06:30:00,0.0,367.47397
6594,2023-10-31 06:45:00,2721.0,538.20636
6595,2023-10-31 07:00:00,2379.0,725.368
6596,2023-10-31 07:15:00,1629.0,904.3737
6597,2023-10-31 07:30:00,1422.0,1053.2498
6598,2023-10-31 07:45:00,2138.0,1158.115
6599,2023-10-31 08:00:00,3017.9999999999995,1816.6553
6600,2023-10-31 08:15:00,2811.0,2534.1045
6601,2023-10-31 08:30:00,5387.0,3390.502
6602,2023-10-31 08:45:00,6143.000000000001,3746.2073
6603,2023-10-31 09:00:00,3200.0,3992.1328
6604,2023-10-31 09:15:00,2745.0,4059.2327
6605,2023-10-31 09:30:00,2151.0,3948.9136
6606,2023-10-31 09:45:00,1020.0,3766.585
6607,2023-10-31 10:00:00,2301.0,3457.7617
6608,2023-10-31 10:15:00,3130.9999999999995,3394.6313
6609,2023-10-31 10:30:00,3117.0,3118.8438
6610,2023-10-31 10:45:00,1753.0000000000002,3129.672
6611,2023-10-31 11:00:00,4160.0,2786.5393
6612,2023-10-31 11:15:00,1715.0,2615.3015
6613,2023-10-31 11:30:00,462.99999999999994,2208.159
6614,2023-10-31 11:45:00,651.0,1942.443
6615,2023-10-31 12:00:00,586.0,1657.8594
6616,2023-10-31 12:15:00,460.0,1482.0972
6617,2023-10-31 12:30:00,1029.0,1245.8267
6618,2023-10-31 12:45:00,558.0,969.66565
6619,2023-10-31 13:00:00,463.99999999999994,675.65247
6620,2023-10-31 13:15:00,0.0,418.66745
6621,2023-10-31 13:30:00,54.20000000000001,206.88345
6622,2023-10-31 13:45:00,0.0,66.93137
6623,2023-10-31 14:00:00,0.0,6.295088
6624,2023-10-31 14:15:00,0.0,-50.548447
6625,2023-10-31 14:30:00,0.0,-98.1837
6626,2023-10-31 14:45:00,0.0,-78.5539
6627,2023-10-31 15:00:00,0.0,-165.1354
6628,2023-10-31 15:15:00,0.0,-122.2551
6629,2023-10-31 15:30:00,0.0,-126.33443
6630,2023-10-31 15:45:00,0.0,-109.070786
6631,2023-10-31 16:00:00,0.0,-84.850975
6632,2023-10-31 16:15:00,0.0,-63.318436
6633,2023-10-31 16:30:00,0.0,-39.027065
6634,2023-10-31 16:45:00,0.0,-16.195183
6635,2023-10-31 17:00:00,0.0,-22.231627
6636,2023-10-31 17:15:00,0.0,-6.2438545
6637,2023-10-31 17:30:00,0.0,-10.229146
6638,2023-10-31 17:45:00,0.0,-14.236749
6639,2023-10-31 18:00:00,0.0,-18.159733
6640,2023-10-31 18:15:00,0.0,-21.884396
6641,2023-10-31 18:30:00,0.0,-25.299015
6642,2023-10-31 18:45:00,0.0,-28.28823
